2026-05-03 16:27:48.852 -05:00 [INF] Executed DbCommand (9ms) [Parameters=[], CommandType='"Text"', CommandTimeout='30']
CREATE DATABASE `student_registration_dev`;
2026-05-03 16:27:49.151 -05:00 [INF] Executed DbCommand (9ms) [Parameters=[], CommandType='"Text"', CommandTimeout='30']
ALTER DATABASE CHARACTER SET utf8mb4;
2026-05-03 16:27:49.199 -05:00 [INF] Executed DbCommand (40ms) [Parameters=[], CommandType='"Text"', CommandTimeout='30']
CREATE TABLE `professors` (
    `professor_id` char(36) COLLATE ascii_general_ci NOT NULL,
    `full_name` varchar(150) CHARACTER SET utf8mb4 NOT NULL,
    CONSTRAINT `PK_professors` PRIMARY KEY (`professor_id`)
) CHARACTER SET=utf8mb4;
2026-05-03 16:27:49.234 -05:00 [INF] Executed DbCommand (25ms) [Parameters=[], CommandType='"Text"', CommandTimeout='30']
CREATE TABLE `students` (
    `student_id` char(36) COLLATE ascii_general_ci NOT NULL,
    `full_name` varchar(150) CHARACTER SET utf8mb4 NOT NULL,
    `email` varchar(255) CHARACTER SET utf8mb4 NOT NULL,
    `document_number` varchar(20) CHARACTER SET utf8mb4 NOT NULL,
    `created_at` datetime(6) NOT NULL,
    `updated_at` datetime(6) NULL,
    `is_active` tinyint(1) NOT NULL DEFAULT TRUE,
    CONSTRAINT `PK_students` PRIMARY KEY (`student_id`)
) CHARACTER SET=utf8mb4;
2026-05-03 16:27:49.281 -05:00 [INF] Executed DbCommand (41ms) [Parameters=[], CommandType='"Text"', CommandTimeout='30']
CREATE TABLE `subjects` (
    `subject_id` char(36) COLLATE ascii_general_ci NOT NULL,
    `name` varchar(100) CHARACTER SET utf8mb4 NOT NULL,
    `credits` int NOT NULL DEFAULT 3,
    `professor_id` char(36) COLLATE ascii_general_ci NOT NULL,
    CONSTRAINT `PK_subjects` PRIMARY KEY (`subject_id`),
    CONSTRAINT `FK_subjects_professors_professor_id` FOREIGN KEY (`professor_id`) REFERENCES `professors` (`professor_id`) ON DELETE RESTRICT
) CHARACTER SET=utf8mb4;
2026-05-03 16:27:49.325 -05:00 [INF] Executed DbCommand (42ms) [Parameters=[], CommandType='"Text"', CommandTimeout='30']
CREATE TABLE `enrollments` (
    `enrollment_id` char(36) COLLATE ascii_general_ci NOT NULL,
    `student_id` char(36) COLLATE ascii_general_ci NOT NULL,
    `subject_id` char(36) COLLATE ascii_general_ci NOT NULL,
    `professor_id` char(36) COLLATE ascii_general_ci NOT NULL,
    `enrolled_at` datetime(6) NOT NULL,
    `is_active` tinyint(1) NOT NULL DEFAULT TRUE,
    CONSTRAINT `PK_enrollments` PRIMARY KEY (`enrollment_id`),
    CONSTRAINT `FK_enrollments_students_student_id` FOREIGN KEY (`student_id`) REFERENCES `students` (`student_id`) ON DELETE CASCADE,
    CONSTRAINT `FK_enrollments_subjects_subject_id` FOREIGN KEY (`subject_id`) REFERENCES `subjects` (`subject_id`) ON DELETE RESTRICT
) CHARACTER SET=utf8mb4;
2026-05-03 16:27:49.355 -05:00 [INF] Executed DbCommand (26ms) [Parameters=[], CommandType='"Text"', CommandTimeout='30']
CREATE INDEX `idx_enrollments_student` ON `enrollments` (`student_id`);
2026-05-03 16:27:49.377 -05:00 [INF] Executed DbCommand (18ms) [Parameters=[], CommandType='"Text"', CommandTimeout='30']
CREATE INDEX `idx_enrollments_subject` ON `enrollments` (`subject_id`);
2026-05-03 16:27:49.396 -05:00 [INF] Executed DbCommand (16ms) [Parameters=[], CommandType='"Text"', CommandTimeout='30']
CREATE INDEX `uq_student_subject_active` ON `enrollments` (`student_id`, `subject_id`, `is_active`);
2026-05-03 16:27:49.417 -05:00 [INF] Executed DbCommand (18ms) [Parameters=[], CommandType='"Text"', CommandTimeout='30']
CREATE UNIQUE INDEX `idx_students_document` ON `students` (`document_number`);
2026-05-03 16:27:49.437 -05:00 [INF] Executed DbCommand (17ms) [Parameters=[], CommandType='"Text"', CommandTimeout='30']
CREATE UNIQUE INDEX `idx_students_email` ON `students` (`email`);
2026-05-03 16:27:49.456 -05:00 [INF] Executed DbCommand (16ms) [Parameters=[], CommandType='"Text"', CommandTimeout='30']
CREATE UNIQUE INDEX `IX_subjects_name` ON `subjects` (`name`);
2026-05-03 16:27:49.481 -05:00 [INF] Executed DbCommand (23ms) [Parameters=[], CommandType='"Text"', CommandTimeout='30']
CREATE INDEX `IX_subjects_professor_id` ON `subjects` (`professor_id`);
2026-05-03 16:27:49.643 -05:00 [INF] Executed DbCommand (8ms) [Parameters=[], CommandType='"Text"', CommandTimeout='30']
SELECT EXISTS (
    SELECT 1
    FROM `professors` AS `p`)
2026-05-03 16:27:49.848 -05:00 [INF] Executed DbCommand (29ms) [Parameters=[@p0='?' (DbType = Guid), @p1='?' (Size = 150), @p2='?' (DbType = Guid), @p3='?' (Size = 150), @p4='?' (DbType = Guid), @p5='?' (Size = 150), @p6='?' (DbType = Guid), @p7='?' (Size = 150), @p8='?' (DbType = Guid), @p9='?' (Size = 150), @p10='?' (DbType = Guid), @p11='?' (DbType = Int32), @p12='?' (Size = 100), @p13='?' (DbType = Guid), @p14='?' (DbType = Guid), @p15='?' (DbType = Int32), @p16='?' (Size = 100), @p17='?' (DbType = Guid), @p18='?' (DbType = Guid), @p19='?' (DbType = Int32), @p20='?' (Size = 100), @p21='?' (DbType = Guid), @p22='?' (DbType = Guid), @p23='?' (DbType = Int32), @p24='?' (Size = 100), @p25='?' (DbType = Guid), @p26='?' (DbType = Guid), @p27='?' (DbType = Int32), @p28='?' (Size = 100), @p29='?' (DbType = Guid), @p30='?' (DbType = Guid), @p31='?' (DbType = Int32), @p32='?' (Size = 100), @p33='?' (DbType = Guid), @p34='?' (DbType = Guid), @p35='?' (DbType = Int32), @p36='?' (Size = 100), @p37='?' (DbType = Guid), @p38='?' (DbType = Guid), @p39='?' (DbType = Int32), @p40='?' (Size = 100), @p41='?' (DbType = Guid), @p42='?' (DbType = Guid), @p43='?' (DbType = Int32), @p44='?' (Size = 100), @p45='?' (DbType = Guid), @p46='?' (DbType = Guid), @p47='?' (DbType = Int32), @p48='?' (Size = 100), @p49='?' (DbType = Guid)], CommandType='"Text"', CommandTimeout='30']
INSERT INTO `professors` (`professor_id`, `full_name`)
VALUES (@p0, @p1),
(@p2, @p3),
(@p4, @p5),
(@p6, @p7),
(@p8, @p9);
INSERT INTO `subjects` (`subject_id`, `credits`, `name`, `professor_id`)
VALUES (@p10, @p11, @p12, @p13),
(@p14, @p15, @p16, @p17),
(@p18, @p19, @p20, @p21),
(@p22, @p23, @p24, @p25),
(@p26, @p27, @p28, @p29),
(@p30, @p31, @p32, @p33),
(@p34, @p35, @p36, @p37),
(@p38, @p39, @p40, @p41),
(@p42, @p43, @p44, @p45),
(@p46, @p47, @p48, @p49);
2026-05-03 16:27:50.177 -05:00 [INF] Now listening on: https://localhost:7082
2026-05-03 16:27:50.178 -05:00 [INF] Now listening on: http://localhost:5006
2026-05-03 16:27:50.219 -05:00 [INF] Application started. Press Ctrl+C to shut down.
2026-05-03 16:27:50.220 -05:00 [INF] Hosting environment: Development
2026-05-03 16:27:50.221 -05:00 [INF] Content root path: C:\Users\VALERIA\source\repos\StudentRegistration.API\StudentRegistration.API
2026-05-03 16:27:51.070 -05:00 [INF] Request starting HTTP/2 GET https://localhost:7082/ - null null
2026-05-03 16:27:51.167 -05:00 [INF] Executing endpoint 'HTTP: GET /'
2026-05-03 16:27:51.179 -05:00 [INF] Executing RedirectResult, redirecting to /swagger.
2026-05-03 16:27:51.180 -05:00 [INF] Executed endpoint 'HTTP: GET /'
2026-05-03 16:27:51.182 -05:00 [INF] HTTP GET / responded 302 in 17.5527 ms
2026-05-03 16:27:51.187 -05:00 [INF] Request finished HTTP/2 GET https://localhost:7082/ - 302 0 null 122.3736ms
2026-05-03 16:27:51.191 -05:00 [INF] Request starting HTTP/2 GET https://localhost:7082/swagger - null null
2026-05-03 16:27:51.198 -05:00 [INF] HTTP GET /swagger responded 301 in 0.6366 ms
2026-05-03 16:27:51.199 -05:00 [INF] Request finished HTTP/2 GET https://localhost:7082/swagger - 301 0 null 8.3038ms
2026-05-03 16:27:51.202 -05:00 [INF] Request starting HTTP/2 GET https://localhost:7082/swagger/index.html - null null
2026-05-03 16:27:51.248 -05:00 [INF] HTTP GET /swagger/index.html responded 200 in 41.6700 ms
2026-05-03 16:27:51.249 -05:00 [INF] Request finished HTTP/2 GET https://localhost:7082/swagger/index.html - 200 null text/html;charset=utf-8 47.2819ms
2026-05-03 16:27:51.257 -05:00 [INF] Request starting HTTP/2 GET https://localhost:7082/swagger/index.css - null null
2026-05-03 16:27:51.257 -05:00 [INF] Request starting HTTP/2 GET https://localhost:7082/swagger/swagger-ui.css - null null
2026-05-03 16:27:51.258 -05:00 [INF] Request starting HTTP/2 GET https://localhost:7082/swagger/swagger-ui-standalone-preset.js - null null
2026-05-03 16:27:51.258 -05:00 [INF] Request starting HTTP/2 GET https://localhost:7082/swagger/swagger-ui-bundle.js - null null
2026-05-03 16:27:51.258 -05:00 [INF] Request starting HTTP/2 GET https://localhost:7082/swagger/index.js - null null
2026-05-03 16:27:51.278 -05:00 [INF] Sending file. Request path: '/index.css'. Physical path: 'N/A'
2026-05-03 16:27:51.289 -05:00 [INF] HTTP GET /swagger/index.js responded 200 in 1.1510 ms
2026-05-03 16:27:51.291 -05:00 [INF] HTTP GET /swagger/index.css responded 200 in 26.1802 ms
2026-05-03 16:27:51.301 -05:00 [INF] Request finished HTTP/2 GET https://localhost:7082/swagger/index.js - 200 null application/javascript;charset=utf-8 42.7243ms
2026-05-03 16:27:51.313 -05:00 [INF] Sending file. Request path: '/swagger-ui-standalone-preset.js'. Physical path: 'N/A'
2026-05-03 16:27:51.308 -05:00 [INF] Request finished HTTP/2 GET https://localhost:7082/swagger/index.css - 200 202 text/css 51.2246ms
2026-05-03 16:27:51.317 -05:00 [INF] HTTP GET /swagger/swagger-ui-standalone-preset.js responded 200 in 45.6042 ms
2026-05-03 16:27:51.297 -05:00 [INF] Request starting HTTP/2 GET https://localhost:7082/_vs/browserLink - null null
2026-05-03 16:27:51.259 -05:00 [INF] Request starting HTTP/2 GET https://localhost:7082/_framework/aspnetcore-browser-refresh.js - null null
2026-05-03 16:27:51.325 -05:00 [INF] Request finished HTTP/2 GET https://localhost:7082/swagger/swagger-ui-standalone-preset.js - 200 230293 text/javascript 67.1521ms
2026-05-03 16:27:51.323 -05:00 [INF] Sending file. Request path: '/swagger-ui-bundle.js'. Physical path: 'N/A'
2026-05-03 16:27:51.313 -05:00 [INF] Sending file. Request path: '/swagger-ui.css'. Physical path: 'N/A'
2026-05-03 16:27:51.338 -05:00 [INF] Request finished HTTP/2 GET https://localhost:7082/_framework/aspnetcore-browser-refresh.js - 200 16531 application/javascript; charset=utf-8 79.9003ms
2026-05-03 16:27:51.343 -05:00 [INF] HTTP GET /swagger/swagger-ui-bundle.js responded 200 in 63.7173 ms
2026-05-03 16:27:51.345 -05:00 [INF] HTTP GET /swagger/swagger-ui.css responded 200 in 76.8950 ms
2026-05-03 16:27:51.352 -05:00 [INF] Request finished HTTP/2 GET https://localhost:7082/swagger/swagger-ui-bundle.js - 200 1452753 text/javascript 95.4824ms
2026-05-03 16:27:51.355 -05:00 [INF] Request finished HTTP/2 GET https://localhost:7082/swagger/swagger-ui.css - 200 152034 text/css 98.439ms
2026-05-03 16:27:51.375 -05:00 [INF] Request finished HTTP/2 GET https://localhost:7082/_vs/browserLink - 200 null text/javascript; charset=UTF-8 78.2923ms
2026-05-03 16:27:51.546 -05:00 [INF] Request starting HTTP/2 GET https://localhost:7082/swagger/v1/swagger.json - null null
2026-05-03 16:27:51.562 -05:00 [INF] Request starting HTTP/2 GET https://localhost:7082/swagger/favicon-32x32.png - null null
2026-05-03 16:27:51.565 -05:00 [INF] Sending file. Request path: '/favicon-32x32.png'. Physical path: 'N/A'
2026-05-03 16:27:51.566 -05:00 [INF] HTTP GET /swagger/favicon-32x32.png responded 200 in 1.7459 ms
2026-05-03 16:27:51.569 -05:00 [INF] Request finished HTTP/2 GET https://localhost:7082/swagger/favicon-32x32.png - 200 628 image/png 7.1168ms
2026-05-03 16:27:51.573 -05:00 [INF] HTTP GET /swagger/v1/swagger.json responded 200 in 24.3910 ms
2026-05-03 16:27:51.576 -05:00 [INF] Request finished HTTP/2 GET https://localhost:7082/swagger/v1/swagger.json - 200 null application/json;charset=utf-8 30.5437ms
2026-05-03 16:28:22.886 -05:00 [INF] Request starting HTTP/2 GET https://localhost:7082/ - null null
2026-05-03 16:28:22.892 -05:00 [INF] Executing endpoint 'HTTP: GET /'
2026-05-03 16:28:22.894 -05:00 [INF] Executing RedirectResult, redirecting to /swagger.
2026-05-03 16:28:22.895 -05:00 [INF] Executed endpoint 'HTTP: GET /'
2026-05-03 16:28:22.896 -05:00 [INF] HTTP GET / responded 302 in 4.4716 ms
2026-05-03 16:28:22.897 -05:00 [INF] Request finished HTTP/2 GET https://localhost:7082/ - 302 0 null 12.1196ms
2026-05-03 16:28:22.900 -05:00 [INF] Request starting HTTP/2 GET https://localhost:7082/swagger/index.html - null null
2026-05-03 16:28:22.902 -05:00 [INF] HTTP GET /swagger/index.html responded 200 in 0.2717 ms
2026-05-03 16:28:22.904 -05:00 [INF] Request finished HTTP/2 GET https://localhost:7082/swagger/index.html - 200 null text/html;charset=utf-8 4.403ms
2026-05-03 16:29:39.743 -05:00 [INF] Request starting HTTP/2 POST https://localhost:7082/api/v1/students - application/json 200
2026-05-03 16:29:39.751 -05:00 [INF] Executing endpoint 'StudentRegistration.Presentation.Controllers.StudentsController.Register (StudentRegistration.Presentation)'
2026-05-03 16:29:39.768 -05:00 [INF] Route matched with {action = "Register", controller = "Students"}. Executing controller action with signature System.Threading.Tasks.Task`1[Microsoft.AspNetCore.Mvc.IActionResult] Register(StudentRegistration.Application.Commands.RegisterStudentCommand, System.Threading.CancellationToken) on controller StudentRegistration.Presentation.Controllers.StudentsController (StudentRegistration.Presentation).
2026-05-03 16:29:39.883 -05:00 [INF] Executing BadRequestObjectResult, writing value of type 'Microsoft.AspNetCore.Mvc.ValidationProblemDetails'.
2026-05-03 16:29:39.896 -05:00 [INF] Executed action StudentRegistration.Presentation.Controllers.StudentsController.Register (StudentRegistration.Presentation) in 123.2999ms
2026-05-03 16:29:39.897 -05:00 [INF] Executed endpoint 'StudentRegistration.Presentation.Controllers.StudentsController.Register (StudentRegistration.Presentation)'
2026-05-03 16:29:39.898 -05:00 [INF] HTTP POST /api/v1/students responded 400 in 146.2567 ms
2026-05-03 16:29:39.900 -05:00 [INF] Request finished HTTP/2 POST https://localhost:7082/api/v1/students - 400 null application/json; charset=utf-8 156.5179ms
2026-05-03 16:32:27.643 -05:00 [INF] Request starting HTTP/2 POST https://localhost:7082/api/v1/students - application/json 199
2026-05-03 16:32:27.649 -05:00 [INF] Executing endpoint 'StudentRegistration.Presentation.Controllers.StudentsController.Register (StudentRegistration.Presentation)'
2026-05-03 16:32:27.650 -05:00 [INF] Route matched with {action = "Register", controller = "Students"}. Executing controller action with signature System.Threading.Tasks.Task`1[Microsoft.AspNetCore.Mvc.IActionResult] Register(StudentRegistration.Application.Commands.RegisterStudentCommand, System.Threading.CancellationToken) on controller StudentRegistration.Presentation.Controllers.StudentsController (StudentRegistration.Presentation).
2026-05-03 16:32:27.655 -05:00 [INF] Executing BadRequestObjectResult, writing value of type 'Microsoft.AspNetCore.Mvc.ValidationProblemDetails'.
2026-05-03 16:32:27.656 -05:00 [INF] Executed action StudentRegistration.Presentation.Controllers.StudentsController.Register (StudentRegistration.Presentation) in 4.6334ms
2026-05-03 16:32:27.660 -05:00 [INF] Executed endpoint 'StudentRegistration.Presentation.Controllers.StudentsController.Register (StudentRegistration.Presentation)'
2026-05-03 16:32:27.661 -05:00 [INF] HTTP POST /api/v1/students responded 400 in 12.4045 ms
2026-05-03 16:32:27.662 -05:00 [INF] Request finished HTTP/2 POST https://localhost:7082/api/v1/students - 400 null application/json; charset=utf-8 20.4603ms
2026-05-03 16:32:40.630 -05:00 [INF] Request starting HTTP/2 POST https://localhost:7082/api/v1/students - application/json 99
2026-05-03 16:32:40.632 -05:00 [INF] Executing endpoint 'StudentRegistration.Presentation.Controllers.StudentsController.Register (StudentRegistration.Presentation)'
2026-05-03 16:32:40.633 -05:00 [INF] Route matched with {action = "Register", controller = "Students"}. Executing controller action with signature System.Threading.Tasks.Task`1[Microsoft.AspNetCore.Mvc.IActionResult] Register(StudentRegistration.Application.Commands.RegisterStudentCommand, System.Threading.CancellationToken) on controller StudentRegistration.Presentation.Controllers.StudentsController (StudentRegistration.Presentation).
2026-05-03 16:32:40.663 -05:00 [INF] Registering student with email pedro123@gmail.com
2026-05-03 16:32:40.738 -05:00 [INF] Executed DbCommand (2ms) [Parameters=[@__email_0='?' (Size = 255)], CommandType='"Text"', CommandTimeout='30']
SELECT `s`.`student_id`, `s`.`created_at`, `s`.`document_number`, `s`.`email`, `s`.`full_name`, `s`.`is_active`, `s`.`updated_at`
FROM `students` AS `s`
WHERE `s`.`email` = @__email_0
LIMIT 1
2026-05-03 16:32:40.749 -05:00 [INF] Executed DbCommand (1ms) [Parameters=[@__documentNumber_0='?' (Size = 20)], CommandType='"Text"', CommandTimeout='30']
SELECT `s`.`student_id`, `s`.`created_at`, `s`.`document_number`, `s`.`email`, `s`.`full_name`, `s`.`is_active`, `s`.`updated_at`
FROM `students` AS `s`
WHERE `s`.`document_number` = @__documentNumber_0
LIMIT 1
2026-05-03 16:32:40.785 -05:00 [INF] Executed DbCommand (2ms) [Parameters=[@p0='?' (DbType = Guid), @p1='?' (DbType = DateTime), @p2='?' (Size = 20), @p3='?' (Size = 255), @p4='?' (Size = 150), @p5='?' (DbType = DateTime)], CommandType='"Text"', CommandTimeout='30']
INSERT INTO `students` (`student_id`, `created_at`, `document_number`, `email`, `full_name`, `updated_at`)
VALUES (@p0, @p1, @p2, @p3, @p4, @p5);
SELECT `is_active`
FROM `students`
WHERE ROW_COUNT() = 1 AND `student_id` = @p0;
2026-05-03 16:32:40.823 -05:00 [INF] Student "78b82ddc-83fd-4529-9765-b4889ffe700c" registered successfully
2026-05-03 16:32:40.833 -05:00 [INF] Executing CreatedAtActionResult, writing value of type 'StudentRegistration.Application.DTOs.StudentDto'.
2026-05-03 16:32:40.855 -05:00 [INF] Executed action StudentRegistration.Presentation.Controllers.StudentsController.Register (StudentRegistration.Presentation) in 219.1794ms
2026-05-03 16:32:40.857 -05:00 [INF] Executed endpoint 'StudentRegistration.Presentation.Controllers.StudentsController.Register (StudentRegistration.Presentation)'
2026-05-03 16:32:40.858 -05:00 [INF] HTTP POST /api/v1/students responded 201 in 226.1686 ms
2026-05-03 16:32:40.861 -05:00 [INF] Request finished HTTP/2 POST https://localhost:7082/api/v1/students - 201 null application/json; charset=utf-8 232.0888ms
2026-05-03 16:33:06.238 -05:00 [INF] Request starting HTTP/2 POST https://localhost:7082/api/v1/students - application/json 99
2026-05-03 16:33:06.243 -05:00 [INF] Executing endpoint 'StudentRegistration.Presentation.Controllers.StudentsController.Register (StudentRegistration.Presentation)'
2026-05-03 16:33:06.244 -05:00 [INF] Route matched with {action = "Register", controller = "Students"}. Executing controller action with signature System.Threading.Tasks.Task`1[Microsoft.AspNetCore.Mvc.IActionResult] Register(StudentRegistration.Application.Commands.RegisterStudentCommand, System.Threading.CancellationToken) on controller StudentRegistration.Presentation.Controllers.StudentsController (StudentRegistration.Presentation).
2026-05-03 16:33:06.247 -05:00 [INF] Registering student with email pedro123@gmail.com
2026-05-03 16:33:06.282 -05:00 [INF] Executed DbCommand (2ms) [Parameters=[@__email_0='?' (Size = 255)], CommandType='"Text"', CommandTimeout='30']
SELECT `s`.`student_id`, `s`.`created_at`, `s`.`document_number`, `s`.`email`, `s`.`full_name`, `s`.`is_active`, `s`.`updated_at`
FROM `students` AS `s`
WHERE `s`.`email` = @__email_0
LIMIT 1
2026-05-03 16:33:06.290 -05:00 [WRN] Email pedro123@gmail.com already exists
2026-05-03 16:33:06.338 -05:00 [INF] Executed action StudentRegistration.Presentation.Controllers.StudentsController.Register (StudentRegistration.Presentation) in 92.1929ms
2026-05-03 16:33:06.340 -05:00 [INF] Executed endpoint 'StudentRegistration.Presentation.Controllers.StudentsController.Register (StudentRegistration.Presentation)'
2026-05-03 16:33:06.342 -05:00 [ERR] HTTP POST /api/v1/students responded 500 in 98.2305 ms
StudentRegistration.Application.Exceptions.EmailAlreadyExistsException: Ya existe un estudiante con el correo 'pedro123@gmail.com'.
   at StudentRegistration.Application.UseCases.RegisterStudentUseCase.ExecuteAsync(RegisterStudentCommand request, CancellationToken ct) in C:\Users\VALERIA\source\repos\StudentRegistration.API\StudentRegistration.Application\UseCases\RegisterStudentUseCase.cs:line 64
   at StudentRegistration.Presentation.Controllers.StudentsController.Register(RegisterStudentCommand command, CancellationToken ct) in C:\Users\VALERIA\source\repos\StudentRegistration.API\StudentRegistration.Presentation\Controllers\StudentsController.cs:line 61
   at Microsoft.AspNetCore.Mvc.Infrastructure.ActionMethodExecutor.TaskOfIActionResultExecutor.Execute(ActionContext actionContext, IActionResultTypeMapper mapper, ObjectMethodExecutor executor, Object controller, Object[] arguments)
   at Microsoft.AspNetCore.Mvc.Infrastructure.ControllerActionInvoker.<InvokeActionMethodAsync>g__Awaited|12_0(ControllerActionInvoker invoker, ValueTask`1 actionResultValueTask)
   at Microsoft.AspNetCore.Mvc.Infrastructure.ControllerActionInvoker.<InvokeNextActionFilterAsync>g__Awaited|10_0(ControllerActionInvoker invoker, Task lastTask, State next, Scope scope, Object state, Boolean isCompleted)
   at Microsoft.AspNetCore.Mvc.Infrastructure.ControllerActionInvoker.Rethrow(ActionExecutedContextSealed context)
   at Microsoft.AspNetCore.Mvc.Infrastructure.ControllerActionInvoker.Next(State& next, Scope& scope, Object& state, Boolean& isCompleted)
   at Microsoft.AspNetCore.Mvc.Infrastructure.ControllerActionInvoker.<InvokeInnerFilterAsync>g__Awaited|13_0(ControllerActionInvoker invoker, Task lastTask, State next, Scope scope, Object state, Boolean isCompleted)
   at Microsoft.AspNetCore.Mvc.Infrastructure.ResourceInvoker.<InvokeFilterPipelineAsync>g__Awaited|20_0(ResourceInvoker invoker, Task lastTask, State next, Scope scope, Object state, Boolean isCompleted)
   at Microsoft.AspNetCore.Mvc.Infrastructure.ResourceInvoker.<InvokeAsync>g__Logged|17_1(ResourceInvoker invoker)
   at Microsoft.AspNetCore.Mvc.Infrastructure.ResourceInvoker.<InvokeAsync>g__Logged|17_1(ResourceInvoker invoker)
   at Microsoft.AspNetCore.Routing.EndpointMiddleware.<Invoke>g__AwaitRequestTask|7_0(Endpoint endpoint, Task requestTask, ILogger logger)
   at Microsoft.AspNetCore.Authorization.AuthorizationMiddleware.Invoke(HttpContext context)
   at Swashbuckle.AspNetCore.SwaggerUI.SwaggerUIMiddleware.Invoke(HttpContext httpContext)
   at Swashbuckle.AspNetCore.Swagger.SwaggerMiddleware.Invoke(HttpContext httpContext, ISwaggerProvider swaggerProvider)
   at Serilog.AspNetCore.RequestLoggingMiddleware.Invoke(HttpContext httpContext)
2026-05-03 16:33:06.393 -05:00 [WRN] Application exception EmailAlreadyExistsException: Ya existe un estudiante con el correo 'pedro123@gmail.com'.. TraceId: 0HNL9BBA47JU0:00000023
2026-05-03 16:33:06.397 -05:00 [INF] Request finished HTTP/2 POST https://localhost:7082/api/v1/students - 409 null application/json 159.3139ms
2026-05-03 16:33:59.404 -05:00 [INF] Request starting HTTP/2 GET https://localhost:7082/api/v1/students - null null
2026-05-03 16:33:59.409 -05:00 [INF] Executing endpoint 'StudentRegistration.Presentation.Controllers.StudentsController.GetAll (StudentRegistration.Presentation)'
2026-05-03 16:33:59.414 -05:00 [INF] Route matched with {action = "GetAll", controller = "Students"}. Executing controller action with signature System.Threading.Tasks.Task`1[Microsoft.AspNetCore.Mvc.IActionResult] GetAll(System.Threading.CancellationToken) on controller StudentRegistration.Presentation.Controllers.StudentsController (StudentRegistration.Presentation).
2026-05-03 16:33:59.417 -05:00 [INF] Getting all active students
2026-05-03 16:33:59.472 -05:00 [INF] Executed DbCommand (8ms) [Parameters=[], CommandType='"Text"', CommandTimeout='30']
SELECT `s`.`student_id`, `s`.`created_at`, `s`.`document_number`, `s`.`email`, `s`.`full_name`, `s`.`is_active`, `s`.`updated_at`, `e`.`enrollment_id`, `e`.`enrolled_at`, `e`.`is_active`, `e`.`professor_id`, `e`.`student_id`, `e`.`subject_id`
FROM `students` AS `s`
LEFT JOIN `enrollments` AS `e` ON `s`.`student_id` = `e`.`student_id`
ORDER BY `s`.`student_id`
2026-05-03 16:33:59.478 -05:00 [INF] Found 1 active students
2026-05-03 16:33:59.484 -05:00 [INF] Executing OkObjectResult, writing value of type 'System.Collections.Generic.List`1[[StudentRegistration.Application.DTOs.StudentSummaryDto, StudentRegistration.Application, Version=1.0.0.0, Culture=neutral, PublicKeyToken=null]]'.
2026-05-03 16:33:59.486 -05:00 [INF] Executed action StudentRegistration.Presentation.Controllers.StudentsController.GetAll (StudentRegistration.Presentation) in 70.6389ms
2026-05-03 16:33:59.487 -05:00 [INF] Executed endpoint 'StudentRegistration.Presentation.Controllers.StudentsController.GetAll (StudentRegistration.Presentation)'
2026-05-03 16:33:59.489 -05:00 [INF] HTTP GET /api/v1/students responded 200 in 79.2407 ms
2026-05-03 16:33:59.490 -05:00 [INF] Request finished HTTP/2 GET https://localhost:7082/api/v1/students - 200 null application/json; charset=utf-8 86.6488ms
2026-05-03 16:35:11.750 -05:00 [INF] Request starting HTTP/2 GET https://localhost:7082/api/v1/students/78b82ddc-83fd-4529-9765-b4889ffe700c/subjects/78b82ddc-83fd-4529-9765-b4889ffe700c/classmates - null null
2026-05-03 16:35:11.760 -05:00 [INF] Executing endpoint 'StudentRegistration.Presentation.Controllers.ClassmatesController.GetClassmates (StudentRegistration.Presentation)'
2026-05-03 16:35:11.764 -05:00 [INF] Route matched with {action = "GetClassmates", controller = "Classmates"}. Executing controller action with signature System.Threading.Tasks.Task`1[Microsoft.AspNetCore.Mvc.IActionResult] GetClassmates(System.Guid, System.Guid, System.Threading.CancellationToken) on controller StudentRegistration.Presentation.Controllers.ClassmatesController (StudentRegistration.Presentation).
2026-05-03 16:35:11.769 -05:00 [INF] Getting classmates for student "78b82ddc-83fd-4529-9765-b4889ffe700c" in subject "78b82ddc-83fd-4529-9765-b4889ffe700c"
2026-05-03 16:35:11.798 -05:00 [INF] Executed DbCommand (7ms) [Parameters=[@__id_0='?' (DbType = Guid)], CommandType='"Text"', CommandTimeout='30']
SELECT `t`.`student_id`, `t`.`created_at`, `t`.`document_number`, `t`.`email`, `t`.`full_name`, `t`.`is_active`, `t`.`updated_at`, `t0`.`enrollment_id`, `t0`.`enrolled_at`, `t0`.`is_active`, `t0`.`professor_id`, `t0`.`student_id`, `t0`.`subject_id`, `t0`.`subject_id0`, `t0`.`credits`, `t0`.`name`, `t0`.`professor_id0`, `t0`.`professor_id1`, `t0`.`full_name`
FROM (
    SELECT `s`.`student_id`, `s`.`created_at`, `s`.`document_number`, `s`.`email`, `s`.`full_name`, `s`.`is_active`, `s`.`updated_at`
    FROM `students` AS `s`
    WHERE `s`.`student_id` = @__id_0
    LIMIT 1
) AS `t`
LEFT JOIN (
    SELECT `e`.`enrollment_id`, `e`.`enrolled_at`, `e`.`is_active`, `e`.`professor_id`, `e`.`student_id`, `e`.`subject_id`, `s0`.`subject_id` AS `subject_id0`, `s0`.`credits`, `s0`.`name`, `s0`.`professor_id` AS `professor_id0`, `p`.`professor_id` AS `professor_id1`, `p`.`full_name`
    FROM `enrollments` AS `e`
    INNER JOIN `subjects` AS `s0` ON `e`.`subject_id` = `s0`.`subject_id`
    INNER JOIN `professors` AS `p` ON `s0`.`professor_id` = `p`.`professor_id`
) AS `t0` ON `t`.`student_id` = `t0`.`student_id`
ORDER BY `t`.`student_id`, `t0`.`enrollment_id`, `t0`.`subject_id0`
2026-05-03 16:35:11.801 -05:00 [WRN] Student "78b82ddc-83fd-4529-9765-b4889ffe700c" has no active enrollment in subject "78b82ddc-83fd-4529-9765-b4889ffe700c"
2026-05-03 16:35:11.828 -05:00 [INF] Executed action StudentRegistration.Presentation.Controllers.ClassmatesController.GetClassmates (StudentRegistration.Presentation) in 62.1676ms
2026-05-03 16:35:11.829 -05:00 [INF] Executed endpoint 'StudentRegistration.Presentation.Controllers.ClassmatesController.GetClassmates (StudentRegistration.Presentation)'
2026-05-03 16:35:11.830 -05:00 [ERR] HTTP GET /api/v1/students/78b82ddc-83fd-4529-9765-b4889ffe700c/subjects/78b82ddc-83fd-4529-9765-b4889ffe700c/classmates responded 500 in 70.1000 ms
StudentRegistration.Application.Exceptions.EnrollmentNotFoundException: Matrícula con id '78b82ddc-83fd-4529-9765-b4889ffe700c' no encontrada.
   at StudentRegistration.Application.UseCases.GetClassmatesUseCase.ExecuteAsync(GetClassmatesQuery request, CancellationToken ct) in C:\Users\VALERIA\source\repos\StudentRegistration.API\StudentRegistration.Application\UseCases\GetClassmatesUseCase.cs:line 70
   at StudentRegistration.Presentation.Controllers.ClassmatesController.GetClassmates(Guid studentId, Guid subjectId, CancellationToken ct) in C:\Users\VALERIA\source\repos\StudentRegistration.API\StudentRegistration.Presentation\Controllers\ClassmatesController.cs:line 44
   at Microsoft.AspNetCore.Mvc.Infrastructure.ActionMethodExecutor.TaskOfIActionResultExecutor.Execute(ActionContext actionContext, IActionResultTypeMapper mapper, ObjectMethodExecutor executor, Object controller, Object[] arguments)
   at Microsoft.AspNetCore.Mvc.Infrastructure.ControllerActionInvoker.<InvokeActionMethodAsync>g__Awaited|12_0(ControllerActionInvoker invoker, ValueTask`1 actionResultValueTask)
   at Microsoft.AspNetCore.Mvc.Infrastructure.ControllerActionInvoker.<InvokeNextActionFilterAsync>g__Awaited|10_0(ControllerActionInvoker invoker, Task lastTask, State next, Scope scope, Object state, Boolean isCompleted)
   at Microsoft.AspNetCore.Mvc.Infrastructure.ControllerActionInvoker.Rethrow(ActionExecutedContextSealed context)
   at Microsoft.AspNetCore.Mvc.Infrastructure.ControllerActionInvoker.Next(State& next, Scope& scope, Object& state, Boolean& isCompleted)
   at Microsoft.AspNetCore.Mvc.Infrastructure.ControllerActionInvoker.<InvokeInnerFilterAsync>g__Awaited|13_0(ControllerActionInvoker invoker, Task lastTask, State next, Scope scope, Object state, Boolean isCompleted)
   at Microsoft.AspNetCore.Mvc.Infrastructure.ResourceInvoker.<InvokeFilterPipelineAsync>g__Awaited|20_0(ResourceInvoker invoker, Task lastTask, State next, Scope scope, Object state, Boolean isCompleted)
   at Microsoft.AspNetCore.Mvc.Infrastructure.ResourceInvoker.<InvokeAsync>g__Logged|17_1(ResourceInvoker invoker)
   at Microsoft.AspNetCore.Mvc.Infrastructure.ResourceInvoker.<InvokeAsync>g__Logged|17_1(ResourceInvoker invoker)
   at Microsoft.AspNetCore.Routing.EndpointMiddleware.<Invoke>g__AwaitRequestTask|7_0(Endpoint endpoint, Task requestTask, ILogger logger)
   at Microsoft.AspNetCore.Authorization.AuthorizationMiddleware.Invoke(HttpContext context)
   at Swashbuckle.AspNetCore.SwaggerUI.SwaggerUIMiddleware.Invoke(HttpContext httpContext)
   at Swashbuckle.AspNetCore.Swagger.SwaggerMiddleware.Invoke(HttpContext httpContext, ISwaggerProvider swaggerProvider)
   at Serilog.AspNetCore.RequestLoggingMiddleware.Invoke(HttpContext httpContext)
2026-05-03 16:35:11.858 -05:00 [WRN] Application exception EnrollmentNotFoundException: Matrícula con id '78b82ddc-83fd-4529-9765-b4889ffe700c' no encontrada.. TraceId: 0HNL9BBA47JU0:00000027
2026-05-03 16:35:11.860 -05:00 [INF] Request finished HTTP/2 GET https://localhost:7082/api/v1/students/78b82ddc-83fd-4529-9765-b4889ffe700c/subjects/78b82ddc-83fd-4529-9765-b4889ffe700c/classmates - 404 null application/json 109.7083ms
2026-05-03 16:50:34.985 -05:00 [INF] Request starting HTTP/1.1 GET http://localhost:5006/api/v1/students - null null
2026-05-03 16:50:34.989 -05:00 [INF] HTTP GET /api/v1/students responded 307 in 1.0270 ms
2026-05-03 16:50:34.993 -05:00 [INF] Request finished HTTP/1.1 GET http://localhost:5006/api/v1/students - 307 0 null 8.665ms
2026-05-03 16:50:35.004 -05:00 [INF] Request starting HTTP/2 GET https://localhost:7082/api/v1/students - null null
2026-05-03 16:50:35.007 -05:00 [INF] Executing endpoint 'StudentRegistration.Presentation.Controllers.StudentsController.GetAll (StudentRegistration.Presentation)'
2026-05-03 16:50:35.008 -05:00 [INF] Route matched with {action = "GetAll", controller = "Students"}. Executing controller action with signature System.Threading.Tasks.Task`1[Microsoft.AspNetCore.Mvc.IActionResult] GetAll(System.Threading.CancellationToken) on controller StudentRegistration.Presentation.Controllers.StudentsController (StudentRegistration.Presentation).
2026-05-03 16:50:35.009 -05:00 [INF] Getting all active students
2026-05-03 16:50:35.019 -05:00 [INF] Executed DbCommand (1ms) [Parameters=[], CommandType='"Text"', CommandTimeout='30']
SELECT `s`.`student_id`, `s`.`created_at`, `s`.`document_number`, `s`.`email`, `s`.`full_name`, `s`.`is_active`, `s`.`updated_at`, `e`.`enrollment_id`, `e`.`enrolled_at`, `e`.`is_active`, `e`.`professor_id`, `e`.`student_id`, `e`.`subject_id`
FROM `students` AS `s`
LEFT JOIN `enrollments` AS `e` ON `s`.`student_id` = `e`.`student_id`
ORDER BY `s`.`student_id`
2026-05-03 16:50:35.021 -05:00 [INF] Found 1 active students
2026-05-03 16:50:35.023 -05:00 [INF] Executing OkObjectResult, writing value of type 'System.Collections.Generic.List`1[[StudentRegistration.Application.DTOs.StudentSummaryDto, StudentRegistration.Application, Version=1.0.0.0, Culture=neutral, PublicKeyToken=null]]'.
2026-05-03 16:50:35.024 -05:00 [INF] Executed action StudentRegistration.Presentation.Controllers.StudentsController.GetAll (StudentRegistration.Presentation) in 14.8159ms
2026-05-03 16:50:35.025 -05:00 [INF] Executed endpoint 'StudentRegistration.Presentation.Controllers.StudentsController.GetAll (StudentRegistration.Presentation)'
2026-05-03 16:50:35.026 -05:00 [INF] HTTP GET /api/v1/students responded 200 in 19.1900 ms
2026-05-03 16:50:35.028 -05:00 [INF] Request finished HTTP/2 GET https://localhost:7082/api/v1/students - 200 null application/json; charset=utf-8 23.57ms
2026-05-03 16:50:42.552 -05:00 [INF] Request starting HTTP/1.1 GET http://localhost:5006/api/v1/subjects - null null
2026-05-03 16:50:42.554 -05:00 [INF] HTTP GET /api/v1/subjects responded 307 in 0.0815 ms
2026-05-03 16:50:42.556 -05:00 [INF] Request finished HTTP/1.1 GET http://localhost:5006/api/v1/subjects - 307 0 null 4.2186ms
2026-05-03 16:50:42.558 -05:00 [INF] Request starting HTTP/2 GET https://localhost:7082/api/v1/subjects - null null
2026-05-03 16:50:42.561 -05:00 [INF] Executing endpoint 'StudentRegistration.Presentation.Controllers.SubjectsController.GetAll (StudentRegistration.Presentation)'
2026-05-03 16:50:42.564 -05:00 [INF] Route matched with {action = "GetAll", controller = "Subjects"}. Executing controller action with signature System.Threading.Tasks.Task`1[Microsoft.AspNetCore.Mvc.IActionResult] GetAll(System.Threading.CancellationToken) on controller StudentRegistration.Presentation.Controllers.SubjectsController (StudentRegistration.Presentation).
2026-05-03 16:50:42.567 -05:00 [INF] Getting all subjects
2026-05-03 16:50:42.575 -05:00 [INF] Executed DbCommand (2ms) [Parameters=[], CommandType='"Text"', CommandTimeout='30']
SELECT `s`.`subject_id`, `s`.`credits`, `s`.`name`, `s`.`professor_id`, `p`.`professor_id`, `p`.`full_name`
FROM `subjects` AS `s`
INNER JOIN `professors` AS `p` ON `s`.`professor_id` = `p`.`professor_id`
2026-05-03 16:50:42.581 -05:00 [INF] Found 10 subjects
2026-05-03 16:50:42.584 -05:00 [INF] Executing OkObjectResult, writing value of type 'System.Collections.Generic.List`1[[StudentRegistration.Application.DTOs.SubjectDto, StudentRegistration.Application, Version=1.0.0.0, Culture=neutral, PublicKeyToken=null]]'.
2026-05-03 16:50:42.586 -05:00 [INF] Executed action StudentRegistration.Presentation.Controllers.SubjectsController.GetAll (StudentRegistration.Presentation) in 20.832ms
2026-05-03 16:50:42.588 -05:00 [INF] Executed endpoint 'StudentRegistration.Presentation.Controllers.SubjectsController.GetAll (StudentRegistration.Presentation)'
2026-05-03 16:50:42.589 -05:00 [INF] HTTP GET /api/v1/subjects responded 200 in 27.9420 ms
2026-05-03 16:50:42.590 -05:00 [INF] Request finished HTTP/2 GET https://localhost:7082/api/v1/subjects - 200 null application/json; charset=utf-8 31.9741ms
2026-05-03 16:50:50.802 -05:00 [INF] Request starting HTTP/1.1 GET http://localhost:5006/api/v1/students - null null
2026-05-03 16:50:50.805 -05:00 [INF] HTTP GET /api/v1/students responded 307 in 0.0861 ms
2026-05-03 16:50:50.807 -05:00 [INF] Request finished HTTP/1.1 GET http://localhost:5006/api/v1/students - 307 0 null 4.6523ms
2026-05-03 16:50:50.809 -05:00 [INF] Request starting HTTP/2 GET https://localhost:7082/api/v1/students - null null
2026-05-03 16:50:50.811 -05:00 [INF] Executing endpoint 'StudentRegistration.Presentation.Controllers.StudentsController.GetAll (StudentRegistration.Presentation)'
2026-05-03 16:50:50.812 -05:00 [INF] Route matched with {action = "GetAll", controller = "Students"}. Executing controller action with signature System.Threading.Tasks.Task`1[Microsoft.AspNetCore.Mvc.IActionResult] GetAll(System.Threading.CancellationToken) on controller StudentRegistration.Presentation.Controllers.StudentsController (StudentRegistration.Presentation).
2026-05-03 16:50:50.814 -05:00 [INF] Getting all active students
2026-05-03 16:50:50.818 -05:00 [INF] Executed DbCommand (1ms) [Parameters=[], CommandType='"Text"', CommandTimeout='30']
SELECT `s`.`student_id`, `s`.`created_at`, `s`.`document_number`, `s`.`email`, `s`.`full_name`, `s`.`is_active`, `s`.`updated_at`, `e`.`enrollment_id`, `e`.`enrolled_at`, `e`.`is_active`, `e`.`professor_id`, `e`.`student_id`, `e`.`subject_id`
FROM `students` AS `s`
LEFT JOIN `enrollments` AS `e` ON `s`.`student_id` = `e`.`student_id`
ORDER BY `s`.`student_id`
2026-05-03 16:50:50.820 -05:00 [INF] Found 1 active students
2026-05-03 16:50:50.821 -05:00 [INF] Executing OkObjectResult, writing value of type 'System.Collections.Generic.List`1[[StudentRegistration.Application.DTOs.StudentSummaryDto, StudentRegistration.Application, Version=1.0.0.0, Culture=neutral, PublicKeyToken=null]]'.
2026-05-03 16:50:50.822 -05:00 [INF] Executed action StudentRegistration.Presentation.Controllers.StudentsController.GetAll (StudentRegistration.Presentation) in 8.8136ms
2026-05-03 16:50:50.823 -05:00 [INF] Executed endpoint 'StudentRegistration.Presentation.Controllers.StudentsController.GetAll (StudentRegistration.Presentation)'
2026-05-03 16:50:50.824 -05:00 [INF] HTTP GET /api/v1/students responded 200 in 13.1100 ms
2026-05-03 16:50:50.825 -05:00 [INF] Request finished HTTP/2 GET https://localhost:7082/api/v1/students - 200 null application/json; charset=utf-8 16.7366ms
2026-05-03 16:51:10.718 -05:00 [INF] Request starting HTTP/1.1 POST http://localhost:5006/api/v1/students - application/json 94
2026-05-03 16:51:10.720 -05:00 [INF] HTTP POST /api/v1/students responded 307 in 0.0363 ms
2026-05-03 16:51:10.722 -05:00 [INF] Request finished HTTP/1.1 POST http://localhost:5006/api/v1/students - 307 0 null 4.0385ms
2026-05-03 16:51:10.725 -05:00 [INF] Request starting HTTP/2 OPTIONS https://localhost:7082/api/v1/students - null null
2026-05-03 16:51:10.727 -05:00 [INF] Executing endpoint '405 HTTP Method Not Supported'
2026-05-03 16:51:10.728 -05:00 [INF] Executed endpoint '405 HTTP Method Not Supported'
2026-05-03 16:51:10.728 -05:00 [INF] HTTP OPTIONS /api/v1/students responded 405 in 1.7396 ms
2026-05-03 16:51:10.730 -05:00 [INF] Request finished HTTP/2 OPTIONS https://localhost:7082/api/v1/students - 405 0 null 5.0744ms
2026-05-03 16:51:24.870 -05:00 [INF] Request starting HTTP/1.1 POST http://localhost:5006/api/v1/students - application/json 94
2026-05-03 16:51:24.873 -05:00 [INF] HTTP POST /api/v1/students responded 307 in 0.0339 ms
2026-05-03 16:51:24.874 -05:00 [INF] Request finished HTTP/1.1 POST http://localhost:5006/api/v1/students - 307 0 null 4.3803ms
2026-05-03 16:51:24.878 -05:00 [INF] Request starting HTTP/2 OPTIONS https://localhost:7082/api/v1/students - null null
2026-05-03 16:51:24.883 -05:00 [INF] Executing endpoint '405 HTTP Method Not Supported'
2026-05-03 16:51:24.883 -05:00 [INF] Executed endpoint '405 HTTP Method Not Supported'
2026-05-03 16:51:24.884 -05:00 [INF] HTTP OPTIONS /api/v1/students responded 405 in 1.6676 ms
2026-05-03 16:51:24.885 -05:00 [INF] Request finished HTTP/2 OPTIONS https://localhost:7082/api/v1/students - 405 0 null 7.9222ms
2026-05-03 16:53:59.614 -05:00 [INF] Executed DbCommand (23ms) [Parameters=[], CommandType='"Text"', CommandTimeout='30']
SELECT CASE WHEN COUNT(*) = 0 THEN FALSE ELSE TRUE END
FROM information_schema.tables
WHERE table_type = 'BASE TABLE' AND table_schema = 'student_registration_dev'
2026-05-03 16:53:59.774 -05:00 [INF] Executed DbCommand (7ms) [Parameters=[], CommandType='"Text"', CommandTimeout='30']
SELECT EXISTS (
    SELECT 1
    FROM `professors` AS `p`)
2026-05-03 16:53:59.968 -05:00 [INF] Now listening on: https://localhost:7082
2026-05-03 16:53:59.969 -05:00 [INF] Now listening on: http://localhost:5006
2026-05-03 16:54:00.005 -05:00 [INF] Application started. Press Ctrl+C to shut down.
2026-05-03 16:54:00.006 -05:00 [INF] Hosting environment: Development
2026-05-03 16:54:00.007 -05:00 [INF] Content root path: C:\Users\VALERIA\source\repos\StudentRegistration.API\StudentRegistration.API
2026-05-03 16:54:00.479 -05:00 [INF] Request starting HTTP/2 GET https://localhost:7082/ - null null
2026-05-03 16:54:00.556 -05:00 [INF] Executing endpoint 'HTTP: GET /'
2026-05-03 16:54:00.562 -05:00 [INF] Executing RedirectResult, redirecting to /swagger.
2026-05-03 16:54:00.563 -05:00 [INF] Executed endpoint 'HTTP: GET /'
2026-05-03 16:54:00.565 -05:00 [INF] HTTP GET / responded 302 in 13.5718 ms
2026-05-03 16:54:00.569 -05:00 [INF] Request finished HTTP/2 GET https://localhost:7082/ - 302 0 null 94.7104ms
2026-05-03 16:54:00.576 -05:00 [INF] Request starting HTTP/2 GET https://localhost:7082/swagger/index.html - null null
2026-05-03 16:54:00.618 -05:00 [INF] HTTP GET /swagger/index.html responded 200 in 36.8938 ms
2026-05-03 16:54:00.621 -05:00 [INF] Request finished HTTP/2 GET https://localhost:7082/swagger/index.html - 200 null text/html;charset=utf-8 45.2585ms
2026-05-03 16:54:00.629 -05:00 [INF] Request starting HTTP/2 GET https://localhost:7082/_framework/aspnetcore-browser-refresh.js - null null
2026-05-03 16:54:00.629 -05:00 [INF] Request starting HTTP/2 GET https://localhost:7082/swagger/index.js - null null
2026-05-03 16:54:00.638 -05:00 [INF] HTTP GET /swagger/index.js responded 200 in 0.9750 ms
2026-05-03 16:54:00.642 -05:00 [INF] Request finished HTTP/2 GET https://localhost:7082/swagger/index.js - 200 null application/javascript;charset=utf-8 12.7392ms
2026-05-03 16:54:00.643 -05:00 [INF] Request finished HTTP/2 GET https://localhost:7082/_framework/aspnetcore-browser-refresh.js - 200 16531 application/javascript; charset=utf-8 14.7825ms
2026-05-03 16:54:00.658 -05:00 [INF] Request starting HTTP/2 GET https://localhost:7082/_vs/browserLink - null null
2026-05-03 16:54:00.689 -05:00 [INF] Request finished HTTP/2 GET https://localhost:7082/_vs/browserLink - 200 null text/javascript; charset=UTF-8 31.8996ms
2026-05-03 16:54:00.840 -05:00 [INF] Request starting HTTP/2 GET https://localhost:7082/swagger/v1/swagger.json - null null
2026-05-03 16:54:00.859 -05:00 [INF] HTTP GET /swagger/v1/swagger.json responded 200 in 16.3792 ms
2026-05-03 16:54:00.862 -05:00 [INF] Request finished HTTP/2 GET https://localhost:7082/swagger/v1/swagger.json - 200 null application/json;charset=utf-8 26.0463ms
2026-05-03 16:54:12.666 -05:00 [INF] Request starting HTTP/1.1 GET http://localhost:5006/api/v1/students - null null
2026-05-03 16:54:12.674 -05:00 [INF] HTTP GET /api/v1/students responded 307 in 1.1545 ms
2026-05-03 16:54:12.684 -05:00 [INF] Request finished HTTP/1.1 GET http://localhost:5006/api/v1/students - 307 0 null 18.0592ms
2026-05-03 16:54:12.700 -05:00 [INF] Request starting HTTP/2 GET https://localhost:7082/api/v1/students - null null
2026-05-03 16:54:12.704 -05:00 [INF] Executing endpoint 'StudentRegistration.Presentation.Controllers.StudentsController.GetAll (StudentRegistration.Presentation)'
2026-05-03 16:54:12.723 -05:00 [INF] Route matched with {action = "GetAll", controller = "Students"}. Executing controller action with signature System.Threading.Tasks.Task`1[Microsoft.AspNetCore.Mvc.IActionResult] GetAll(System.Threading.CancellationToken) on controller StudentRegistration.Presentation.Controllers.StudentsController (StudentRegistration.Presentation).
2026-05-03 16:54:12.878 -05:00 [INF] Getting all active students
2026-05-03 16:54:12.976 -05:00 [INF] Executed DbCommand (1ms) [Parameters=[], CommandType='"Text"', CommandTimeout='30']
SELECT `s`.`student_id`, `s`.`created_at`, `s`.`document_number`, `s`.`email`, `s`.`full_name`, `s`.`is_active`, `s`.`updated_at`, `e`.`enrollment_id`, `e`.`enrolled_at`, `e`.`is_active`, `e`.`professor_id`, `e`.`student_id`, `e`.`subject_id`
FROM `students` AS `s`
LEFT JOIN `enrollments` AS `e` ON `s`.`student_id` = `e`.`student_id`
ORDER BY `s`.`student_id`
2026-05-03 16:54:13.023 -05:00 [INF] Found 1 active students
2026-05-03 16:54:13.036 -05:00 [INF] Executing OkObjectResult, writing value of type 'System.Collections.Generic.List`1[[StudentRegistration.Application.DTOs.StudentSummaryDto, StudentRegistration.Application, Version=1.0.0.0, Culture=neutral, PublicKeyToken=null]]'.
2026-05-03 16:54:13.045 -05:00 [INF] Executed action StudentRegistration.Presentation.Controllers.StudentsController.GetAll (StudentRegistration.Presentation) in 316.8807ms
2026-05-03 16:54:13.047 -05:00 [INF] Executed endpoint 'StudentRegistration.Presentation.Controllers.StudentsController.GetAll (StudentRegistration.Presentation)'
2026-05-03 16:54:13.048 -05:00 [INF] HTTP GET /api/v1/students responded 200 in 344.5539 ms
2026-05-03 16:54:13.052 -05:00 [INF] Request finished HTTP/2 GET https://localhost:7082/api/v1/students - 200 null application/json; charset=utf-8 352.6254ms
2026-05-03 16:55:23.582 -05:00 [INF] Executed DbCommand (8ms) [Parameters=[], CommandType='"Text"', CommandTimeout='30']
SELECT CASE WHEN COUNT(*) = 0 THEN FALSE ELSE TRUE END
FROM information_schema.tables
WHERE table_type = 'BASE TABLE' AND table_schema = 'student_registration_dev'
2026-05-03 16:55:23.745 -05:00 [INF] Executed DbCommand (3ms) [Parameters=[], CommandType='"Text"', CommandTimeout='30']
SELECT EXISTS (
    SELECT 1
    FROM `professors` AS `p`)
2026-05-03 16:55:23.956 -05:00 [INF] Now listening on: https://localhost:7082
2026-05-03 16:55:23.957 -05:00 [INF] Now listening on: http://localhost:5006
2026-05-03 16:55:23.994 -05:00 [INF] Application started. Press Ctrl+C to shut down.
2026-05-03 16:55:23.995 -05:00 [INF] Hosting environment: Development
2026-05-03 16:55:23.996 -05:00 [INF] Content root path: C:\Users\VALERIA\source\repos\StudentRegistration.API\StudentRegistration.API
2026-05-03 16:55:24.719 -05:00 [INF] Request starting HTTP/2 GET https://localhost:7082/ - null null
2026-05-03 16:55:24.803 -05:00 [INF] Executing endpoint 'HTTP: GET /'
2026-05-03 16:55:24.811 -05:00 [INF] Executing RedirectResult, redirecting to /swagger.
2026-05-03 16:55:24.812 -05:00 [INF] Executed endpoint 'HTTP: GET /'
2026-05-03 16:55:24.814 -05:00 [INF] HTTP GET / responded 302 in 14.8834 ms
2026-05-03 16:55:24.820 -05:00 [INF] Request finished HTTP/2 GET https://localhost:7082/ - 302 0 null 105.8126ms
2026-05-03 16:55:24.826 -05:00 [INF] Request starting HTTP/2 GET https://localhost:7082/swagger/index.html - null null
2026-05-03 16:55:24.868 -05:00 [INF] HTTP GET /swagger/index.html responded 200 in 35.6956 ms
2026-05-03 16:55:24.871 -05:00 [INF] Request finished HTTP/2 GET https://localhost:7082/swagger/index.html - 200 null text/html;charset=utf-8 44.8813ms
2026-05-03 16:55:24.880 -05:00 [INF] Request starting HTTP/2 GET https://localhost:7082/_framework/aspnetcore-browser-refresh.js - null null
2026-05-03 16:55:24.880 -05:00 [INF] Request starting HTTP/2 GET https://localhost:7082/swagger/index.js - null null
2026-05-03 16:55:24.891 -05:00 [INF] HTTP GET /swagger/index.js responded 200 in 0.7442 ms
2026-05-03 16:55:24.894 -05:00 [INF] Request finished HTTP/2 GET https://localhost:7082/swagger/index.js - 200 null application/javascript;charset=utf-8 14.387ms
2026-05-03 16:55:24.894 -05:00 [INF] Request finished HTTP/2 GET https://localhost:7082/_framework/aspnetcore-browser-refresh.js - 200 16531 application/javascript; charset=utf-8 15.2421ms
2026-05-03 16:55:24.912 -05:00 [INF] Request starting HTTP/2 GET https://localhost:7082/_vs/browserLink - null null
2026-05-03 16:55:24.941 -05:00 [INF] Request finished HTTP/2 GET https://localhost:7082/_vs/browserLink - 200 null text/javascript; charset=UTF-8 29.7421ms
2026-05-03 16:55:25.026 -05:00 [INF] Request starting HTTP/2 GET https://localhost:7082/swagger/v1/swagger.json - null null
2026-05-03 16:55:25.053 -05:00 [INF] HTTP GET /swagger/v1/swagger.json responded 200 in 24.3391 ms
2026-05-03 16:55:25.059 -05:00 [INF] Request finished HTTP/2 GET https://localhost:7082/swagger/v1/swagger.json - 200 null application/json;charset=utf-8 32.6743ms
2026-05-03 16:55:35.399 -05:00 [INF] Request starting HTTP/1.1 GET http://localhost:5006/api/v1/students - null null
2026-05-03 16:55:35.409 -05:00 [INF] HTTP GET /api/v1/students responded 307 in 1.0866 ms
2026-05-03 16:55:35.418 -05:00 [INF] Request finished HTTP/1.1 GET http://localhost:5006/api/v1/students - 307 0 null 19.381ms
2026-05-03 16:55:35.425 -05:00 [INF] Request starting HTTP/2 GET https://localhost:7082/api/v1/students - null null
2026-05-03 16:55:35.429 -05:00 [INF] Executing endpoint 'StudentRegistration.Presentation.Controllers.StudentsController.GetAll (StudentRegistration.Presentation)'
2026-05-03 16:55:35.447 -05:00 [INF] Route matched with {action = "GetAll", controller = "Students"}. Executing controller action with signature System.Threading.Tasks.Task`1[Microsoft.AspNetCore.Mvc.IActionResult] GetAll(System.Threading.CancellationToken) on controller StudentRegistration.Presentation.Controllers.StudentsController (StudentRegistration.Presentation).
2026-05-03 16:55:35.564 -05:00 [INF] Getting all active students
2026-05-03 16:55:35.673 -05:00 [INF] Executed DbCommand (1ms) [Parameters=[], CommandType='"Text"', CommandTimeout='30']
SELECT `s`.`student_id`, `s`.`created_at`, `s`.`document_number`, `s`.`email`, `s`.`full_name`, `s`.`is_active`, `s`.`updated_at`, `e`.`enrollment_id`, `e`.`enrolled_at`, `e`.`is_active`, `e`.`professor_id`, `e`.`student_id`, `e`.`subject_id`
FROM `students` AS `s`
LEFT JOIN `enrollments` AS `e` ON `s`.`student_id` = `e`.`student_id`
ORDER BY `s`.`student_id`
2026-05-03 16:55:35.737 -05:00 [INF] Found 1 active students
2026-05-03 16:55:35.750 -05:00 [INF] Executing OkObjectResult, writing value of type 'System.Collections.Generic.List`1[[StudentRegistration.Application.DTOs.StudentSummaryDto, StudentRegistration.Application, Version=1.0.0.0, Culture=neutral, PublicKeyToken=null]]'.
2026-05-03 16:55:35.763 -05:00 [INF] Executed action StudentRegistration.Presentation.Controllers.StudentsController.GetAll (StudentRegistration.Presentation) in 310.9121ms
2026-05-03 16:55:35.765 -05:00 [INF] Executed endpoint 'StudentRegistration.Presentation.Controllers.StudentsController.GetAll (StudentRegistration.Presentation)'
2026-05-03 16:55:35.767 -05:00 [INF] HTTP GET /api/v1/students responded 200 in 338.4491 ms
2026-05-03 16:55:35.774 -05:00 [INF] Request finished HTTP/2 GET https://localhost:7082/api/v1/students - 200 null application/json; charset=utf-8 348.7545ms
2026-05-03 16:55:46.343 -05:00 [INF] Request starting HTTP/1.1 GET http://localhost:5006/api/v1/students - null null
2026-05-03 16:55:46.347 -05:00 [INF] HTTP GET /api/v1/students responded 307 in 0.1755 ms
2026-05-03 16:55:46.349 -05:00 [INF] Request finished HTTP/1.1 GET http://localhost:5006/api/v1/students - 307 0 null 6.1461ms
2026-05-03 16:55:46.352 -05:00 [INF] Request starting HTTP/2 GET https://localhost:7082/api/v1/students - null null
2026-05-03 16:55:46.355 -05:00 [INF] Executing endpoint 'StudentRegistration.Presentation.Controllers.StudentsController.GetAll (StudentRegistration.Presentation)'
2026-05-03 16:55:46.357 -05:00 [INF] Route matched with {action = "GetAll", controller = "Students"}. Executing controller action with signature System.Threading.Tasks.Task`1[Microsoft.AspNetCore.Mvc.IActionResult] GetAll(System.Threading.CancellationToken) on controller StudentRegistration.Presentation.Controllers.StudentsController (StudentRegistration.Presentation).
2026-05-03 16:55:46.360 -05:00 [INF] Getting all active students
2026-05-03 16:55:46.401 -05:00 [INF] Executed DbCommand (2ms) [Parameters=[], CommandType='"Text"', CommandTimeout='30']
SELECT `s`.`student_id`, `s`.`created_at`, `s`.`document_number`, `s`.`email`, `s`.`full_name`, `s`.`is_active`, `s`.`updated_at`, `e`.`enrollment_id`, `e`.`enrolled_at`, `e`.`is_active`, `e`.`professor_id`, `e`.`student_id`, `e`.`subject_id`
FROM `students` AS `s`
LEFT JOIN `enrollments` AS `e` ON `s`.`student_id` = `e`.`student_id`
ORDER BY `s`.`student_id`
2026-05-03 16:55:46.404 -05:00 [INF] Found 1 active students
2026-05-03 16:55:46.406 -05:00 [INF] Executing OkObjectResult, writing value of type 'System.Collections.Generic.List`1[[StudentRegistration.Application.DTOs.StudentSummaryDto, StudentRegistration.Application, Version=1.0.0.0, Culture=neutral, PublicKeyToken=null]]'.
2026-05-03 16:55:46.407 -05:00 [INF] Executed action StudentRegistration.Presentation.Controllers.StudentsController.GetAll (StudentRegistration.Presentation) in 48.9728ms
2026-05-03 16:55:46.409 -05:00 [INF] Executed endpoint 'StudentRegistration.Presentation.Controllers.StudentsController.GetAll (StudentRegistration.Presentation)'
2026-05-03 16:55:46.410 -05:00 [INF] HTTP GET /api/v1/students responded 200 in 54.5930 ms
2026-05-03 16:55:46.411 -05:00 [INF] Request finished HTTP/2 GET https://localhost:7082/api/v1/students - 200 null application/json; charset=utf-8 59.9481ms
2026-05-03 16:57:32.304 -05:00 [INF] Request starting HTTP/1.1 GET http://localhost:5006/api/v1/students - null null
2026-05-03 16:57:32.307 -05:00 [INF] HTTP GET /api/v1/students responded 307 in 0.0624 ms
2026-05-03 16:57:32.309 -05:00 [INF] Request finished HTTP/1.1 GET http://localhost:5006/api/v1/students - 307 0 null 5.5113ms
2026-05-03 16:57:32.315 -05:00 [INF] Request starting HTTP/2 GET https://localhost:7082/api/v1/students - null null
2026-05-03 16:57:32.323 -05:00 [INF] Executing endpoint 'StudentRegistration.Presentation.Controllers.StudentsController.GetAll (StudentRegistration.Presentation)'
2026-05-03 16:57:32.325 -05:00 [INF] Route matched with {action = "GetAll", controller = "Students"}. Executing controller action with signature System.Threading.Tasks.Task`1[Microsoft.AspNetCore.Mvc.IActionResult] GetAll(System.Threading.CancellationToken) on controller StudentRegistration.Presentation.Controllers.StudentsController (StudentRegistration.Presentation).
2026-05-03 16:57:32.331 -05:00 [INF] Getting all active students
2026-05-03 16:57:32.338 -05:00 [INF] Executed DbCommand (2ms) [Parameters=[], CommandType='"Text"', CommandTimeout='30']
SELECT `s`.`student_id`, `s`.`created_at`, `s`.`document_number`, `s`.`email`, `s`.`full_name`, `s`.`is_active`, `s`.`updated_at`, `e`.`enrollment_id`, `e`.`enrolled_at`, `e`.`is_active`, `e`.`professor_id`, `e`.`student_id`, `e`.`subject_id`
FROM `students` AS `s`
LEFT JOIN `enrollments` AS `e` ON `s`.`student_id` = `e`.`student_id`
ORDER BY `s`.`student_id`
2026-05-03 16:57:32.341 -05:00 [INF] Found 1 active students
2026-05-03 16:57:32.342 -05:00 [INF] Executing OkObjectResult, writing value of type 'System.Collections.Generic.List`1[[StudentRegistration.Application.DTOs.StudentSummaryDto, StudentRegistration.Application, Version=1.0.0.0, Culture=neutral, PublicKeyToken=null]]'.
2026-05-03 16:57:32.343 -05:00 [INF] Executed action StudentRegistration.Presentation.Controllers.StudentsController.GetAll (StudentRegistration.Presentation) in 16.754ms
2026-05-03 16:57:32.346 -05:00 [INF] Executed endpoint 'StudentRegistration.Presentation.Controllers.StudentsController.GetAll (StudentRegistration.Presentation)'
2026-05-03 16:57:32.348 -05:00 [INF] HTTP GET /api/v1/students responded 200 in 24.4390 ms
2026-05-03 16:57:32.351 -05:00 [INF] Request finished HTTP/2 GET https://localhost:7082/api/v1/students - 200 null application/json; charset=utf-8 37.1314ms
2026-05-03 16:58:43.000 -05:00 [INF] Request starting HTTP/1.1 GET http://localhost:5006/api/v1/students - null null
2026-05-03 16:58:43.003 -05:00 [INF] HTTP GET /api/v1/students responded 307 in 0.0695 ms
2026-05-03 16:58:43.005 -05:00 [INF] Request finished HTTP/1.1 GET http://localhost:5006/api/v1/students - 307 0 null 4.6943ms
2026-05-03 16:58:43.015 -05:00 [INF] Request starting HTTP/2 GET https://localhost:7082/api/v1/students - null null
2026-05-03 16:58:43.019 -05:00 [INF] Executing endpoint 'StudentRegistration.Presentation.Controllers.StudentsController.GetAll (StudentRegistration.Presentation)'
2026-05-03 16:58:43.020 -05:00 [INF] Route matched with {action = "GetAll", controller = "Students"}. Executing controller action with signature System.Threading.Tasks.Task`1[Microsoft.AspNetCore.Mvc.IActionResult] GetAll(System.Threading.CancellationToken) on controller StudentRegistration.Presentation.Controllers.StudentsController (StudentRegistration.Presentation).
2026-05-03 16:58:43.022 -05:00 [INF] Getting all active students
2026-05-03 16:58:43.029 -05:00 [INF] Executed DbCommand (2ms) [Parameters=[], CommandType='"Text"', CommandTimeout='30']
SELECT `s`.`student_id`, `s`.`created_at`, `s`.`document_number`, `s`.`email`, `s`.`full_name`, `s`.`is_active`, `s`.`updated_at`, `e`.`enrollment_id`, `e`.`enrolled_at`, `e`.`is_active`, `e`.`professor_id`, `e`.`student_id`, `e`.`subject_id`
FROM `students` AS `s`
LEFT JOIN `enrollments` AS `e` ON `s`.`student_id` = `e`.`student_id`
ORDER BY `s`.`student_id`
2026-05-03 16:58:43.036 -05:00 [INF] Found 1 active students
2026-05-03 16:58:43.038 -05:00 [INF] Executing OkObjectResult, writing value of type 'System.Collections.Generic.List`1[[StudentRegistration.Application.DTOs.StudentSummaryDto, StudentRegistration.Application, Version=1.0.0.0, Culture=neutral, PublicKeyToken=null]]'.
2026-05-03 16:58:43.040 -05:00 [INF] Executed action StudentRegistration.Presentation.Controllers.StudentsController.GetAll (StudentRegistration.Presentation) in 18.2643ms
2026-05-03 16:58:43.042 -05:00 [INF] Executed endpoint 'StudentRegistration.Presentation.Controllers.StudentsController.GetAll (StudentRegistration.Presentation)'
2026-05-03 16:58:43.044 -05:00 [INF] HTTP GET /api/v1/students responded 200 in 25.9529 ms
2026-05-03 16:58:43.048 -05:00 [INF] Request finished HTTP/2 GET https://localhost:7082/api/v1/students - 200 null application/json; charset=utf-8 32.7626ms
2026-05-03 16:59:23.130 -05:00 [INF] Request starting HTTP/1.1 GET http://localhost:5006/api/v1/students - null null
2026-05-03 16:59:23.134 -05:00 [INF] HTTP GET /api/v1/students responded 307 in 0.0921 ms
2026-05-03 16:59:23.136 -05:00 [INF] Request finished HTTP/1.1 GET http://localhost:5006/api/v1/students - 307 0 null 5.9754ms
2026-05-03 16:59:23.162 -05:00 [INF] Request starting HTTP/2 GET https://localhost:7082/api/v1/students - null null
2026-05-03 16:59:23.171 -05:00 [INF] Executing endpoint 'StudentRegistration.Presentation.Controllers.StudentsController.GetAll (StudentRegistration.Presentation)'
2026-05-03 16:59:23.173 -05:00 [INF] Route matched with {action = "GetAll", controller = "Students"}. Executing controller action with signature System.Threading.Tasks.Task`1[Microsoft.AspNetCore.Mvc.IActionResult] GetAll(System.Threading.CancellationToken) on controller StudentRegistration.Presentation.Controllers.StudentsController (StudentRegistration.Presentation).
2026-05-03 16:59:23.181 -05:00 [INF] Getting all active students
2026-05-03 16:59:23.187 -05:00 [INF] Executed DbCommand (2ms) [Parameters=[], CommandType='"Text"', CommandTimeout='30']
SELECT `s`.`student_id`, `s`.`created_at`, `s`.`document_number`, `s`.`email`, `s`.`full_name`, `s`.`is_active`, `s`.`updated_at`, `e`.`enrollment_id`, `e`.`enrolled_at`, `e`.`is_active`, `e`.`professor_id`, `e`.`student_id`, `e`.`subject_id`
FROM `students` AS `s`
LEFT JOIN `enrollments` AS `e` ON `s`.`student_id` = `e`.`student_id`
ORDER BY `s`.`student_id`
2026-05-03 16:59:23.196 -05:00 [INF] Found 1 active students
2026-05-03 16:59:23.199 -05:00 [INF] Executing OkObjectResult, writing value of type 'System.Collections.Generic.List`1[[StudentRegistration.Application.DTOs.StudentSummaryDto, StudentRegistration.Application, Version=1.0.0.0, Culture=neutral, PublicKeyToken=null]]'.
2026-05-03 16:59:23.201 -05:00 [INF] Executed action StudentRegistration.Presentation.Controllers.StudentsController.GetAll (StudentRegistration.Presentation) in 20.9836ms
2026-05-03 16:59:23.202 -05:00 [INF] Executed endpoint 'StudentRegistration.Presentation.Controllers.StudentsController.GetAll (StudentRegistration.Presentation)'
2026-05-03 16:59:23.203 -05:00 [INF] HTTP GET /api/v1/students responded 200 in 32.9247 ms
2026-05-03 16:59:23.205 -05:00 [INF] Request finished HTTP/2 GET https://localhost:7082/api/v1/students - 200 null application/json; charset=utf-8 43.0294ms
2026-05-03 17:01:44.081 -05:00 [INF] Executed DbCommand (8ms) [Parameters=[], CommandType='"Text"', CommandTimeout='30']
SELECT CASE WHEN COUNT(*) = 0 THEN FALSE ELSE TRUE END
FROM information_schema.tables
WHERE table_type = 'BASE TABLE' AND table_schema = 'student_registration_dev'
2026-05-03 17:01:44.250 -05:00 [INF] Executed DbCommand (8ms) [Parameters=[], CommandType='"Text"', CommandTimeout='30']
SELECT EXISTS (
    SELECT 1
    FROM `professors` AS `p`)
2026-05-03 17:01:44.479 -05:00 [INF] Now listening on: https://localhost:7082
2026-05-03 17:01:44.480 -05:00 [INF] Now listening on: http://localhost:5006
2026-05-03 17:01:44.525 -05:00 [INF] Application started. Press Ctrl+C to shut down.
2026-05-03 17:01:44.526 -05:00 [INF] Hosting environment: Development
2026-05-03 17:01:44.527 -05:00 [INF] Content root path: C:\Users\VALERIA\source\repos\StudentRegistration.API\StudentRegistration.API
2026-05-03 17:01:44.907 -05:00 [INF] Request starting HTTP/2 GET https://localhost:7082/ - null null
2026-05-03 17:01:44.983 -05:00 [INF] Executing endpoint 'HTTP: GET /'
2026-05-03 17:01:44.989 -05:00 [INF] Executing RedirectResult, redirecting to /swagger.
2026-05-03 17:01:44.991 -05:00 [INF] Executed endpoint 'HTTP: GET /'
2026-05-03 17:01:44.994 -05:00 [INF] HTTP GET / responded 302 in 14.2328 ms
2026-05-03 17:01:45.001 -05:00 [INF] Request finished HTTP/2 GET https://localhost:7082/ - 302 0 null 96.9178ms
2026-05-03 17:01:45.008 -05:00 [INF] Request starting HTTP/2 GET https://localhost:7082/swagger/index.html - null null
2026-05-03 17:01:45.059 -05:00 [INF] HTTP GET /swagger/index.html responded 200 in 43.4039 ms
2026-05-03 17:01:45.061 -05:00 [INF] Request finished HTTP/2 GET https://localhost:7082/swagger/index.html - 200 null text/html;charset=utf-8 53.5806ms
2026-05-03 17:01:45.072 -05:00 [INF] Request starting HTTP/2 GET https://localhost:7082/_framework/aspnetcore-browser-refresh.js - null null
2026-05-03 17:01:45.072 -05:00 [INF] Request starting HTTP/2 GET https://localhost:7082/swagger/index.js - null null
2026-05-03 17:01:45.080 -05:00 [INF] HTTP GET /swagger/index.js responded 200 in 0.6135 ms
2026-05-03 17:01:45.082 -05:00 [INF] Request finished HTTP/2 GET https://localhost:7082/swagger/index.js - 200 null application/javascript;charset=utf-8 10.8186ms
2026-05-03 17:01:45.083 -05:00 [INF] Request finished HTTP/2 GET https://localhost:7082/_framework/aspnetcore-browser-refresh.js - 200 16531 application/javascript; charset=utf-8 12.0843ms
2026-05-03 17:01:45.096 -05:00 [INF] Request starting HTTP/2 GET https://localhost:7082/_vs/browserLink - null null
2026-05-03 17:01:45.127 -05:00 [INF] Request finished HTTP/2 GET https://localhost:7082/_vs/browserLink - 200 null text/javascript; charset=UTF-8 31.5605ms
2026-05-03 17:01:45.196 -05:00 [INF] Request starting HTTP/2 GET https://localhost:7082/swagger/v1/swagger.json - null null
2026-05-03 17:01:45.219 -05:00 [INF] HTTP GET /swagger/v1/swagger.json responded 200 in 20.2132 ms
2026-05-03 17:01:45.223 -05:00 [INF] Request finished HTTP/2 GET https://localhost:7082/swagger/v1/swagger.json - 200 null application/json;charset=utf-8 27.0392ms
2026-05-03 17:01:49.643 -05:00 [INF] Request starting HTTP/1.1 GET http://localhost:5006/api/v1/students - null null
2026-05-03 17:01:49.651 -05:00 [INF] HTTP GET /api/v1/students responded 307 in 1.0762 ms
2026-05-03 17:01:49.659 -05:00 [INF] Request finished HTTP/1.1 GET http://localhost:5006/api/v1/students - 307 0 null 17.04ms
2026-05-03 17:01:49.667 -05:00 [INF] Request starting HTTP/2 GET https://localhost:7082/api/v1/students - null null
2026-05-03 17:01:49.671 -05:00 [INF] No CORS policy found for the specified request.
2026-05-03 17:01:49.672 -05:00 [INF] Executing endpoint 'StudentRegistration.Presentation.Controllers.StudentsController.GetAll (StudentRegistration.Presentation)'
2026-05-03 17:01:49.690 -05:00 [INF] Route matched with {action = "GetAll", controller = "Students"}. Executing controller action with signature System.Threading.Tasks.Task`1[Microsoft.AspNetCore.Mvc.IActionResult] GetAll(System.Threading.CancellationToken) on controller StudentRegistration.Presentation.Controllers.StudentsController (StudentRegistration.Presentation).
2026-05-03 17:01:49.776 -05:00 [INF] Getting all active students
2026-05-03 17:01:49.879 -05:00 [INF] Executed DbCommand (1ms) [Parameters=[], CommandType='"Text"', CommandTimeout='30']
SELECT `s`.`student_id`, `s`.`created_at`, `s`.`document_number`, `s`.`email`, `s`.`full_name`, `s`.`is_active`, `s`.`updated_at`, `e`.`enrollment_id`, `e`.`enrolled_at`, `e`.`is_active`, `e`.`professor_id`, `e`.`student_id`, `e`.`subject_id`
FROM `students` AS `s`
LEFT JOIN `enrollments` AS `e` ON `s`.`student_id` = `e`.`student_id`
ORDER BY `s`.`student_id`
2026-05-03 17:01:49.926 -05:00 [INF] Found 1 active students
2026-05-03 17:01:49.939 -05:00 [INF] Executing OkObjectResult, writing value of type 'System.Collections.Generic.List`1[[StudentRegistration.Application.DTOs.StudentSummaryDto, StudentRegistration.Application, Version=1.0.0.0, Culture=neutral, PublicKeyToken=null]]'.
2026-05-03 17:01:49.948 -05:00 [INF] Executed action StudentRegistration.Presentation.Controllers.StudentsController.GetAll (StudentRegistration.Presentation) in 252.1431ms
2026-05-03 17:01:49.950 -05:00 [INF] Executed endpoint 'StudentRegistration.Presentation.Controllers.StudentsController.GetAll (StudentRegistration.Presentation)'
2026-05-03 17:01:49.952 -05:00 [INF] HTTP GET /api/v1/students responded 200 in 280.0000 ms
2026-05-03 17:01:49.956 -05:00 [INF] Request finished HTTP/2 GET https://localhost:7082/api/v1/students - 200 null application/json; charset=utf-8 290.1631ms
2026-05-03 17:02:50.266 -05:00 [INF] Request starting HTTP/1.1 GET https://localhost:7082/api/v1/subjects - null null
2026-05-03 17:02:50.269 -05:00 [INF] Executing endpoint 'StudentRegistration.Presentation.Controllers.SubjectsController.GetAll (StudentRegistration.Presentation)'
2026-05-03 17:02:50.273 -05:00 [INF] Route matched with {action = "GetAll", controller = "Subjects"}. Executing controller action with signature System.Threading.Tasks.Task`1[Microsoft.AspNetCore.Mvc.IActionResult] GetAll(System.Threading.CancellationToken) on controller StudentRegistration.Presentation.Controllers.SubjectsController (StudentRegistration.Presentation).
2026-05-03 17:02:50.277 -05:00 [INF] Getting all subjects
2026-05-03 17:02:50.326 -05:00 [INF] Executed DbCommand (1ms) [Parameters=[], CommandType='"Text"', CommandTimeout='30']
SELECT `s`.`subject_id`, `s`.`credits`, `s`.`name`, `s`.`professor_id`, `p`.`professor_id`, `p`.`full_name`
FROM `subjects` AS `s`
INNER JOIN `professors` AS `p` ON `s`.`professor_id` = `p`.`professor_id`
2026-05-03 17:02:50.362 -05:00 [INF] Found 10 subjects
2026-05-03 17:02:50.366 -05:00 [INF] Executing OkObjectResult, writing value of type 'System.Collections.Generic.List`1[[StudentRegistration.Application.DTOs.SubjectDto, StudentRegistration.Application, Version=1.0.0.0, Culture=neutral, PublicKeyToken=null]]'.
2026-05-03 17:02:50.368 -05:00 [INF] Executed action StudentRegistration.Presentation.Controllers.SubjectsController.GetAll (StudentRegistration.Presentation) in 93.3858ms
2026-05-03 17:02:50.369 -05:00 [INF] Executed endpoint 'StudentRegistration.Presentation.Controllers.SubjectsController.GetAll (StudentRegistration.Presentation)'
2026-05-03 17:02:50.370 -05:00 [INF] HTTP GET /api/v1/subjects responded 200 in 101.7822 ms
2026-05-03 17:02:50.372 -05:00 [INF] Request finished HTTP/1.1 GET https://localhost:7082/api/v1/subjects - 200 null application/json; charset=utf-8 106.5997ms
2026-05-03 17:03:00.433 -05:00 [INF] Request starting HTTP/1.1 GET https://localhost:7082/api/v1/students - null null
2026-05-03 17:03:00.436 -05:00 [INF] Executing endpoint 'StudentRegistration.Presentation.Controllers.StudentsController.GetAll (StudentRegistration.Presentation)'
2026-05-03 17:03:00.438 -05:00 [INF] Route matched with {action = "GetAll", controller = "Students"}. Executing controller action with signature System.Threading.Tasks.Task`1[Microsoft.AspNetCore.Mvc.IActionResult] GetAll(System.Threading.CancellationToken) on controller StudentRegistration.Presentation.Controllers.StudentsController (StudentRegistration.Presentation).
2026-05-03 17:03:00.443 -05:00 [INF] Getting all active students
2026-05-03 17:03:00.455 -05:00 [INF] Executed DbCommand (2ms) [Parameters=[], CommandType='"Text"', CommandTimeout='30']
SELECT `s`.`student_id`, `s`.`created_at`, `s`.`document_number`, `s`.`email`, `s`.`full_name`, `s`.`is_active`, `s`.`updated_at`, `e`.`enrollment_id`, `e`.`enrolled_at`, `e`.`is_active`, `e`.`professor_id`, `e`.`student_id`, `e`.`subject_id`
FROM `students` AS `s`
LEFT JOIN `enrollments` AS `e` ON `s`.`student_id` = `e`.`student_id`
ORDER BY `s`.`student_id`
2026-05-03 17:03:00.458 -05:00 [INF] Found 1 active students
2026-05-03 17:03:00.459 -05:00 [INF] Executing OkObjectResult, writing value of type 'System.Collections.Generic.List`1[[StudentRegistration.Application.DTOs.StudentSummaryDto, StudentRegistration.Application, Version=1.0.0.0, Culture=neutral, PublicKeyToken=null]]'.
2026-05-03 17:03:00.461 -05:00 [INF] Executed action StudentRegistration.Presentation.Controllers.StudentsController.GetAll (StudentRegistration.Presentation) in 19.59ms
2026-05-03 17:03:00.462 -05:00 [INF] Executed endpoint 'StudentRegistration.Presentation.Controllers.StudentsController.GetAll (StudentRegistration.Presentation)'
2026-05-03 17:03:00.464 -05:00 [INF] HTTP GET /api/v1/students responded 200 in 27.3887 ms
2026-05-03 17:03:00.466 -05:00 [INF] Request finished HTTP/1.1 GET https://localhost:7082/api/v1/students - 200 null application/json; charset=utf-8 33.0904ms
2026-05-03 17:03:05.110 -05:00 [INF] Request starting HTTP/1.1 GET https://localhost:7082/api/v1/students - null null
2026-05-03 17:03:05.113 -05:00 [INF] Executing endpoint 'StudentRegistration.Presentation.Controllers.StudentsController.GetAll (StudentRegistration.Presentation)'
2026-05-03 17:03:05.115 -05:00 [INF] Route matched with {action = "GetAll", controller = "Students"}. Executing controller action with signature System.Threading.Tasks.Task`1[Microsoft.AspNetCore.Mvc.IActionResult] GetAll(System.Threading.CancellationToken) on controller StudentRegistration.Presentation.Controllers.StudentsController (StudentRegistration.Presentation).
2026-05-03 17:03:05.120 -05:00 [INF] Getting all active students
2026-05-03 17:03:05.125 -05:00 [INF] Executed DbCommand (2ms) [Parameters=[], CommandType='"Text"', CommandTimeout='30']
SELECT `s`.`student_id`, `s`.`created_at`, `s`.`document_number`, `s`.`email`, `s`.`full_name`, `s`.`is_active`, `s`.`updated_at`, `e`.`enrollment_id`, `e`.`enrolled_at`, `e`.`is_active`, `e`.`professor_id`, `e`.`student_id`, `e`.`subject_id`
FROM `students` AS `s`
LEFT JOIN `enrollments` AS `e` ON `s`.`student_id` = `e`.`student_id`
ORDER BY `s`.`student_id`
2026-05-03 17:03:05.128 -05:00 [INF] Found 1 active students
2026-05-03 17:03:05.130 -05:00 [INF] Executing OkObjectResult, writing value of type 'System.Collections.Generic.List`1[[StudentRegistration.Application.DTOs.StudentSummaryDto, StudentRegistration.Application, Version=1.0.0.0, Culture=neutral, PublicKeyToken=null]]'.
2026-05-03 17:03:05.131 -05:00 [INF] Executed action StudentRegistration.Presentation.Controllers.StudentsController.GetAll (StudentRegistration.Presentation) in 14.1364ms
2026-05-03 17:03:05.132 -05:00 [INF] Executed endpoint 'StudentRegistration.Presentation.Controllers.StudentsController.GetAll (StudentRegistration.Presentation)'
2026-05-03 17:03:05.133 -05:00 [INF] HTTP GET /api/v1/students responded 200 in 20.2821 ms
2026-05-03 17:03:05.135 -05:00 [INF] Request finished HTTP/1.1 GET https://localhost:7082/api/v1/students - 200 null application/json; charset=utf-8 24.5881ms
2026-05-03 17:03:09.517 -05:00 [INF] Request starting HTTP/1.1 GET https://localhost:7082/api/v1/students - null null
2026-05-03 17:03:09.519 -05:00 [INF] Executing endpoint 'StudentRegistration.Presentation.Controllers.StudentsController.GetAll (StudentRegistration.Presentation)'
2026-05-03 17:03:09.521 -05:00 [INF] Route matched with {action = "GetAll", controller = "Students"}. Executing controller action with signature System.Threading.Tasks.Task`1[Microsoft.AspNetCore.Mvc.IActionResult] GetAll(System.Threading.CancellationToken) on controller StudentRegistration.Presentation.Controllers.StudentsController (StudentRegistration.Presentation).
2026-05-03 17:03:09.522 -05:00 [INF] Getting all active students
2026-05-03 17:03:09.528 -05:00 [INF] Executed DbCommand (2ms) [Parameters=[], CommandType='"Text"', CommandTimeout='30']
SELECT `s`.`student_id`, `s`.`created_at`, `s`.`document_number`, `s`.`email`, `s`.`full_name`, `s`.`is_active`, `s`.`updated_at`, `e`.`enrollment_id`, `e`.`enrolled_at`, `e`.`is_active`, `e`.`professor_id`, `e`.`student_id`, `e`.`subject_id`
FROM `students` AS `s`
LEFT JOIN `enrollments` AS `e` ON `s`.`student_id` = `e`.`student_id`
ORDER BY `s`.`student_id`
2026-05-03 17:03:09.531 -05:00 [INF] Found 1 active students
2026-05-03 17:03:09.531 -05:00 [INF] Executing OkObjectResult, writing value of type 'System.Collections.Generic.List`1[[StudentRegistration.Application.DTOs.StudentSummaryDto, StudentRegistration.Application, Version=1.0.0.0, Culture=neutral, PublicKeyToken=null]]'.
2026-05-03 17:03:09.532 -05:00 [INF] Executed action StudentRegistration.Presentation.Controllers.StudentsController.GetAll (StudentRegistration.Presentation) in 10.5791ms
2026-05-03 17:03:09.534 -05:00 [INF] Executed endpoint 'StudentRegistration.Presentation.Controllers.StudentsController.GetAll (StudentRegistration.Presentation)'
2026-05-03 17:03:09.535 -05:00 [INF] HTTP GET /api/v1/students responded 200 in 15.1429 ms
2026-05-03 17:03:09.536 -05:00 [INF] Request finished HTTP/1.1 GET https://localhost:7082/api/v1/students - 200 null application/json; charset=utf-8 19.3279ms
2026-05-03 17:03:18.870 -05:00 [INF] Request starting HTTP/1.1 POST https://localhost:7082/api/v1/students - application/json 96
2026-05-03 17:03:18.873 -05:00 [INF] No CORS policy found for the specified request.
2026-05-03 17:03:18.873 -05:00 [INF] Executing endpoint 'StudentRegistration.Presentation.Controllers.StudentsController.Register (StudentRegistration.Presentation)'
2026-05-03 17:03:18.876 -05:00 [INF] Route matched with {action = "Register", controller = "Students"}. Executing controller action with signature System.Threading.Tasks.Task`1[Microsoft.AspNetCore.Mvc.IActionResult] Register(StudentRegistration.Application.Commands.RegisterStudentCommand, System.Threading.CancellationToken) on controller StudentRegistration.Presentation.Controllers.StudentsController (StudentRegistration.Presentation).
2026-05-03 17:03:18.902 -05:00 [INF] Registering student with email valeria.rm.6262@gmail.com
2026-05-03 17:03:18.938 -05:00 [INF] Executed DbCommand (13ms) [Parameters=[@__email_0='?' (Size = 255)], CommandType='"Text"', CommandTimeout='30']
SELECT `s`.`student_id`, `s`.`created_at`, `s`.`document_number`, `s`.`email`, `s`.`full_name`, `s`.`is_active`, `s`.`updated_at`
FROM `students` AS `s`
WHERE `s`.`email` = @__email_0
LIMIT 1
2026-05-03 17:03:18.945 -05:00 [INF] Executed DbCommand (1ms) [Parameters=[@__documentNumber_0='?' (Size = 20)], CommandType='"Text"', CommandTimeout='30']
SELECT `s`.`student_id`, `s`.`created_at`, `s`.`document_number`, `s`.`email`, `s`.`full_name`, `s`.`is_active`, `s`.`updated_at`
FROM `students` AS `s`
WHERE `s`.`document_number` = @__documentNumber_0
LIMIT 1
2026-05-03 17:03:19.023 -05:00 [INF] Executed DbCommand (2ms) [Parameters=[@p0='?' (DbType = Guid), @p1='?' (DbType = DateTime), @p2='?' (Size = 20), @p3='?' (Size = 255), @p4='?' (Size = 150), @p5='?' (DbType = DateTime)], CommandType='"Text"', CommandTimeout='30']
INSERT INTO `students` (`student_id`, `created_at`, `document_number`, `email`, `full_name`, `updated_at`)
VALUES (@p0, @p1, @p2, @p3, @p4, @p5);
SELECT `is_active`
FROM `students`
WHERE ROW_COUNT() = 1 AND `student_id` = @p0;
2026-05-03 17:03:19.044 -05:00 [INF] Student "7ab9a49b-ed37-4d43-a550-59f63effb5cc" registered successfully
2026-05-03 17:03:19.048 -05:00 [INF] Executing CreatedAtActionResult, writing value of type 'StudentRegistration.Application.DTOs.StudentDto'.
2026-05-03 17:03:19.064 -05:00 [INF] Executed action StudentRegistration.Presentation.Controllers.StudentsController.Register (StudentRegistration.Presentation) in 186.6115ms
2026-05-03 17:03:19.065 -05:00 [INF] Executed endpoint 'StudentRegistration.Presentation.Controllers.StudentsController.Register (StudentRegistration.Presentation)'
2026-05-03 17:03:19.066 -05:00 [INF] HTTP POST /api/v1/students responded 201 in 193.1026 ms
2026-05-03 17:03:19.068 -05:00 [INF] Request finished HTTP/1.1 POST https://localhost:7082/api/v1/students - 201 null application/json; charset=utf-8 197.9614ms
2026-05-03 17:03:19.076 -05:00 [INF] Request starting HTTP/1.1 GET https://localhost:7082/api/v1/students - null null
2026-05-03 17:03:19.079 -05:00 [INF] Executing endpoint 'StudentRegistration.Presentation.Controllers.StudentsController.GetAll (StudentRegistration.Presentation)'
2026-05-03 17:03:19.079 -05:00 [INF] Route matched with {action = "GetAll", controller = "Students"}. Executing controller action with signature System.Threading.Tasks.Task`1[Microsoft.AspNetCore.Mvc.IActionResult] GetAll(System.Threading.CancellationToken) on controller StudentRegistration.Presentation.Controllers.StudentsController (StudentRegistration.Presentation).
2026-05-03 17:03:19.081 -05:00 [INF] Getting all active students
2026-05-03 17:03:19.086 -05:00 [INF] Executed DbCommand (2ms) [Parameters=[], CommandType='"Text"', CommandTimeout='30']
SELECT `s`.`student_id`, `s`.`created_at`, `s`.`document_number`, `s`.`email`, `s`.`full_name`, `s`.`is_active`, `s`.`updated_at`, `e`.`enrollment_id`, `e`.`enrolled_at`, `e`.`is_active`, `e`.`professor_id`, `e`.`student_id`, `e`.`subject_id`
FROM `students` AS `s`
LEFT JOIN `enrollments` AS `e` ON `s`.`student_id` = `e`.`student_id`
ORDER BY `s`.`student_id`
2026-05-03 17:03:19.088 -05:00 [INF] Found 2 active students
2026-05-03 17:03:19.089 -05:00 [INF] Executing OkObjectResult, writing value of type 'System.Collections.Generic.List`1[[StudentRegistration.Application.DTOs.StudentSummaryDto, StudentRegistration.Application, Version=1.0.0.0, Culture=neutral, PublicKeyToken=null]]'.
2026-05-03 17:03:19.090 -05:00 [INF] Executed action StudentRegistration.Presentation.Controllers.StudentsController.GetAll (StudentRegistration.Presentation) in 8.8749ms
2026-05-03 17:03:19.091 -05:00 [INF] Executed endpoint 'StudentRegistration.Presentation.Controllers.StudentsController.GetAll (StudentRegistration.Presentation)'
2026-05-03 17:03:19.091 -05:00 [INF] HTTP GET /api/v1/students responded 200 in 12.9943 ms
2026-05-03 17:03:19.093 -05:00 [INF] Request finished HTTP/1.1 GET https://localhost:7082/api/v1/students - 200 null application/json; charset=utf-8 16.7197ms
2026-05-03 17:03:21.900 -05:00 [INF] Request starting HTTP/1.1 GET https://localhost:7082/api/v1/students/78b82ddc-83fd-4529-9765-b4889ffe700c - null null
2026-05-03 17:03:21.902 -05:00 [INF] Request starting HTTP/1.1 GET https://localhost:7082/api/v1/subjects - null null
2026-05-03 17:03:21.907 -05:00 [INF] Executing endpoint 'StudentRegistration.Presentation.Controllers.StudentsController.GetById (StudentRegistration.Presentation)'
2026-05-03 17:03:21.910 -05:00 [INF] Executing endpoint 'StudentRegistration.Presentation.Controllers.SubjectsController.GetAll (StudentRegistration.Presentation)'
2026-05-03 17:03:21.916 -05:00 [INF] Route matched with {action = "GetAll", controller = "Subjects"}. Executing controller action with signature System.Threading.Tasks.Task`1[Microsoft.AspNetCore.Mvc.IActionResult] GetAll(System.Threading.CancellationToken) on controller StudentRegistration.Presentation.Controllers.SubjectsController (StudentRegistration.Presentation).
2026-05-03 17:03:21.917 -05:00 [INF] Route matched with {action = "GetById", controller = "Students"}. Executing controller action with signature System.Threading.Tasks.Task`1[Microsoft.AspNetCore.Mvc.IActionResult] GetById(System.Guid, System.Threading.CancellationToken) on controller StudentRegistration.Presentation.Controllers.StudentsController (StudentRegistration.Presentation).
2026-05-03 17:03:21.920 -05:00 [INF] Getting all subjects
2026-05-03 17:03:21.927 -05:00 [INF] Executed DbCommand (2ms) [Parameters=[], CommandType='"Text"', CommandTimeout='30']
SELECT `s`.`subject_id`, `s`.`credits`, `s`.`name`, `s`.`professor_id`, `p`.`professor_id`, `p`.`full_name`
FROM `subjects` AS `s`
INNER JOIN `professors` AS `p` ON `s`.`professor_id` = `p`.`professor_id`
2026-05-03 17:03:21.930 -05:00 [INF] Getting student "78b82ddc-83fd-4529-9765-b4889ffe700c"
2026-05-03 17:03:21.936 -05:00 [INF] Found 10 subjects
2026-05-03 17:03:21.937 -05:00 [INF] Executing OkObjectResult, writing value of type 'System.Collections.Generic.List`1[[StudentRegistration.Application.DTOs.SubjectDto, StudentRegistration.Application, Version=1.0.0.0, Culture=neutral, PublicKeyToken=null]]'.
2026-05-03 17:03:21.940 -05:00 [INF] Executed action StudentRegistration.Presentation.Controllers.SubjectsController.GetAll (StudentRegistration.Presentation) in 21.0464ms
2026-05-03 17:03:21.943 -05:00 [INF] Executed endpoint 'StudentRegistration.Presentation.Controllers.SubjectsController.GetAll (StudentRegistration.Presentation)'
2026-05-03 17:03:21.945 -05:00 [INF] HTTP GET /api/v1/subjects responded 200 in 34.8491 ms
2026-05-03 17:03:21.947 -05:00 [INF] Request finished HTTP/1.1 GET https://localhost:7082/api/v1/subjects - 200 null application/json; charset=utf-8 45.709ms
2026-05-03 17:03:21.962 -05:00 [INF] Executed DbCommand (1ms) [Parameters=[@__id_0='?' (DbType = Guid)], CommandType='"Text"', CommandTimeout='30']
SELECT `t`.`student_id`, `t`.`created_at`, `t`.`document_number`, `t`.`email`, `t`.`full_name`, `t`.`is_active`, `t`.`updated_at`, `t0`.`enrollment_id`, `t0`.`enrolled_at`, `t0`.`is_active`, `t0`.`professor_id`, `t0`.`student_id`, `t0`.`subject_id`, `t0`.`subject_id0`, `t0`.`credits`, `t0`.`name`, `t0`.`professor_id0`, `t0`.`professor_id1`, `t0`.`full_name`
FROM (
    SELECT `s`.`student_id`, `s`.`created_at`, `s`.`document_number`, `s`.`email`, `s`.`full_name`, `s`.`is_active`, `s`.`updated_at`
    FROM `students` AS `s`
    WHERE `s`.`student_id` = @__id_0
    LIMIT 1
) AS `t`
LEFT JOIN (
    SELECT `e`.`enrollment_id`, `e`.`enrolled_at`, `e`.`is_active`, `e`.`professor_id`, `e`.`student_id`, `e`.`subject_id`, `s0`.`subject_id` AS `subject_id0`, `s0`.`credits`, `s0`.`name`, `s0`.`professor_id` AS `professor_id0`, `p`.`professor_id` AS `professor_id1`, `p`.`full_name`
    FROM `enrollments` AS `e`
    INNER JOIN `subjects` AS `s0` ON `e`.`subject_id` = `s0`.`subject_id`
    INNER JOIN `professors` AS `p` ON `s0`.`professor_id` = `p`.`professor_id`
) AS `t0` ON `t`.`student_id` = `t0`.`student_id`
ORDER BY `t`.`student_id`, `t0`.`enrollment_id`, `t0`.`subject_id0`
2026-05-03 17:03:21.967 -05:00 [INF] Student "78b82ddc-83fd-4529-9765-b4889ffe700c" retrieved
2026-05-03 17:03:21.969 -05:00 [INF] Executing OkObjectResult, writing value of type 'StudentRegistration.Application.DTOs.StudentDto'.
2026-05-03 17:03:21.970 -05:00 [INF] Executed action StudentRegistration.Presentation.Controllers.StudentsController.GetById (StudentRegistration.Presentation) in 48.5418ms
2026-05-03 17:03:21.971 -05:00 [INF] Executed endpoint 'StudentRegistration.Presentation.Controllers.StudentsController.GetById (StudentRegistration.Presentation)'
2026-05-03 17:03:21.972 -05:00 [INF] HTTP GET /api/v1/students/78b82ddc-83fd-4529-9765-b4889ffe700c responded 200 in 65.6000 ms
2026-05-03 17:03:21.974 -05:00 [INF] Request finished HTTP/1.1 GET https://localhost:7082/api/v1/students/78b82ddc-83fd-4529-9765-b4889ffe700c - 200 null application/json; charset=utf-8 73.9773ms
2026-05-03 17:03:33.677 -05:00 [INF] Request starting HTTP/1.1 POST https://localhost:7082/api/v1/students/78b82ddc-83fd-4529-9765-b4889ffe700c/enrollments - application/json 52
2026-05-03 17:03:33.680 -05:00 [INF] No CORS policy found for the specified request.
2026-05-03 17:03:33.681 -05:00 [INF] Executing endpoint 'StudentRegistration.Presentation.Controllers.EnrollmentsController.Enroll (StudentRegistration.Presentation)'
2026-05-03 17:03:33.684 -05:00 [INF] Route matched with {action = "Enroll", controller = "Enrollments"}. Executing controller action with signature System.Threading.Tasks.Task`1[Microsoft.AspNetCore.Mvc.IActionResult] Enroll(System.Guid, StudentRegistration.Application.Commands.EnrollStudentCommand, System.Threading.CancellationToken) on controller StudentRegistration.Presentation.Controllers.EnrollmentsController (StudentRegistration.Presentation).
2026-05-03 17:03:33.696 -05:00 [INF] Enrolling student "78b82ddc-83fd-4529-9765-b4889ffe700c" in subject "20000000-0000-0000-0000-000000000002"
2026-05-03 17:03:33.702 -05:00 [INF] Executed DbCommand (2ms) [Parameters=[@__id_0='?' (DbType = Guid)], CommandType='"Text"', CommandTimeout='30']
SELECT `t`.`student_id`, `t`.`created_at`, `t`.`document_number`, `t`.`email`, `t`.`full_name`, `t`.`is_active`, `t`.`updated_at`, `t0`.`enrollment_id`, `t0`.`enrolled_at`, `t0`.`is_active`, `t0`.`professor_id`, `t0`.`student_id`, `t0`.`subject_id`, `t0`.`subject_id0`, `t0`.`credits`, `t0`.`name`, `t0`.`professor_id0`, `t0`.`professor_id1`, `t0`.`full_name`
FROM (
    SELECT `s`.`student_id`, `s`.`created_at`, `s`.`document_number`, `s`.`email`, `s`.`full_name`, `s`.`is_active`, `s`.`updated_at`
    FROM `students` AS `s`
    WHERE `s`.`student_id` = @__id_0
    LIMIT 1
) AS `t`
LEFT JOIN (
    SELECT `e`.`enrollment_id`, `e`.`enrolled_at`, `e`.`is_active`, `e`.`professor_id`, `e`.`student_id`, `e`.`subject_id`, `s0`.`subject_id` AS `subject_id0`, `s0`.`credits`, `s0`.`name`, `s0`.`professor_id` AS `professor_id0`, `p`.`professor_id` AS `professor_id1`, `p`.`full_name`
    FROM `enrollments` AS `e`
    INNER JOIN `subjects` AS `s0` ON `e`.`subject_id` = `s0`.`subject_id`
    INNER JOIN `professors` AS `p` ON `s0`.`professor_id` = `p`.`professor_id`
) AS `t0` ON `t`.`student_id` = `t0`.`student_id`
ORDER BY `t`.`student_id`, `t0`.`enrollment_id`, `t0`.`subject_id0`
2026-05-03 17:03:33.711 -05:00 [INF] Executed DbCommand (1ms) [Parameters=[@__id_0='?' (DbType = Guid)], CommandType='"Text"', CommandTimeout='30']
SELECT `s`.`subject_id`, `s`.`credits`, `s`.`name`, `s`.`professor_id`, `p`.`professor_id`, `p`.`full_name`
FROM `subjects` AS `s`
INNER JOIN `professors` AS `p` ON `s`.`professor_id` = `p`.`professor_id`
WHERE `s`.`subject_id` = @__id_0
LIMIT 1
2026-05-03 17:03:33.750 -05:00 [INF] Executed DbCommand (1ms) [Parameters=[@p0='?' (DbType = Guid), @p1='?' (DbType = DateTime), @p2='?' (DbType = Guid), @p3='?' (DbType = Guid), @p4='?' (DbType = Guid), @p11='?' (DbType = Guid), @p5='?' (DbType = DateTime), @p6='?' (Size = 20), @p7='?' (Size = 255), @p8='?' (Size = 150), @p9='?' (DbType = Boolean), @p10='?' (DbType = DateTime)], CommandType='"Text"', CommandTimeout='30']
INSERT INTO `enrollments` (`enrollment_id`, `enrolled_at`, `professor_id`, `student_id`, `subject_id`)
VALUES (@p0, @p1, @p2, @p3, @p4);
SELECT `is_active`
FROM `enrollments`
WHERE ROW_COUNT() = 1 AND `enrollment_id` = @p0;

UPDATE `students` SET `created_at` = @p5, `document_number` = @p6, `email` = @p7, `full_name` = @p8, `is_active` = @p9, `updated_at` = @p10
WHERE `student_id` = @p11;
SELECT ROW_COUNT();
2026-05-03 17:03:33.764 -05:00 [INF] Student "78b82ddc-83fd-4529-9765-b4889ffe700c" enrolled in subject "20000000-0000-0000-0000-000000000002"
2026-05-03 17:03:33.765 -05:00 [INF] Executing ObjectResult, writing value of type 'StudentRegistration.Application.DTOs.EnrollmentDto'.
2026-05-03 17:03:33.766 -05:00 [INF] Executed action StudentRegistration.Presentation.Controllers.EnrollmentsController.Enroll (StudentRegistration.Presentation) in 80.4809ms
2026-05-03 17:03:33.768 -05:00 [INF] Executed endpoint 'StudentRegistration.Presentation.Controllers.EnrollmentsController.Enroll (StudentRegistration.Presentation)'
2026-05-03 17:03:33.769 -05:00 [INF] HTTP POST /api/v1/students/78b82ddc-83fd-4529-9765-b4889ffe700c/enrollments responded 201 in 87.6365 ms
2026-05-03 17:03:33.770 -05:00 [INF] Request finished HTTP/1.1 POST https://localhost:7082/api/v1/students/78b82ddc-83fd-4529-9765-b4889ffe700c/enrollments - 201 null application/json; charset=utf-8 93.7183ms
2026-05-03 17:03:33.780 -05:00 [INF] Request starting HTTP/1.1 GET https://localhost:7082/api/v1/students/78b82ddc-83fd-4529-9765-b4889ffe700c - null null
2026-05-03 17:03:33.782 -05:00 [INF] Executing endpoint 'StudentRegistration.Presentation.Controllers.StudentsController.GetById (StudentRegistration.Presentation)'
2026-05-03 17:03:33.783 -05:00 [INF] Route matched with {action = "GetById", controller = "Students"}. Executing controller action with signature System.Threading.Tasks.Task`1[Microsoft.AspNetCore.Mvc.IActionResult] GetById(System.Guid, System.Threading.CancellationToken) on controller StudentRegistration.Presentation.Controllers.StudentsController (StudentRegistration.Presentation).
2026-05-03 17:03:33.784 -05:00 [INF] Getting student "78b82ddc-83fd-4529-9765-b4889ffe700c"
2026-05-03 17:03:33.789 -05:00 [INF] Executed DbCommand (2ms) [Parameters=[@__id_0='?' (DbType = Guid)], CommandType='"Text"', CommandTimeout='30']
SELECT `t`.`student_id`, `t`.`created_at`, `t`.`document_number`, `t`.`email`, `t`.`full_name`, `t`.`is_active`, `t`.`updated_at`, `t0`.`enrollment_id`, `t0`.`enrolled_at`, `t0`.`is_active`, `t0`.`professor_id`, `t0`.`student_id`, `t0`.`subject_id`, `t0`.`subject_id0`, `t0`.`credits`, `t0`.`name`, `t0`.`professor_id0`, `t0`.`professor_id1`, `t0`.`full_name`
FROM (
    SELECT `s`.`student_id`, `s`.`created_at`, `s`.`document_number`, `s`.`email`, `s`.`full_name`, `s`.`is_active`, `s`.`updated_at`
    FROM `students` AS `s`
    WHERE `s`.`student_id` = @__id_0
    LIMIT 1
) AS `t`
LEFT JOIN (
    SELECT `e`.`enrollment_id`, `e`.`enrolled_at`, `e`.`is_active`, `e`.`professor_id`, `e`.`student_id`, `e`.`subject_id`, `s0`.`subject_id` AS `subject_id0`, `s0`.`credits`, `s0`.`name`, `s0`.`professor_id` AS `professor_id0`, `p`.`professor_id` AS `professor_id1`, `p`.`full_name`
    FROM `enrollments` AS `e`
    INNER JOIN `subjects` AS `s0` ON `e`.`subject_id` = `s0`.`subject_id`
    INNER JOIN `professors` AS `p` ON `s0`.`professor_id` = `p`.`professor_id`
) AS `t0` ON `t`.`student_id` = `t0`.`student_id`
ORDER BY `t`.`student_id`, `t0`.`enrollment_id`, `t0`.`subject_id0`
2026-05-03 17:03:33.794 -05:00 [INF] Student "78b82ddc-83fd-4529-9765-b4889ffe700c" retrieved
2026-05-03 17:03:33.796 -05:00 [INF] Executing OkObjectResult, writing value of type 'StudentRegistration.Application.DTOs.StudentDto'.
2026-05-03 17:03:33.797 -05:00 [INF] Executed action StudentRegistration.Presentation.Controllers.StudentsController.GetById (StudentRegistration.Presentation) in 12.786ms
2026-05-03 17:03:33.798 -05:00 [INF] Executed endpoint 'StudentRegistration.Presentation.Controllers.StudentsController.GetById (StudentRegistration.Presentation)'
2026-05-03 17:03:33.798 -05:00 [INF] HTTP GET /api/v1/students/78b82ddc-83fd-4529-9765-b4889ffe700c responded 200 in 16.7913 ms
2026-05-03 17:03:33.800 -05:00 [INF] Request finished HTTP/1.1 GET https://localhost:7082/api/v1/students/78b82ddc-83fd-4529-9765-b4889ffe700c - 200 null application/json; charset=utf-8 20.3568ms
2026-05-03 17:03:41.143 -05:00 [INF] Request starting HTTP/1.1 POST https://localhost:7082/api/v1/students/78b82ddc-83fd-4529-9765-b4889ffe700c/enrollments - application/json 52
2026-05-03 17:03:41.146 -05:00 [INF] No CORS policy found for the specified request.
2026-05-03 17:03:41.146 -05:00 [INF] Executing endpoint 'StudentRegistration.Presentation.Controllers.EnrollmentsController.Enroll (StudentRegistration.Presentation)'
2026-05-03 17:03:41.147 -05:00 [INF] Route matched with {action = "Enroll", controller = "Enrollments"}. Executing controller action with signature System.Threading.Tasks.Task`1[Microsoft.AspNetCore.Mvc.IActionResult] Enroll(System.Guid, StudentRegistration.Application.Commands.EnrollStudentCommand, System.Threading.CancellationToken) on controller StudentRegistration.Presentation.Controllers.EnrollmentsController (StudentRegistration.Presentation).
2026-05-03 17:03:41.150 -05:00 [INF] Enrolling student "78b82ddc-83fd-4529-9765-b4889ffe700c" in subject "20000000-0000-0000-0000-000000000009"
2026-05-03 17:03:41.155 -05:00 [INF] Executed DbCommand (2ms) [Parameters=[@__id_0='?' (DbType = Guid)], CommandType='"Text"', CommandTimeout='30']
SELECT `t`.`student_id`, `t`.`created_at`, `t`.`document_number`, `t`.`email`, `t`.`full_name`, `t`.`is_active`, `t`.`updated_at`, `t0`.`enrollment_id`, `t0`.`enrolled_at`, `t0`.`is_active`, `t0`.`professor_id`, `t0`.`student_id`, `t0`.`subject_id`, `t0`.`subject_id0`, `t0`.`credits`, `t0`.`name`, `t0`.`professor_id0`, `t0`.`professor_id1`, `t0`.`full_name`
FROM (
    SELECT `s`.`student_id`, `s`.`created_at`, `s`.`document_number`, `s`.`email`, `s`.`full_name`, `s`.`is_active`, `s`.`updated_at`
    FROM `students` AS `s`
    WHERE `s`.`student_id` = @__id_0
    LIMIT 1
) AS `t`
LEFT JOIN (
    SELECT `e`.`enrollment_id`, `e`.`enrolled_at`, `e`.`is_active`, `e`.`professor_id`, `e`.`student_id`, `e`.`subject_id`, `s0`.`subject_id` AS `subject_id0`, `s0`.`credits`, `s0`.`name`, `s0`.`professor_id` AS `professor_id0`, `p`.`professor_id` AS `professor_id1`, `p`.`full_name`
    FROM `enrollments` AS `e`
    INNER JOIN `subjects` AS `s0` ON `e`.`subject_id` = `s0`.`subject_id`
    INNER JOIN `professors` AS `p` ON `s0`.`professor_id` = `p`.`professor_id`
) AS `t0` ON `t`.`student_id` = `t0`.`student_id`
ORDER BY `t`.`student_id`, `t0`.`enrollment_id`, `t0`.`subject_id0`
2026-05-03 17:03:41.160 -05:00 [INF] Executed DbCommand (1ms) [Parameters=[@__id_0='?' (DbType = Guid)], CommandType='"Text"', CommandTimeout='30']
SELECT `s`.`subject_id`, `s`.`credits`, `s`.`name`, `s`.`professor_id`, `p`.`professor_id`, `p`.`full_name`
FROM `subjects` AS `s`
INNER JOIN `professors` AS `p` ON `s`.`professor_id` = `p`.`professor_id`
WHERE `s`.`subject_id` = @__id_0
LIMIT 1
2026-05-03 17:03:41.167 -05:00 [INF] Executed DbCommand (1ms) [Parameters=[@p0='?' (DbType = Guid), @p1='?' (DbType = DateTime), @p2='?' (DbType = Guid), @p3='?' (DbType = Guid), @p4='?' (DbType = Guid), @p11='?' (DbType = Guid), @p5='?' (DbType = DateTime), @p6='?' (Size = 20), @p7='?' (Size = 255), @p8='?' (Size = 150), @p9='?' (DbType = Boolean), @p10='?' (DbType = DateTime)], CommandType='"Text"', CommandTimeout='30']
INSERT INTO `enrollments` (`enrollment_id`, `enrolled_at`, `professor_id`, `student_id`, `subject_id`)
VALUES (@p0, @p1, @p2, @p3, @p4);
SELECT `is_active`
FROM `enrollments`
WHERE ROW_COUNT() = 1 AND `enrollment_id` = @p0;

UPDATE `students` SET `created_at` = @p5, `document_number` = @p6, `email` = @p7, `full_name` = @p8, `is_active` = @p9, `updated_at` = @p10
WHERE `student_id` = @p11;
SELECT ROW_COUNT();
2026-05-03 17:03:41.172 -05:00 [INF] Student "78b82ddc-83fd-4529-9765-b4889ffe700c" enrolled in subject "20000000-0000-0000-0000-000000000009"
2026-05-03 17:03:41.173 -05:00 [INF] Executing ObjectResult, writing value of type 'StudentRegistration.Application.DTOs.EnrollmentDto'.
2026-05-03 17:03:41.174 -05:00 [INF] Executed action StudentRegistration.Presentation.Controllers.EnrollmentsController.Enroll (StudentRegistration.Presentation) in 25.3419ms
2026-05-03 17:03:41.175 -05:00 [INF] Executed endpoint 'StudentRegistration.Presentation.Controllers.EnrollmentsController.Enroll (StudentRegistration.Presentation)'
2026-05-03 17:03:41.176 -05:00 [INF] HTTP POST /api/v1/students/78b82ddc-83fd-4529-9765-b4889ffe700c/enrollments responded 201 in 29.4095 ms
2026-05-03 17:03:41.178 -05:00 [INF] Request finished HTTP/1.1 POST https://localhost:7082/api/v1/students/78b82ddc-83fd-4529-9765-b4889ffe700c/enrollments - 201 null application/json; charset=utf-8 34.6742ms
2026-05-03 17:03:41.185 -05:00 [INF] Request starting HTTP/1.1 GET https://localhost:7082/api/v1/students/78b82ddc-83fd-4529-9765-b4889ffe700c - null null
2026-05-03 17:03:41.187 -05:00 [INF] Executing endpoint 'StudentRegistration.Presentation.Controllers.StudentsController.GetById (StudentRegistration.Presentation)'
2026-05-03 17:03:41.187 -05:00 [INF] Route matched with {action = "GetById", controller = "Students"}. Executing controller action with signature System.Threading.Tasks.Task`1[Microsoft.AspNetCore.Mvc.IActionResult] GetById(System.Guid, System.Threading.CancellationToken) on controller StudentRegistration.Presentation.Controllers.StudentsController (StudentRegistration.Presentation).
2026-05-03 17:03:41.189 -05:00 [INF] Getting student "78b82ddc-83fd-4529-9765-b4889ffe700c"
2026-05-03 17:03:41.193 -05:00 [INF] Executed DbCommand (2ms) [Parameters=[@__id_0='?' (DbType = Guid)], CommandType='"Text"', CommandTimeout='30']
SELECT `t`.`student_id`, `t`.`created_at`, `t`.`document_number`, `t`.`email`, `t`.`full_name`, `t`.`is_active`, `t`.`updated_at`, `t0`.`enrollment_id`, `t0`.`enrolled_at`, `t0`.`is_active`, `t0`.`professor_id`, `t0`.`student_id`, `t0`.`subject_id`, `t0`.`subject_id0`, `t0`.`credits`, `t0`.`name`, `t0`.`professor_id0`, `t0`.`professor_id1`, `t0`.`full_name`
FROM (
    SELECT `s`.`student_id`, `s`.`created_at`, `s`.`document_number`, `s`.`email`, `s`.`full_name`, `s`.`is_active`, `s`.`updated_at`
    FROM `students` AS `s`
    WHERE `s`.`student_id` = @__id_0
    LIMIT 1
) AS `t`
LEFT JOIN (
    SELECT `e`.`enrollment_id`, `e`.`enrolled_at`, `e`.`is_active`, `e`.`professor_id`, `e`.`student_id`, `e`.`subject_id`, `s0`.`subject_id` AS `subject_id0`, `s0`.`credits`, `s0`.`name`, `s0`.`professor_id` AS `professor_id0`, `p`.`professor_id` AS `professor_id1`, `p`.`full_name`
    FROM `enrollments` AS `e`
    INNER JOIN `subjects` AS `s0` ON `e`.`subject_id` = `s0`.`subject_id`
    INNER JOIN `professors` AS `p` ON `s0`.`professor_id` = `p`.`professor_id`
) AS `t0` ON `t`.`student_id` = `t0`.`student_id`
ORDER BY `t`.`student_id`, `t0`.`enrollment_id`, `t0`.`subject_id0`
2026-05-03 17:03:41.196 -05:00 [INF] Student "78b82ddc-83fd-4529-9765-b4889ffe700c" retrieved
2026-05-03 17:03:41.197 -05:00 [INF] Executing OkObjectResult, writing value of type 'StudentRegistration.Application.DTOs.StudentDto'.
2026-05-03 17:03:41.198 -05:00 [INF] Executed action StudentRegistration.Presentation.Controllers.StudentsController.GetById (StudentRegistration.Presentation) in 9.4469ms
2026-05-03 17:03:41.199 -05:00 [INF] Executed endpoint 'StudentRegistration.Presentation.Controllers.StudentsController.GetById (StudentRegistration.Presentation)'
2026-05-03 17:03:41.200 -05:00 [INF] HTTP GET /api/v1/students/78b82ddc-83fd-4529-9765-b4889ffe700c responded 200 in 13.6445 ms
2026-05-03 17:03:41.201 -05:00 [INF] Request finished HTTP/1.1 GET https://localhost:7082/api/v1/students/78b82ddc-83fd-4529-9765-b4889ffe700c - 200 null application/json; charset=utf-8 16.9286ms
2026-05-03 17:03:44.134 -05:00 [INF] Request starting HTTP/1.1 POST https://localhost:7082/api/v1/students/78b82ddc-83fd-4529-9765-b4889ffe700c/enrollments - application/json 52
2026-05-03 17:03:44.136 -05:00 [INF] No CORS policy found for the specified request.
2026-05-03 17:03:44.136 -05:00 [INF] Executing endpoint 'StudentRegistration.Presentation.Controllers.EnrollmentsController.Enroll (StudentRegistration.Presentation)'
2026-05-03 17:03:44.137 -05:00 [INF] Route matched with {action = "Enroll", controller = "Enrollments"}. Executing controller action with signature System.Threading.Tasks.Task`1[Microsoft.AspNetCore.Mvc.IActionResult] Enroll(System.Guid, StudentRegistration.Application.Commands.EnrollStudentCommand, System.Threading.CancellationToken) on controller StudentRegistration.Presentation.Controllers.EnrollmentsController (StudentRegistration.Presentation).
2026-05-03 17:03:44.142 -05:00 [INF] Enrolling student "78b82ddc-83fd-4529-9765-b4889ffe700c" in subject "20000000-0000-0000-0000-000000000010"
2026-05-03 17:03:44.147 -05:00 [INF] Executed DbCommand (2ms) [Parameters=[@__id_0='?' (DbType = Guid)], CommandType='"Text"', CommandTimeout='30']
SELECT `t`.`student_id`, `t`.`created_at`, `t`.`document_number`, `t`.`email`, `t`.`full_name`, `t`.`is_active`, `t`.`updated_at`, `t0`.`enrollment_id`, `t0`.`enrolled_at`, `t0`.`is_active`, `t0`.`professor_id`, `t0`.`student_id`, `t0`.`subject_id`, `t0`.`subject_id0`, `t0`.`credits`, `t0`.`name`, `t0`.`professor_id0`, `t0`.`professor_id1`, `t0`.`full_name`
FROM (
    SELECT `s`.`student_id`, `s`.`created_at`, `s`.`document_number`, `s`.`email`, `s`.`full_name`, `s`.`is_active`, `s`.`updated_at`
    FROM `students` AS `s`
    WHERE `s`.`student_id` = @__id_0
    LIMIT 1
) AS `t`
LEFT JOIN (
    SELECT `e`.`enrollment_id`, `e`.`enrolled_at`, `e`.`is_active`, `e`.`professor_id`, `e`.`student_id`, `e`.`subject_id`, `s0`.`subject_id` AS `subject_id0`, `s0`.`credits`, `s0`.`name`, `s0`.`professor_id` AS `professor_id0`, `p`.`professor_id` AS `professor_id1`, `p`.`full_name`
    FROM `enrollments` AS `e`
    INNER JOIN `subjects` AS `s0` ON `e`.`subject_id` = `s0`.`subject_id`
    INNER JOIN `professors` AS `p` ON `s0`.`professor_id` = `p`.`professor_id`
) AS `t0` ON `t`.`student_id` = `t0`.`student_id`
ORDER BY `t`.`student_id`, `t0`.`enrollment_id`, `t0`.`subject_id0`
2026-05-03 17:03:44.153 -05:00 [INF] Executed DbCommand (1ms) [Parameters=[@__id_0='?' (DbType = Guid)], CommandType='"Text"', CommandTimeout='30']
SELECT `s`.`subject_id`, `s`.`credits`, `s`.`name`, `s`.`professor_id`, `p`.`professor_id`, `p`.`full_name`
FROM `subjects` AS `s`
INNER JOIN `professors` AS `p` ON `s`.`professor_id` = `p`.`professor_id`
WHERE `s`.`subject_id` = @__id_0
LIMIT 1
2026-05-03 17:03:44.197 -05:00 [INF] Executed action StudentRegistration.Presentation.Controllers.EnrollmentsController.Enroll (StudentRegistration.Presentation) in 57.9247ms
2026-05-03 17:03:44.198 -05:00 [INF] Executed endpoint 'StudentRegistration.Presentation.Controllers.EnrollmentsController.Enroll (StudentRegistration.Presentation)'
2026-05-03 17:03:44.200 -05:00 [ERR] HTTP POST /api/v1/students/78b82ddc-83fd-4529-9765-b4889ffe700c/enrollments responded 500 in 63.3329 ms
StudentRegistration.Domain.Exceptions.SameProfessorConflictException: El estudiante ya tiene una materia con este profesor.
   at StudentRegistration.Domain.Entities.Student.AddEnrollment(Subject subject) in C:\Users\VALERIA\source\repos\StudentRegistration.API\StudentRegistration.Domain\Entities\Student.cs:line 105
   at StudentRegistration.Application.UseCases.EnrollStudentUseCase.ExecuteAsync(EnrollStudentCommand request, CancellationToken ct) in C:\Users\VALERIA\source\repos\StudentRegistration.API\StudentRegistration.Application\UseCases\EnrollStudentUseCase.cs:line 80
   at StudentRegistration.Presentation.Controllers.EnrollmentsController.Enroll(Guid studentId, EnrollStudentCommand command, CancellationToken ct) in C:\Users\VALERIA\source\repos\StudentRegistration.API\StudentRegistration.Presentation\Controllers\EnrollmentsController.cs:line 56
   at Microsoft.AspNetCore.Mvc.Infrastructure.ActionMethodExecutor.TaskOfIActionResultExecutor.Execute(ActionContext actionContext, IActionResultTypeMapper mapper, ObjectMethodExecutor executor, Object controller, Object[] arguments)
   at Microsoft.AspNetCore.Mvc.Infrastructure.ControllerActionInvoker.<InvokeActionMethodAsync>g__Awaited|12_0(ControllerActionInvoker invoker, ValueTask`1 actionResultValueTask)
   at Microsoft.AspNetCore.Mvc.Infrastructure.ControllerActionInvoker.<InvokeNextActionFilterAsync>g__Awaited|10_0(ControllerActionInvoker invoker, Task lastTask, State next, Scope scope, Object state, Boolean isCompleted)
   at Microsoft.AspNetCore.Mvc.Infrastructure.ControllerActionInvoker.Rethrow(ActionExecutedContextSealed context)
   at Microsoft.AspNetCore.Mvc.Infrastructure.ControllerActionInvoker.Next(State& next, Scope& scope, Object& state, Boolean& isCompleted)
   at Microsoft.AspNetCore.Mvc.Infrastructure.ControllerActionInvoker.<InvokeInnerFilterAsync>g__Awaited|13_0(ControllerActionInvoker invoker, Task lastTask, State next, Scope scope, Object state, Boolean isCompleted)
   at Microsoft.AspNetCore.Mvc.Infrastructure.ResourceInvoker.<InvokeFilterPipelineAsync>g__Awaited|20_0(ResourceInvoker invoker, Task lastTask, State next, Scope scope, Object state, Boolean isCompleted)
   at Microsoft.AspNetCore.Mvc.Infrastructure.ResourceInvoker.<InvokeAsync>g__Logged|17_1(ResourceInvoker invoker)
   at Microsoft.AspNetCore.Mvc.Infrastructure.ResourceInvoker.<InvokeAsync>g__Logged|17_1(ResourceInvoker invoker)
   at Microsoft.AspNetCore.Routing.EndpointMiddleware.<Invoke>g__AwaitRequestTask|7_0(Endpoint endpoint, Task requestTask, ILogger logger)
   at Microsoft.AspNetCore.Authorization.AuthorizationMiddleware.Invoke(HttpContext context)
   at Swashbuckle.AspNetCore.SwaggerUI.SwaggerUIMiddleware.Invoke(HttpContext httpContext)
   at Swashbuckle.AspNetCore.Swagger.SwaggerMiddleware.Invoke(HttpContext httpContext, ISwaggerProvider swaggerProvider)
   at Serilog.AspNetCore.RequestLoggingMiddleware.Invoke(HttpContext httpContext)
2026-05-03 17:03:44.249 -05:00 [WRN] Domain exception: El estudiante ya tiene una materia con este profesor.. TraceId: 0HNL9BU891P0H:00000001
2026-05-03 17:03:44.251 -05:00 [INF] Request finished HTTP/1.1 POST https://localhost:7082/api/v1/students/78b82ddc-83fd-4529-9765-b4889ffe700c/enrollments - 422 null application/json 117.8255ms
2026-05-03 17:03:51.538 -05:00 [INF] Request starting HTTP/1.1 POST https://localhost:7082/api/v1/students/78b82ddc-83fd-4529-9765-b4889ffe700c/enrollments - application/json 52
2026-05-03 17:03:51.541 -05:00 [INF] No CORS policy found for the specified request.
2026-05-03 17:03:51.541 -05:00 [INF] Executing endpoint 'StudentRegistration.Presentation.Controllers.EnrollmentsController.Enroll (StudentRegistration.Presentation)'
2026-05-03 17:03:51.542 -05:00 [INF] Route matched with {action = "Enroll", controller = "Enrollments"}. Executing controller action with signature System.Threading.Tasks.Task`1[Microsoft.AspNetCore.Mvc.IActionResult] Enroll(System.Guid, StudentRegistration.Application.Commands.EnrollStudentCommand, System.Threading.CancellationToken) on controller StudentRegistration.Presentation.Controllers.EnrollmentsController (StudentRegistration.Presentation).
2026-05-03 17:03:51.544 -05:00 [INF] Enrolling student "78b82ddc-83fd-4529-9765-b4889ffe700c" in subject "20000000-0000-0000-0000-000000000008"
2026-05-03 17:03:51.550 -05:00 [INF] Executed DbCommand (2ms) [Parameters=[@__id_0='?' (DbType = Guid)], CommandType='"Text"', CommandTimeout='30']
SELECT `t`.`student_id`, `t`.`created_at`, `t`.`document_number`, `t`.`email`, `t`.`full_name`, `t`.`is_active`, `t`.`updated_at`, `t0`.`enrollment_id`, `t0`.`enrolled_at`, `t0`.`is_active`, `t0`.`professor_id`, `t0`.`student_id`, `t0`.`subject_id`, `t0`.`subject_id0`, `t0`.`credits`, `t0`.`name`, `t0`.`professor_id0`, `t0`.`professor_id1`, `t0`.`full_name`
FROM (
    SELECT `s`.`student_id`, `s`.`created_at`, `s`.`document_number`, `s`.`email`, `s`.`full_name`, `s`.`is_active`, `s`.`updated_at`
    FROM `students` AS `s`
    WHERE `s`.`student_id` = @__id_0
    LIMIT 1
) AS `t`
LEFT JOIN (
    SELECT `e`.`enrollment_id`, `e`.`enrolled_at`, `e`.`is_active`, `e`.`professor_id`, `e`.`student_id`, `e`.`subject_id`, `s0`.`subject_id` AS `subject_id0`, `s0`.`credits`, `s0`.`name`, `s0`.`professor_id` AS `professor_id0`, `p`.`professor_id` AS `professor_id1`, `p`.`full_name`
    FROM `enrollments` AS `e`
    INNER JOIN `subjects` AS `s0` ON `e`.`subject_id` = `s0`.`subject_id`
    INNER JOIN `professors` AS `p` ON `s0`.`professor_id` = `p`.`professor_id`
) AS `t0` ON `t`.`student_id` = `t0`.`student_id`
ORDER BY `t`.`student_id`, `t0`.`enrollment_id`, `t0`.`subject_id0`
2026-05-03 17:03:51.554 -05:00 [INF] Executed DbCommand (1ms) [Parameters=[@__id_0='?' (DbType = Guid)], CommandType='"Text"', CommandTimeout='30']
SELECT `s`.`subject_id`, `s`.`credits`, `s`.`name`, `s`.`professor_id`, `p`.`professor_id`, `p`.`full_name`
FROM `subjects` AS `s`
INNER JOIN `professors` AS `p` ON `s`.`professor_id` = `p`.`professor_id`
WHERE `s`.`subject_id` = @__id_0
LIMIT 1
2026-05-03 17:03:51.560 -05:00 [INF] Executed DbCommand (1ms) [Parameters=[@p0='?' (DbType = Guid), @p1='?' (DbType = DateTime), @p2='?' (DbType = Guid), @p3='?' (DbType = Guid), @p4='?' (DbType = Guid), @p11='?' (DbType = Guid), @p5='?' (DbType = DateTime), @p6='?' (Size = 20), @p7='?' (Size = 255), @p8='?' (Size = 150), @p9='?' (DbType = Boolean), @p10='?' (DbType = DateTime)], CommandType='"Text"', CommandTimeout='30']
INSERT INTO `enrollments` (`enrollment_id`, `enrolled_at`, `professor_id`, `student_id`, `subject_id`)
VALUES (@p0, @p1, @p2, @p3, @p4);
SELECT `is_active`
FROM `enrollments`
WHERE ROW_COUNT() = 1 AND `enrollment_id` = @p0;

UPDATE `students` SET `created_at` = @p5, `document_number` = @p6, `email` = @p7, `full_name` = @p8, `is_active` = @p9, `updated_at` = @p10
WHERE `student_id` = @p11;
SELECT ROW_COUNT();
2026-05-03 17:03:51.568 -05:00 [INF] Student "78b82ddc-83fd-4529-9765-b4889ffe700c" enrolled in subject "20000000-0000-0000-0000-000000000008"
2026-05-03 17:03:51.569 -05:00 [INF] Executing ObjectResult, writing value of type 'StudentRegistration.Application.DTOs.EnrollmentDto'.
2026-05-03 17:03:51.571 -05:00 [INF] Executed action StudentRegistration.Presentation.Controllers.EnrollmentsController.Enroll (StudentRegistration.Presentation) in 27.0209ms
2026-05-03 17:03:51.572 -05:00 [INF] Executed endpoint 'StudentRegistration.Presentation.Controllers.EnrollmentsController.Enroll (StudentRegistration.Presentation)'
2026-05-03 17:03:51.573 -05:00 [INF] HTTP POST /api/v1/students/78b82ddc-83fd-4529-9765-b4889ffe700c/enrollments responded 201 in 31.5019 ms
2026-05-03 17:03:51.575 -05:00 [INF] Request finished HTTP/1.1 POST https://localhost:7082/api/v1/students/78b82ddc-83fd-4529-9765-b4889ffe700c/enrollments - 201 null application/json; charset=utf-8 36.5407ms
2026-05-03 17:03:51.583 -05:00 [INF] Request starting HTTP/1.1 GET https://localhost:7082/api/v1/students/78b82ddc-83fd-4529-9765-b4889ffe700c - null null
2026-05-03 17:03:51.586 -05:00 [INF] Executing endpoint 'StudentRegistration.Presentation.Controllers.StudentsController.GetById (StudentRegistration.Presentation)'
2026-05-03 17:03:51.586 -05:00 [INF] Route matched with {action = "GetById", controller = "Students"}. Executing controller action with signature System.Threading.Tasks.Task`1[Microsoft.AspNetCore.Mvc.IActionResult] GetById(System.Guid, System.Threading.CancellationToken) on controller StudentRegistration.Presentation.Controllers.StudentsController (StudentRegistration.Presentation).
2026-05-03 17:03:51.588 -05:00 [INF] Getting student "78b82ddc-83fd-4529-9765-b4889ffe700c"
2026-05-03 17:03:51.593 -05:00 [INF] Executed DbCommand (2ms) [Parameters=[@__id_0='?' (DbType = Guid)], CommandType='"Text"', CommandTimeout='30']
SELECT `t`.`student_id`, `t`.`created_at`, `t`.`document_number`, `t`.`email`, `t`.`full_name`, `t`.`is_active`, `t`.`updated_at`, `t0`.`enrollment_id`, `t0`.`enrolled_at`, `t0`.`is_active`, `t0`.`professor_id`, `t0`.`student_id`, `t0`.`subject_id`, `t0`.`subject_id0`, `t0`.`credits`, `t0`.`name`, `t0`.`professor_id0`, `t0`.`professor_id1`, `t0`.`full_name`
FROM (
    SELECT `s`.`student_id`, `s`.`created_at`, `s`.`document_number`, `s`.`email`, `s`.`full_name`, `s`.`is_active`, `s`.`updated_at`
    FROM `students` AS `s`
    WHERE `s`.`student_id` = @__id_0
    LIMIT 1
) AS `t`
LEFT JOIN (
    SELECT `e`.`enrollment_id`, `e`.`enrolled_at`, `e`.`is_active`, `e`.`professor_id`, `e`.`student_id`, `e`.`subject_id`, `s0`.`subject_id` AS `subject_id0`, `s0`.`credits`, `s0`.`name`, `s0`.`professor_id` AS `professor_id0`, `p`.`professor_id` AS `professor_id1`, `p`.`full_name`
    FROM `enrollments` AS `e`
    INNER JOIN `subjects` AS `s0` ON `e`.`subject_id` = `s0`.`subject_id`
    INNER JOIN `professors` AS `p` ON `s0`.`professor_id` = `p`.`professor_id`
) AS `t0` ON `t`.`student_id` = `t0`.`student_id`
ORDER BY `t`.`student_id`, `t0`.`enrollment_id`, `t0`.`subject_id0`
2026-05-03 17:03:51.596 -05:00 [INF] Student "78b82ddc-83fd-4529-9765-b4889ffe700c" retrieved
2026-05-03 17:03:51.597 -05:00 [INF] Executing OkObjectResult, writing value of type 'StudentRegistration.Application.DTOs.StudentDto'.
2026-05-03 17:03:51.598 -05:00 [INF] Executed action StudentRegistration.Presentation.Controllers.StudentsController.GetById (StudentRegistration.Presentation) in 10.2339ms
2026-05-03 17:03:51.599 -05:00 [INF] Executed endpoint 'StudentRegistration.Presentation.Controllers.StudentsController.GetById (StudentRegistration.Presentation)'
2026-05-03 17:03:51.600 -05:00 [INF] HTTP GET /api/v1/students/78b82ddc-83fd-4529-9765-b4889ffe700c responded 200 in 14.5787 ms
2026-05-03 17:03:51.601 -05:00 [INF] Request finished HTTP/1.1 GET https://localhost:7082/api/v1/students/78b82ddc-83fd-4529-9765-b4889ffe700c - 200 null application/json; charset=utf-8 18.4011ms
2026-05-03 17:03:53.726 -05:00 [INF] Request starting HTTP/1.1 POST https://localhost:7082/api/v1/students/78b82ddc-83fd-4529-9765-b4889ffe700c/enrollments - application/json 52
2026-05-03 17:03:53.728 -05:00 [INF] No CORS policy found for the specified request.
2026-05-03 17:03:53.729 -05:00 [INF] Executing endpoint 'StudentRegistration.Presentation.Controllers.EnrollmentsController.Enroll (StudentRegistration.Presentation)'
2026-05-03 17:03:53.730 -05:00 [INF] Route matched with {action = "Enroll", controller = "Enrollments"}. Executing controller action with signature System.Threading.Tasks.Task`1[Microsoft.AspNetCore.Mvc.IActionResult] Enroll(System.Guid, StudentRegistration.Application.Commands.EnrollStudentCommand, System.Threading.CancellationToken) on controller StudentRegistration.Presentation.Controllers.EnrollmentsController (StudentRegistration.Presentation).
2026-05-03 17:03:53.732 -05:00 [INF] Enrolling student "78b82ddc-83fd-4529-9765-b4889ffe700c" in subject "20000000-0000-0000-0000-000000000001"
2026-05-03 17:03:53.737 -05:00 [INF] Executed DbCommand (2ms) [Parameters=[@__id_0='?' (DbType = Guid)], CommandType='"Text"', CommandTimeout='30']
SELECT `t`.`student_id`, `t`.`created_at`, `t`.`document_number`, `t`.`email`, `t`.`full_name`, `t`.`is_active`, `t`.`updated_at`, `t0`.`enrollment_id`, `t0`.`enrolled_at`, `t0`.`is_active`, `t0`.`professor_id`, `t0`.`student_id`, `t0`.`subject_id`, `t0`.`subject_id0`, `t0`.`credits`, `t0`.`name`, `t0`.`professor_id0`, `t0`.`professor_id1`, `t0`.`full_name`
FROM (
    SELECT `s`.`student_id`, `s`.`created_at`, `s`.`document_number`, `s`.`email`, `s`.`full_name`, `s`.`is_active`, `s`.`updated_at`
    FROM `students` AS `s`
    WHERE `s`.`student_id` = @__id_0
    LIMIT 1
) AS `t`
LEFT JOIN (
    SELECT `e`.`enrollment_id`, `e`.`enrolled_at`, `e`.`is_active`, `e`.`professor_id`, `e`.`student_id`, `e`.`subject_id`, `s0`.`subject_id` AS `subject_id0`, `s0`.`credits`, `s0`.`name`, `s0`.`professor_id` AS `professor_id0`, `p`.`professor_id` AS `professor_id1`, `p`.`full_name`
    FROM `enrollments` AS `e`
    INNER JOIN `subjects` AS `s0` ON `e`.`subject_id` = `s0`.`subject_id`
    INNER JOIN `professors` AS `p` ON `s0`.`professor_id` = `p`.`professor_id`
) AS `t0` ON `t`.`student_id` = `t0`.`student_id`
ORDER BY `t`.`student_id`, `t0`.`enrollment_id`, `t0`.`subject_id0`
2026-05-03 17:03:53.743 -05:00 [INF] Executed DbCommand (1ms) [Parameters=[@__id_0='?' (DbType = Guid)], CommandType='"Text"', CommandTimeout='30']
SELECT `s`.`subject_id`, `s`.`credits`, `s`.`name`, `s`.`professor_id`, `p`.`professor_id`, `p`.`full_name`
FROM `subjects` AS `s`
INNER JOIN `professors` AS `p` ON `s`.`professor_id` = `p`.`professor_id`
WHERE `s`.`subject_id` = @__id_0
LIMIT 1
2026-05-03 17:03:53.773 -05:00 [INF] Executed action StudentRegistration.Presentation.Controllers.EnrollmentsController.Enroll (StudentRegistration.Presentation) in 41.4661ms
2026-05-03 17:03:53.774 -05:00 [INF] Executed endpoint 'StudentRegistration.Presentation.Controllers.EnrollmentsController.Enroll (StudentRegistration.Presentation)'
2026-05-03 17:03:53.776 -05:00 [ERR] HTTP POST /api/v1/students/78b82ddc-83fd-4529-9765-b4889ffe700c/enrollments responded 500 in 46.8926 ms
StudentRegistration.Domain.Exceptions.MaxEnrollmentsExceededException: El estudiante ya tiene 3 materias inscritas.
   at StudentRegistration.Domain.Entities.Student.AddEnrollment(Subject subject) in C:\Users\VALERIA\source\repos\StudentRegistration.API\StudentRegistration.Domain\Entities\Student.cs:line 102
   at StudentRegistration.Application.UseCases.EnrollStudentUseCase.ExecuteAsync(EnrollStudentCommand request, CancellationToken ct) in C:\Users\VALERIA\source\repos\StudentRegistration.API\StudentRegistration.Application\UseCases\EnrollStudentUseCase.cs:line 80
   at StudentRegistration.Presentation.Controllers.EnrollmentsController.Enroll(Guid studentId, EnrollStudentCommand command, CancellationToken ct) in C:\Users\VALERIA\source\repos\StudentRegistration.API\StudentRegistration.Presentation\Controllers\EnrollmentsController.cs:line 56
   at Microsoft.AspNetCore.Mvc.Infrastructure.ActionMethodExecutor.TaskOfIActionResultExecutor.Execute(ActionContext actionContext, IActionResultTypeMapper mapper, ObjectMethodExecutor executor, Object controller, Object[] arguments)
   at Microsoft.AspNetCore.Mvc.Infrastructure.ControllerActionInvoker.<InvokeActionMethodAsync>g__Awaited|12_0(ControllerActionInvoker invoker, ValueTask`1 actionResultValueTask)
   at Microsoft.AspNetCore.Mvc.Infrastructure.ControllerActionInvoker.<InvokeNextActionFilterAsync>g__Awaited|10_0(ControllerActionInvoker invoker, Task lastTask, State next, Scope scope, Object state, Boolean isCompleted)
   at Microsoft.AspNetCore.Mvc.Infrastructure.ControllerActionInvoker.Rethrow(ActionExecutedContextSealed context)
   at Microsoft.AspNetCore.Mvc.Infrastructure.ControllerActionInvoker.Next(State& next, Scope& scope, Object& state, Boolean& isCompleted)
   at Microsoft.AspNetCore.Mvc.Infrastructure.ControllerActionInvoker.<InvokeInnerFilterAsync>g__Awaited|13_0(ControllerActionInvoker invoker, Task lastTask, State next, Scope scope, Object state, Boolean isCompleted)
   at Microsoft.AspNetCore.Mvc.Infrastructure.ResourceInvoker.<InvokeFilterPipelineAsync>g__Awaited|20_0(ResourceInvoker invoker, Task lastTask, State next, Scope scope, Object state, Boolean isCompleted)
   at Microsoft.AspNetCore.Mvc.Infrastructure.ResourceInvoker.<InvokeAsync>g__Logged|17_1(ResourceInvoker invoker)
   at Microsoft.AspNetCore.Mvc.Infrastructure.ResourceInvoker.<InvokeAsync>g__Logged|17_1(ResourceInvoker invoker)
   at Microsoft.AspNetCore.Routing.EndpointMiddleware.<Invoke>g__AwaitRequestTask|7_0(Endpoint endpoint, Task requestTask, ILogger logger)
   at Microsoft.AspNetCore.Authorization.AuthorizationMiddleware.Invoke(HttpContext context)
   at Swashbuckle.AspNetCore.SwaggerUI.SwaggerUIMiddleware.Invoke(HttpContext httpContext)
   at Swashbuckle.AspNetCore.Swagger.SwaggerMiddleware.Invoke(HttpContext httpContext, ISwaggerProvider swaggerProvider)
   at Serilog.AspNetCore.RequestLoggingMiddleware.Invoke(HttpContext httpContext)
2026-05-03 17:03:53.814 -05:00 [WRN] Domain exception: El estudiante ya tiene 3 materias inscritas.. TraceId: 0HNL9BU891P0K:00000001
2026-05-03 17:03:53.815 -05:00 [INF] Request finished HTTP/1.1 POST https://localhost:7082/api/v1/students/78b82ddc-83fd-4529-9765-b4889ffe700c/enrollments - 422 null application/json 89.3834ms
2026-05-03 17:03:57.050 -05:00 [INF] Request starting HTTP/1.1 GET https://localhost:7082/api/v1/students - null null
2026-05-03 17:03:57.053 -05:00 [INF] Executing endpoint 'StudentRegistration.Presentation.Controllers.StudentsController.GetAll (StudentRegistration.Presentation)'
2026-05-03 17:03:57.054 -05:00 [INF] Route matched with {action = "GetAll", controller = "Students"}. Executing controller action with signature System.Threading.Tasks.Task`1[Microsoft.AspNetCore.Mvc.IActionResult] GetAll(System.Threading.CancellationToken) on controller StudentRegistration.Presentation.Controllers.StudentsController (StudentRegistration.Presentation).
2026-05-03 17:03:57.056 -05:00 [INF] Getting all active students
2026-05-03 17:03:57.061 -05:00 [INF] Executed DbCommand (2ms) [Parameters=[], CommandType='"Text"', CommandTimeout='30']
SELECT `s`.`student_id`, `s`.`created_at`, `s`.`document_number`, `s`.`email`, `s`.`full_name`, `s`.`is_active`, `s`.`updated_at`, `e`.`enrollment_id`, `e`.`enrolled_at`, `e`.`is_active`, `e`.`professor_id`, `e`.`student_id`, `e`.`subject_id`
FROM `students` AS `s`
LEFT JOIN `enrollments` AS `e` ON `s`.`student_id` = `e`.`student_id`
ORDER BY `s`.`student_id`
2026-05-03 17:03:57.066 -05:00 [INF] Found 2 active students
2026-05-03 17:03:57.067 -05:00 [INF] Executing OkObjectResult, writing value of type 'System.Collections.Generic.List`1[[StudentRegistration.Application.DTOs.StudentSummaryDto, StudentRegistration.Application, Version=1.0.0.0, Culture=neutral, PublicKeyToken=null]]'.
2026-05-03 17:03:57.068 -05:00 [INF] Executed action StudentRegistration.Presentation.Controllers.StudentsController.GetAll (StudentRegistration.Presentation) in 12.4281ms
2026-05-03 17:03:57.070 -05:00 [INF] Executed endpoint 'StudentRegistration.Presentation.Controllers.StudentsController.GetAll (StudentRegistration.Presentation)'
2026-05-03 17:03:57.071 -05:00 [INF] HTTP GET /api/v1/students responded 200 in 17.7653 ms
2026-05-03 17:03:57.073 -05:00 [INF] Request finished HTTP/1.1 GET https://localhost:7082/api/v1/students - 200 null application/json; charset=utf-8 22.352ms
2026-05-03 17:08:01.632 -05:00 [INF] Request starting HTTP/2 GET https://localhost:7082/swagger/index.html - null null
2026-05-03 17:08:01.641 -05:00 [INF] HTTP GET /swagger/index.html responded 200 in 0.4229 ms
2026-05-03 17:08:01.643 -05:00 [INF] Request finished HTTP/2 GET https://localhost:7082/swagger/index.html - 200 null text/html;charset=utf-8 10.6904ms
2026-05-03 17:08:01.681 -05:00 [INF] Request starting HTTP/2 GET https://localhost:7082/swagger/index.js - null null
2026-05-03 17:08:01.681 -05:00 [INF] Request starting HTTP/2 GET https://localhost:7082/_framework/aspnetcore-browser-refresh.js - null null
2026-05-03 17:08:01.684 -05:00 [INF] HTTP GET /swagger/index.js responded 200 in 0.2861 ms
2026-05-03 17:08:01.688 -05:00 [INF] Request finished HTTP/2 GET https://localhost:7082/_framework/aspnetcore-browser-refresh.js - 200 16531 application/javascript; charset=utf-8 7.5103ms
2026-05-03 17:08:01.690 -05:00 [INF] Request finished HTTP/2 GET https://localhost:7082/swagger/index.js - 200 null application/javascript;charset=utf-8 9.7303ms
2026-05-03 17:08:01.706 -05:00 [INF] Request starting HTTP/2 GET https://localhost:7082/_vs/browserLink - null null
2026-05-03 17:08:01.726 -05:00 [INF] Request finished HTTP/2 GET https://localhost:7082/_vs/browserLink - 200 null text/javascript; charset=UTF-8 19.78ms
2026-05-03 17:08:01.809 -05:00 [INF] Request starting HTTP/2 GET https://localhost:7082/swagger/v1/swagger.json - null null
2026-05-03 17:08:01.828 -05:00 [INF] HTTP GET /swagger/v1/swagger.json responded 200 in 16.2587 ms
2026-05-03 17:08:01.830 -05:00 [INF] Request finished HTTP/2 GET https://localhost:7082/swagger/v1/swagger.json - 200 null application/json;charset=utf-8 21.4928ms
2026-05-03 18:33:42.464 -05:00 [INF] Request starting HTTP/1.1 GET https://localhost:7082/api/v1/students - null null
2026-05-03 18:33:42.469 -05:00 [INF] Executing endpoint 'StudentRegistration.Presentation.Controllers.StudentsController.GetAll (StudentRegistration.Presentation)'
2026-05-03 18:33:42.473 -05:00 [INF] Route matched with {action = "GetAll", controller = "Students"}. Executing controller action with signature System.Threading.Tasks.Task`1[Microsoft.AspNetCore.Mvc.IActionResult] GetAll(System.Threading.CancellationToken) on controller StudentRegistration.Presentation.Controllers.StudentsController (StudentRegistration.Presentation).
2026-05-03 18:33:42.476 -05:00 [INF] Getting all active students
2026-05-03 18:33:42.489 -05:00 [INF] Executed DbCommand (2ms) [Parameters=[], CommandType='"Text"', CommandTimeout='30']
SELECT `s`.`student_id`, `s`.`created_at`, `s`.`document_number`, `s`.`email`, `s`.`full_name`, `s`.`is_active`, `s`.`updated_at`, `e`.`enrollment_id`, `e`.`enrolled_at`, `e`.`is_active`, `e`.`professor_id`, `e`.`student_id`, `e`.`subject_id`
FROM `students` AS `s`
LEFT JOIN `enrollments` AS `e` ON `s`.`student_id` = `e`.`student_id`
ORDER BY `s`.`student_id`
2026-05-03 18:33:42.492 -05:00 [INF] Found 2 active students
2026-05-03 18:33:42.493 -05:00 [INF] Executing OkObjectResult, writing value of type 'System.Collections.Generic.List`1[[StudentRegistration.Application.DTOs.StudentSummaryDto, StudentRegistration.Application, Version=1.0.0.0, Culture=neutral, PublicKeyToken=null]]'.
2026-05-03 18:33:42.498 -05:00 [INF] Executed action StudentRegistration.Presentation.Controllers.StudentsController.GetAll (StudentRegistration.Presentation) in 23.7958ms
2026-05-03 18:33:42.500 -05:00 [INF] Executed endpoint 'StudentRegistration.Presentation.Controllers.StudentsController.GetAll (StudentRegistration.Presentation)'
2026-05-03 18:33:42.500 -05:00 [INF] HTTP GET /api/v1/students responded 200 in 31.3257 ms
2026-05-03 18:33:42.502 -05:00 [INF] Request finished HTTP/1.1 GET https://localhost:7082/api/v1/students - 200 null application/json; charset=utf-8 38.202ms
2026-05-03 18:33:50.736 -05:00 [INF] Request starting HTTP/1.1 GET https://localhost:7082/api/v1/students/7ab9a49b-ed37-4d43-a550-59f63effb5cc - null null
2026-05-03 18:33:50.741 -05:00 [INF] Request starting HTTP/1.1 GET https://localhost:7082/api/v1/subjects - null null
2026-05-03 18:33:50.742 -05:00 [INF] Executing endpoint 'StudentRegistration.Presentation.Controllers.StudentsController.GetById (StudentRegistration.Presentation)'
2026-05-03 18:33:50.744 -05:00 [INF] Executing endpoint 'StudentRegistration.Presentation.Controllers.SubjectsController.GetAll (StudentRegistration.Presentation)'
2026-05-03 18:33:50.747 -05:00 [INF] Route matched with {action = "GetById", controller = "Students"}. Executing controller action with signature System.Threading.Tasks.Task`1[Microsoft.AspNetCore.Mvc.IActionResult] GetById(System.Guid, System.Threading.CancellationToken) on controller StudentRegistration.Presentation.Controllers.StudentsController (StudentRegistration.Presentation).
2026-05-03 18:33:50.748 -05:00 [INF] Route matched with {action = "GetAll", controller = "Subjects"}. Executing controller action with signature System.Threading.Tasks.Task`1[Microsoft.AspNetCore.Mvc.IActionResult] GetAll(System.Threading.CancellationToken) on controller StudentRegistration.Presentation.Controllers.SubjectsController (StudentRegistration.Presentation).
2026-05-03 18:33:50.750 -05:00 [INF] Getting student "7ab9a49b-ed37-4d43-a550-59f63effb5cc"
2026-05-03 18:33:50.752 -05:00 [INF] Getting all subjects
2026-05-03 18:33:50.754 -05:00 [INF] Executed DbCommand (2ms) [Parameters=[@__id_0='?' (DbType = Guid)], CommandType='"Text"', CommandTimeout='30']
SELECT `t`.`student_id`, `t`.`created_at`, `t`.`document_number`, `t`.`email`, `t`.`full_name`, `t`.`is_active`, `t`.`updated_at`, `t0`.`enrollment_id`, `t0`.`enrolled_at`, `t0`.`is_active`, `t0`.`professor_id`, `t0`.`student_id`, `t0`.`subject_id`, `t0`.`subject_id0`, `t0`.`credits`, `t0`.`name`, `t0`.`professor_id0`, `t0`.`professor_id1`, `t0`.`full_name`
FROM (
    SELECT `s`.`student_id`, `s`.`created_at`, `s`.`document_number`, `s`.`email`, `s`.`full_name`, `s`.`is_active`, `s`.`updated_at`
    FROM `students` AS `s`
    WHERE `s`.`student_id` = @__id_0
    LIMIT 1
) AS `t`
LEFT JOIN (
    SELECT `e`.`enrollment_id`, `e`.`enrolled_at`, `e`.`is_active`, `e`.`professor_id`, `e`.`student_id`, `e`.`subject_id`, `s0`.`subject_id` AS `subject_id0`, `s0`.`credits`, `s0`.`name`, `s0`.`professor_id` AS `professor_id0`, `p`.`professor_id` AS `professor_id1`, `p`.`full_name`
    FROM `enrollments` AS `e`
    INNER JOIN `subjects` AS `s0` ON `e`.`subject_id` = `s0`.`subject_id`
    INNER JOIN `professors` AS `p` ON `s0`.`professor_id` = `p`.`professor_id`
) AS `t0` ON `t`.`student_id` = `t0`.`student_id`
ORDER BY `t`.`student_id`, `t0`.`enrollment_id`, `t0`.`subject_id0`
2026-05-03 18:33:50.764 -05:00 [INF] Student "7ab9a49b-ed37-4d43-a550-59f63effb5cc" retrieved
2026-05-03 18:33:50.766 -05:00 [INF] Executed DbCommand (1ms) [Parameters=[], CommandType='"Text"', CommandTimeout='30']
SELECT `s`.`subject_id`, `s`.`credits`, `s`.`name`, `s`.`professor_id`, `p`.`professor_id`, `p`.`full_name`
FROM `subjects` AS `s`
INNER JOIN `professors` AS `p` ON `s`.`professor_id` = `p`.`professor_id`
2026-05-03 18:33:50.766 -05:00 [INF] Executing OkObjectResult, writing value of type 'StudentRegistration.Application.DTOs.StudentDto'.
2026-05-03 18:33:50.768 -05:00 [INF] Found 10 subjects
2026-05-03 18:33:50.769 -05:00 [INF] Executing OkObjectResult, writing value of type 'System.Collections.Generic.List`1[[StudentRegistration.Application.DTOs.SubjectDto, StudentRegistration.Application, Version=1.0.0.0, Culture=neutral, PublicKeyToken=null]]'.
2026-05-03 18:33:50.770 -05:00 [INF] Executed action StudentRegistration.Presentation.Controllers.StudentsController.GetById (StudentRegistration.Presentation) in 21.267ms
2026-05-03 18:33:50.771 -05:00 [INF] Executed action StudentRegistration.Presentation.Controllers.SubjectsController.GetAll (StudentRegistration.Presentation) in 21.2052ms
2026-05-03 18:33:50.772 -05:00 [INF] Executed endpoint 'StudentRegistration.Presentation.Controllers.StudentsController.GetById (StudentRegistration.Presentation)'
2026-05-03 18:33:50.773 -05:00 [INF] Executed endpoint 'StudentRegistration.Presentation.Controllers.SubjectsController.GetAll (StudentRegistration.Presentation)'
2026-05-03 18:33:50.774 -05:00 [INF] HTTP GET /api/v1/students/7ab9a49b-ed37-4d43-a550-59f63effb5cc responded 200 in 31.7497 ms
2026-05-03 18:33:50.775 -05:00 [INF] HTTP GET /api/v1/subjects responded 200 in 31.4080 ms
2026-05-03 18:33:50.777 -05:00 [INF] Request finished HTTP/1.1 GET https://localhost:7082/api/v1/students/7ab9a49b-ed37-4d43-a550-59f63effb5cc - 200 null application/json; charset=utf-8 40.319ms
2026-05-03 18:33:50.778 -05:00 [INF] Request finished HTTP/1.1 GET https://localhost:7082/api/v1/subjects - 200 null application/json; charset=utf-8 37.6047ms
2026-05-03 18:33:53.302 -05:00 [INF] Request starting HTTP/1.1 POST https://localhost:7082/api/v1/students/7ab9a49b-ed37-4d43-a550-59f63effb5cc/enrollments - application/json 52
2026-05-03 18:33:53.304 -05:00 [INF] No CORS policy found for the specified request.
2026-05-03 18:33:53.305 -05:00 [INF] Executing endpoint 'StudentRegistration.Presentation.Controllers.EnrollmentsController.Enroll (StudentRegistration.Presentation)'
2026-05-03 18:33:53.308 -05:00 [INF] Route matched with {action = "Enroll", controller = "Enrollments"}. Executing controller action with signature System.Threading.Tasks.Task`1[Microsoft.AspNetCore.Mvc.IActionResult] Enroll(System.Guid, StudentRegistration.Application.Commands.EnrollStudentCommand, System.Threading.CancellationToken) on controller StudentRegistration.Presentation.Controllers.EnrollmentsController (StudentRegistration.Presentation).
2026-05-03 18:33:53.312 -05:00 [INF] Enrolling student "7ab9a49b-ed37-4d43-a550-59f63effb5cc" in subject "20000000-0000-0000-0000-000000000004"
2026-05-03 18:33:53.316 -05:00 [INF] Executed DbCommand (1ms) [Parameters=[@__id_0='?' (DbType = Guid)], CommandType='"Text"', CommandTimeout='30']
SELECT `t`.`student_id`, `t`.`created_at`, `t`.`document_number`, `t`.`email`, `t`.`full_name`, `t`.`is_active`, `t`.`updated_at`, `t0`.`enrollment_id`, `t0`.`enrolled_at`, `t0`.`is_active`, `t0`.`professor_id`, `t0`.`student_id`, `t0`.`subject_id`, `t0`.`subject_id0`, `t0`.`credits`, `t0`.`name`, `t0`.`professor_id0`, `t0`.`professor_id1`, `t0`.`full_name`
FROM (
    SELECT `s`.`student_id`, `s`.`created_at`, `s`.`document_number`, `s`.`email`, `s`.`full_name`, `s`.`is_active`, `s`.`updated_at`
    FROM `students` AS `s`
    WHERE `s`.`student_id` = @__id_0
    LIMIT 1
) AS `t`
LEFT JOIN (
    SELECT `e`.`enrollment_id`, `e`.`enrolled_at`, `e`.`is_active`, `e`.`professor_id`, `e`.`student_id`, `e`.`subject_id`, `s0`.`subject_id` AS `subject_id0`, `s0`.`credits`, `s0`.`name`, `s0`.`professor_id` AS `professor_id0`, `p`.`professor_id` AS `professor_id1`, `p`.`full_name`
    FROM `enrollments` AS `e`
    INNER JOIN `subjects` AS `s0` ON `e`.`subject_id` = `s0`.`subject_id`
    INNER JOIN `professors` AS `p` ON `s0`.`professor_id` = `p`.`professor_id`
) AS `t0` ON `t`.`student_id` = `t0`.`student_id`
ORDER BY `t`.`student_id`, `t0`.`enrollment_id`, `t0`.`subject_id0`
2026-05-03 18:33:53.320 -05:00 [INF] Executed DbCommand (1ms) [Parameters=[@__id_0='?' (DbType = Guid)], CommandType='"Text"', CommandTimeout='30']
SELECT `s`.`subject_id`, `s`.`credits`, `s`.`name`, `s`.`professor_id`, `p`.`professor_id`, `p`.`full_name`
FROM `subjects` AS `s`
INNER JOIN `professors` AS `p` ON `s`.`professor_id` = `p`.`professor_id`
WHERE `s`.`subject_id` = @__id_0
LIMIT 1
2026-05-03 18:33:53.324 -05:00 [INF] Executed DbCommand (1ms) [Parameters=[@p0='?' (DbType = Guid), @p1='?' (DbType = DateTime), @p2='?' (DbType = Guid), @p3='?' (DbType = Guid), @p4='?' (DbType = Guid), @p11='?' (DbType = Guid), @p5='?' (DbType = DateTime), @p6='?' (Size = 20), @p7='?' (Size = 255), @p8='?' (Size = 150), @p9='?' (DbType = Boolean), @p10='?' (DbType = DateTime)], CommandType='"Text"', CommandTimeout='30']
INSERT INTO `enrollments` (`enrollment_id`, `enrolled_at`, `professor_id`, `student_id`, `subject_id`)
VALUES (@p0, @p1, @p2, @p3, @p4);
SELECT `is_active`
FROM `enrollments`
WHERE ROW_COUNT() = 1 AND `enrollment_id` = @p0;

UPDATE `students` SET `created_at` = @p5, `document_number` = @p6, `email` = @p7, `full_name` = @p8, `is_active` = @p9, `updated_at` = @p10
WHERE `student_id` = @p11;
SELECT ROW_COUNT();
2026-05-03 18:33:53.331 -05:00 [INF] Student "7ab9a49b-ed37-4d43-a550-59f63effb5cc" enrolled in subject "20000000-0000-0000-0000-000000000004"
2026-05-03 18:33:53.332 -05:00 [INF] Executing ObjectResult, writing value of type 'StudentRegistration.Application.DTOs.EnrollmentDto'.
2026-05-03 18:33:53.333 -05:00 [INF] Executed action StudentRegistration.Presentation.Controllers.EnrollmentsController.Enroll (StudentRegistration.Presentation) in 24.1166ms
2026-05-03 18:33:53.335 -05:00 [INF] Executed endpoint 'StudentRegistration.Presentation.Controllers.EnrollmentsController.Enroll (StudentRegistration.Presentation)'
2026-05-03 18:33:53.335 -05:00 [INF] HTTP POST /api/v1/students/7ab9a49b-ed37-4d43-a550-59f63effb5cc/enrollments responded 201 in 30.3409 ms
2026-05-03 18:33:53.337 -05:00 [INF] Request finished HTTP/1.1 POST https://localhost:7082/api/v1/students/7ab9a49b-ed37-4d43-a550-59f63effb5cc/enrollments - 201 null application/json; charset=utf-8 35.1463ms
2026-05-03 18:33:53.345 -05:00 [INF] Request starting HTTP/1.1 GET https://localhost:7082/api/v1/students/7ab9a49b-ed37-4d43-a550-59f63effb5cc - null null
2026-05-03 18:33:53.347 -05:00 [INF] Executing endpoint 'StudentRegistration.Presentation.Controllers.StudentsController.GetById (StudentRegistration.Presentation)'
2026-05-03 18:33:53.348 -05:00 [INF] Route matched with {action = "GetById", controller = "Students"}. Executing controller action with signature System.Threading.Tasks.Task`1[Microsoft.AspNetCore.Mvc.IActionResult] GetById(System.Guid, System.Threading.CancellationToken) on controller StudentRegistration.Presentation.Controllers.StudentsController (StudentRegistration.Presentation).
2026-05-03 18:33:53.350 -05:00 [INF] Getting student "7ab9a49b-ed37-4d43-a550-59f63effb5cc"
2026-05-03 18:33:53.354 -05:00 [INF] Executed DbCommand (2ms) [Parameters=[@__id_0='?' (DbType = Guid)], CommandType='"Text"', CommandTimeout='30']
SELECT `t`.`student_id`, `t`.`created_at`, `t`.`document_number`, `t`.`email`, `t`.`full_name`, `t`.`is_active`, `t`.`updated_at`, `t0`.`enrollment_id`, `t0`.`enrolled_at`, `t0`.`is_active`, `t0`.`professor_id`, `t0`.`student_id`, `t0`.`subject_id`, `t0`.`subject_id0`, `t0`.`credits`, `t0`.`name`, `t0`.`professor_id0`, `t0`.`professor_id1`, `t0`.`full_name`
FROM (
    SELECT `s`.`student_id`, `s`.`created_at`, `s`.`document_number`, `s`.`email`, `s`.`full_name`, `s`.`is_active`, `s`.`updated_at`
    FROM `students` AS `s`
    WHERE `s`.`student_id` = @__id_0
    LIMIT 1
) AS `t`
LEFT JOIN (
    SELECT `e`.`enrollment_id`, `e`.`enrolled_at`, `e`.`is_active`, `e`.`professor_id`, `e`.`student_id`, `e`.`subject_id`, `s0`.`subject_id` AS `subject_id0`, `s0`.`credits`, `s0`.`name`, `s0`.`professor_id` AS `professor_id0`, `p`.`professor_id` AS `professor_id1`, `p`.`full_name`
    FROM `enrollments` AS `e`
    INNER JOIN `subjects` AS `s0` ON `e`.`subject_id` = `s0`.`subject_id`
    INNER JOIN `professors` AS `p` ON `s0`.`professor_id` = `p`.`professor_id`
) AS `t0` ON `t`.`student_id` = `t0`.`student_id`
ORDER BY `t`.`student_id`, `t0`.`enrollment_id`, `t0`.`subject_id0`
2026-05-03 18:33:53.356 -05:00 [INF] Student "7ab9a49b-ed37-4d43-a550-59f63effb5cc" retrieved
2026-05-03 18:33:53.357 -05:00 [INF] Executing OkObjectResult, writing value of type 'StudentRegistration.Application.DTOs.StudentDto'.
2026-05-03 18:33:53.358 -05:00 [INF] Executed action StudentRegistration.Presentation.Controllers.StudentsController.GetById (StudentRegistration.Presentation) in 8.0473ms
2026-05-03 18:33:53.358 -05:00 [INF] Executed endpoint 'StudentRegistration.Presentation.Controllers.StudentsController.GetById (StudentRegistration.Presentation)'
2026-05-03 18:33:53.359 -05:00 [INF] HTTP GET /api/v1/students/7ab9a49b-ed37-4d43-a550-59f63effb5cc responded 200 in 12.0236 ms
2026-05-03 18:33:53.361 -05:00 [INF] Request finished HTTP/1.1 GET https://localhost:7082/api/v1/students/7ab9a49b-ed37-4d43-a550-59f63effb5cc - 200 null application/json; charset=utf-8 16.3287ms
2026-05-03 18:33:56.534 -05:00 [INF] Request starting HTTP/1.1 POST https://localhost:7082/api/v1/students/7ab9a49b-ed37-4d43-a550-59f63effb5cc/enrollments - application/json 52
2026-05-03 18:33:56.537 -05:00 [INF] No CORS policy found for the specified request.
2026-05-03 18:33:56.537 -05:00 [INF] Executing endpoint 'StudentRegistration.Presentation.Controllers.EnrollmentsController.Enroll (StudentRegistration.Presentation)'
2026-05-03 18:33:56.538 -05:00 [INF] Route matched with {action = "Enroll", controller = "Enrollments"}. Executing controller action with signature System.Threading.Tasks.Task`1[Microsoft.AspNetCore.Mvc.IActionResult] Enroll(System.Guid, StudentRegistration.Application.Commands.EnrollStudentCommand, System.Threading.CancellationToken) on controller StudentRegistration.Presentation.Controllers.EnrollmentsController (StudentRegistration.Presentation).
2026-05-03 18:33:56.540 -05:00 [INF] Enrolling student "7ab9a49b-ed37-4d43-a550-59f63effb5cc" in subject "20000000-0000-0000-0000-000000000005"
2026-05-03 18:33:56.544 -05:00 [INF] Executed DbCommand (2ms) [Parameters=[@__id_0='?' (DbType = Guid)], CommandType='"Text"', CommandTimeout='30']
SELECT `t`.`student_id`, `t`.`created_at`, `t`.`document_number`, `t`.`email`, `t`.`full_name`, `t`.`is_active`, `t`.`updated_at`, `t0`.`enrollment_id`, `t0`.`enrolled_at`, `t0`.`is_active`, `t0`.`professor_id`, `t0`.`student_id`, `t0`.`subject_id`, `t0`.`subject_id0`, `t0`.`credits`, `t0`.`name`, `t0`.`professor_id0`, `t0`.`professor_id1`, `t0`.`full_name`
FROM (
    SELECT `s`.`student_id`, `s`.`created_at`, `s`.`document_number`, `s`.`email`, `s`.`full_name`, `s`.`is_active`, `s`.`updated_at`
    FROM `students` AS `s`
    WHERE `s`.`student_id` = @__id_0
    LIMIT 1
) AS `t`
LEFT JOIN (
    SELECT `e`.`enrollment_id`, `e`.`enrolled_at`, `e`.`is_active`, `e`.`professor_id`, `e`.`student_id`, `e`.`subject_id`, `s0`.`subject_id` AS `subject_id0`, `s0`.`credits`, `s0`.`name`, `s0`.`professor_id` AS `professor_id0`, `p`.`professor_id` AS `professor_id1`, `p`.`full_name`
    FROM `enrollments` AS `e`
    INNER JOIN `subjects` AS `s0` ON `e`.`subject_id` = `s0`.`subject_id`
    INNER JOIN `professors` AS `p` ON `s0`.`professor_id` = `p`.`professor_id`
) AS `t0` ON `t`.`student_id` = `t0`.`student_id`
ORDER BY `t`.`student_id`, `t0`.`enrollment_id`, `t0`.`subject_id0`
2026-05-03 18:33:56.549 -05:00 [INF] Executed DbCommand (1ms) [Parameters=[@__id_0='?' (DbType = Guid)], CommandType='"Text"', CommandTimeout='30']
SELECT `s`.`subject_id`, `s`.`credits`, `s`.`name`, `s`.`professor_id`, `p`.`professor_id`, `p`.`full_name`
FROM `subjects` AS `s`
INNER JOIN `professors` AS `p` ON `s`.`professor_id` = `p`.`professor_id`
WHERE `s`.`subject_id` = @__id_0
LIMIT 1
2026-05-03 18:33:56.553 -05:00 [INF] Executed DbCommand (1ms) [Parameters=[@p0='?' (DbType = Guid), @p1='?' (DbType = DateTime), @p2='?' (DbType = Guid), @p3='?' (DbType = Guid), @p4='?' (DbType = Guid), @p11='?' (DbType = Guid), @p5='?' (DbType = DateTime), @p6='?' (Size = 20), @p7='?' (Size = 255), @p8='?' (Size = 150), @p9='?' (DbType = Boolean), @p10='?' (DbType = DateTime)], CommandType='"Text"', CommandTimeout='30']
INSERT INTO `enrollments` (`enrollment_id`, `enrolled_at`, `professor_id`, `student_id`, `subject_id`)
VALUES (@p0, @p1, @p2, @p3, @p4);
SELECT `is_active`
FROM `enrollments`
WHERE ROW_COUNT() = 1 AND `enrollment_id` = @p0;

UPDATE `students` SET `created_at` = @p5, `document_number` = @p6, `email` = @p7, `full_name` = @p8, `is_active` = @p9, `updated_at` = @p10
WHERE `student_id` = @p11;
SELECT ROW_COUNT();
2026-05-03 18:33:56.557 -05:00 [INF] Student "7ab9a49b-ed37-4d43-a550-59f63effb5cc" enrolled in subject "20000000-0000-0000-0000-000000000005"
2026-05-03 18:33:56.558 -05:00 [INF] Executing ObjectResult, writing value of type 'StudentRegistration.Application.DTOs.EnrollmentDto'.
2026-05-03 18:33:56.559 -05:00 [INF] Executed action StudentRegistration.Presentation.Controllers.EnrollmentsController.Enroll (StudentRegistration.Presentation) in 19.9584ms
2026-05-03 18:33:56.561 -05:00 [INF] Executed endpoint 'StudentRegistration.Presentation.Controllers.EnrollmentsController.Enroll (StudentRegistration.Presentation)'
2026-05-03 18:33:56.561 -05:00 [INF] HTTP POST /api/v1/students/7ab9a49b-ed37-4d43-a550-59f63effb5cc/enrollments responded 201 in 23.9347 ms
2026-05-03 18:33:56.563 -05:00 [INF] Request finished HTTP/1.1 POST https://localhost:7082/api/v1/students/7ab9a49b-ed37-4d43-a550-59f63effb5cc/enrollments - 201 null application/json; charset=utf-8 29.263ms
2026-05-03 18:33:56.571 -05:00 [INF] Request starting HTTP/1.1 GET https://localhost:7082/api/v1/students/7ab9a49b-ed37-4d43-a550-59f63effb5cc - null null
2026-05-03 18:33:56.573 -05:00 [INF] Executing endpoint 'StudentRegistration.Presentation.Controllers.StudentsController.GetById (StudentRegistration.Presentation)'
2026-05-03 18:33:56.573 -05:00 [INF] Route matched with {action = "GetById", controller = "Students"}. Executing controller action with signature System.Threading.Tasks.Task`1[Microsoft.AspNetCore.Mvc.IActionResult] GetById(System.Guid, System.Threading.CancellationToken) on controller StudentRegistration.Presentation.Controllers.StudentsController (StudentRegistration.Presentation).
2026-05-03 18:33:56.575 -05:00 [INF] Getting student "7ab9a49b-ed37-4d43-a550-59f63effb5cc"
2026-05-03 18:33:56.579 -05:00 [INF] Executed DbCommand (2ms) [Parameters=[@__id_0='?' (DbType = Guid)], CommandType='"Text"', CommandTimeout='30']
SELECT `t`.`student_id`, `t`.`created_at`, `t`.`document_number`, `t`.`email`, `t`.`full_name`, `t`.`is_active`, `t`.`updated_at`, `t0`.`enrollment_id`, `t0`.`enrolled_at`, `t0`.`is_active`, `t0`.`professor_id`, `t0`.`student_id`, `t0`.`subject_id`, `t0`.`subject_id0`, `t0`.`credits`, `t0`.`name`, `t0`.`professor_id0`, `t0`.`professor_id1`, `t0`.`full_name`
FROM (
    SELECT `s`.`student_id`, `s`.`created_at`, `s`.`document_number`, `s`.`email`, `s`.`full_name`, `s`.`is_active`, `s`.`updated_at`
    FROM `students` AS `s`
    WHERE `s`.`student_id` = @__id_0
    LIMIT 1
) AS `t`
LEFT JOIN (
    SELECT `e`.`enrollment_id`, `e`.`enrolled_at`, `e`.`is_active`, `e`.`professor_id`, `e`.`student_id`, `e`.`subject_id`, `s0`.`subject_id` AS `subject_id0`, `s0`.`credits`, `s0`.`name`, `s0`.`professor_id` AS `professor_id0`, `p`.`professor_id` AS `professor_id1`, `p`.`full_name`
    FROM `enrollments` AS `e`
    INNER JOIN `subjects` AS `s0` ON `e`.`subject_id` = `s0`.`subject_id`
    INNER JOIN `professors` AS `p` ON `s0`.`professor_id` = `p`.`professor_id`
) AS `t0` ON `t`.`student_id` = `t0`.`student_id`
ORDER BY `t`.`student_id`, `t0`.`enrollment_id`, `t0`.`subject_id0`
2026-05-03 18:33:56.582 -05:00 [INF] Student "7ab9a49b-ed37-4d43-a550-59f63effb5cc" retrieved
2026-05-03 18:33:56.583 -05:00 [INF] Executing OkObjectResult, writing value of type 'StudentRegistration.Application.DTOs.StudentDto'.
2026-05-03 18:33:56.584 -05:00 [INF] Executed action StudentRegistration.Presentation.Controllers.StudentsController.GetById (StudentRegistration.Presentation) in 9.608ms
2026-05-03 18:33:56.586 -05:00 [INF] Executed endpoint 'StudentRegistration.Presentation.Controllers.StudentsController.GetById (StudentRegistration.Presentation)'
2026-05-03 18:33:56.587 -05:00 [INF] HTTP GET /api/v1/students/7ab9a49b-ed37-4d43-a550-59f63effb5cc responded 200 in 14.1954 ms
2026-05-03 18:33:56.588 -05:00 [INF] Request finished HTTP/1.1 GET https://localhost:7082/api/v1/students/7ab9a49b-ed37-4d43-a550-59f63effb5cc - 200 null application/json; charset=utf-8 17.4541ms
2026-05-03 18:34:01.864 -05:00 [INF] Request starting HTTP/1.1 POST https://localhost:7082/api/v1/students/7ab9a49b-ed37-4d43-a550-59f63effb5cc/enrollments - application/json 52
2026-05-03 18:34:01.866 -05:00 [INF] No CORS policy found for the specified request.
2026-05-03 18:34:01.867 -05:00 [INF] Executing endpoint 'StudentRegistration.Presentation.Controllers.EnrollmentsController.Enroll (StudentRegistration.Presentation)'
2026-05-03 18:34:01.867 -05:00 [INF] Route matched with {action = "Enroll", controller = "Enrollments"}. Executing controller action with signature System.Threading.Tasks.Task`1[Microsoft.AspNetCore.Mvc.IActionResult] Enroll(System.Guid, StudentRegistration.Application.Commands.EnrollStudentCommand, System.Threading.CancellationToken) on controller StudentRegistration.Presentation.Controllers.EnrollmentsController (StudentRegistration.Presentation).
2026-05-03 18:34:01.869 -05:00 [INF] Enrolling student "7ab9a49b-ed37-4d43-a550-59f63effb5cc" in subject "20000000-0000-0000-0000-000000000009"
2026-05-03 18:34:01.873 -05:00 [INF] Executed DbCommand (2ms) [Parameters=[@__id_0='?' (DbType = Guid)], CommandType='"Text"', CommandTimeout='30']
SELECT `t`.`student_id`, `t`.`created_at`, `t`.`document_number`, `t`.`email`, `t`.`full_name`, `t`.`is_active`, `t`.`updated_at`, `t0`.`enrollment_id`, `t0`.`enrolled_at`, `t0`.`is_active`, `t0`.`professor_id`, `t0`.`student_id`, `t0`.`subject_id`, `t0`.`subject_id0`, `t0`.`credits`, `t0`.`name`, `t0`.`professor_id0`, `t0`.`professor_id1`, `t0`.`full_name`
FROM (
    SELECT `s`.`student_id`, `s`.`created_at`, `s`.`document_number`, `s`.`email`, `s`.`full_name`, `s`.`is_active`, `s`.`updated_at`
    FROM `students` AS `s`
    WHERE `s`.`student_id` = @__id_0
    LIMIT 1
) AS `t`
LEFT JOIN (
    SELECT `e`.`enrollment_id`, `e`.`enrolled_at`, `e`.`is_active`, `e`.`professor_id`, `e`.`student_id`, `e`.`subject_id`, `s0`.`subject_id` AS `subject_id0`, `s0`.`credits`, `s0`.`name`, `s0`.`professor_id` AS `professor_id0`, `p`.`professor_id` AS `professor_id1`, `p`.`full_name`
    FROM `enrollments` AS `e`
    INNER JOIN `subjects` AS `s0` ON `e`.`subject_id` = `s0`.`subject_id`
    INNER JOIN `professors` AS `p` ON `s0`.`professor_id` = `p`.`professor_id`
) AS `t0` ON `t`.`student_id` = `t0`.`student_id`
ORDER BY `t`.`student_id`, `t0`.`enrollment_id`, `t0`.`subject_id0`
2026-05-03 18:34:01.877 -05:00 [INF] Executed DbCommand (1ms) [Parameters=[@__id_0='?' (DbType = Guid)], CommandType='"Text"', CommandTimeout='30']
SELECT `s`.`subject_id`, `s`.`credits`, `s`.`name`, `s`.`professor_id`, `p`.`professor_id`, `p`.`full_name`
FROM `subjects` AS `s`
INNER JOIN `professors` AS `p` ON `s`.`professor_id` = `p`.`professor_id`
WHERE `s`.`subject_id` = @__id_0
LIMIT 1
2026-05-03 18:34:01.882 -05:00 [INF] Executed DbCommand (1ms) [Parameters=[@p0='?' (DbType = Guid), @p1='?' (DbType = DateTime), @p2='?' (DbType = Guid), @p3='?' (DbType = Guid), @p4='?' (DbType = Guid), @p11='?' (DbType = Guid), @p5='?' (DbType = DateTime), @p6='?' (Size = 20), @p7='?' (Size = 255), @p8='?' (Size = 150), @p9='?' (DbType = Boolean), @p10='?' (DbType = DateTime)], CommandType='"Text"', CommandTimeout='30']
INSERT INTO `enrollments` (`enrollment_id`, `enrolled_at`, `professor_id`, `student_id`, `subject_id`)
VALUES (@p0, @p1, @p2, @p3, @p4);
SELECT `is_active`
FROM `enrollments`
WHERE ROW_COUNT() = 1 AND `enrollment_id` = @p0;

UPDATE `students` SET `created_at` = @p5, `document_number` = @p6, `email` = @p7, `full_name` = @p8, `is_active` = @p9, `updated_at` = @p10
WHERE `student_id` = @p11;
SELECT ROW_COUNT();
2026-05-03 18:34:01.890 -05:00 [INF] Student "7ab9a49b-ed37-4d43-a550-59f63effb5cc" enrolled in subject "20000000-0000-0000-0000-000000000009"
2026-05-03 18:34:01.891 -05:00 [INF] Executing ObjectResult, writing value of type 'StudentRegistration.Application.DTOs.EnrollmentDto'.
2026-05-03 18:34:01.892 -05:00 [INF] Executed action StudentRegistration.Presentation.Controllers.EnrollmentsController.Enroll (StudentRegistration.Presentation) in 23.4892ms
2026-05-03 18:34:01.893 -05:00 [INF] Executed endpoint 'StudentRegistration.Presentation.Controllers.EnrollmentsController.Enroll (StudentRegistration.Presentation)'
2026-05-03 18:34:01.894 -05:00 [INF] HTTP POST /api/v1/students/7ab9a49b-ed37-4d43-a550-59f63effb5cc/enrollments responded 201 in 27.6620 ms
2026-05-03 18:34:01.896 -05:00 [INF] Request finished HTTP/1.1 POST https://localhost:7082/api/v1/students/7ab9a49b-ed37-4d43-a550-59f63effb5cc/enrollments - 201 null application/json; charset=utf-8 32.179ms
2026-05-03 18:34:01.904 -05:00 [INF] Request starting HTTP/1.1 GET https://localhost:7082/api/v1/students/7ab9a49b-ed37-4d43-a550-59f63effb5cc - null null
2026-05-03 18:34:01.906 -05:00 [INF] Executing endpoint 'StudentRegistration.Presentation.Controllers.StudentsController.GetById (StudentRegistration.Presentation)'
2026-05-03 18:34:01.907 -05:00 [INF] Route matched with {action = "GetById", controller = "Students"}. Executing controller action with signature System.Threading.Tasks.Task`1[Microsoft.AspNetCore.Mvc.IActionResult] GetById(System.Guid, System.Threading.CancellationToken) on controller StudentRegistration.Presentation.Controllers.StudentsController (StudentRegistration.Presentation).
2026-05-03 18:34:01.908 -05:00 [INF] Getting student "7ab9a49b-ed37-4d43-a550-59f63effb5cc"
2026-05-03 18:34:01.918 -05:00 [INF] Executed DbCommand (8ms) [Parameters=[@__id_0='?' (DbType = Guid)], CommandType='"Text"', CommandTimeout='30']
SELECT `t`.`student_id`, `t`.`created_at`, `t`.`document_number`, `t`.`email`, `t`.`full_name`, `t`.`is_active`, `t`.`updated_at`, `t0`.`enrollment_id`, `t0`.`enrolled_at`, `t0`.`is_active`, `t0`.`professor_id`, `t0`.`student_id`, `t0`.`subject_id`, `t0`.`subject_id0`, `t0`.`credits`, `t0`.`name`, `t0`.`professor_id0`, `t0`.`professor_id1`, `t0`.`full_name`
FROM (
    SELECT `s`.`student_id`, `s`.`created_at`, `s`.`document_number`, `s`.`email`, `s`.`full_name`, `s`.`is_active`, `s`.`updated_at`
    FROM `students` AS `s`
    WHERE `s`.`student_id` = @__id_0
    LIMIT 1
) AS `t`
LEFT JOIN (
    SELECT `e`.`enrollment_id`, `e`.`enrolled_at`, `e`.`is_active`, `e`.`professor_id`, `e`.`student_id`, `e`.`subject_id`, `s0`.`subject_id` AS `subject_id0`, `s0`.`credits`, `s0`.`name`, `s0`.`professor_id` AS `professor_id0`, `p`.`professor_id` AS `professor_id1`, `p`.`full_name`
    FROM `enrollments` AS `e`
    INNER JOIN `subjects` AS `s0` ON `e`.`subject_id` = `s0`.`subject_id`
    INNER JOIN `professors` AS `p` ON `s0`.`professor_id` = `p`.`professor_id`
) AS `t0` ON `t`.`student_id` = `t0`.`student_id`
ORDER BY `t`.`student_id`, `t0`.`enrollment_id`, `t0`.`subject_id0`
2026-05-03 18:34:01.920 -05:00 [INF] Student "7ab9a49b-ed37-4d43-a550-59f63effb5cc" retrieved
2026-05-03 18:34:01.921 -05:00 [INF] Executing OkObjectResult, writing value of type 'StudentRegistration.Application.DTOs.StudentDto'.
2026-05-03 18:34:01.922 -05:00 [INF] Executed action StudentRegistration.Presentation.Controllers.StudentsController.GetById (StudentRegistration.Presentation) in 14.3943ms
2026-05-03 18:34:01.923 -05:00 [INF] Executed endpoint 'StudentRegistration.Presentation.Controllers.StudentsController.GetById (StudentRegistration.Presentation)'
2026-05-03 18:34:01.924 -05:00 [INF] HTTP GET /api/v1/students/7ab9a49b-ed37-4d43-a550-59f63effb5cc responded 200 in 18.1563 ms
2026-05-03 18:34:01.926 -05:00 [INF] Request finished HTTP/1.1 GET https://localhost:7082/api/v1/students/7ab9a49b-ed37-4d43-a550-59f63effb5cc - 200 null application/json; charset=utf-8 21.6549ms
2026-05-03 18:34:05.629 -05:00 [INF] Request starting HTTP/1.1 GET https://localhost:7082/api/v1/students - null null
2026-05-03 18:34:05.633 -05:00 [INF] Executing endpoint 'StudentRegistration.Presentation.Controllers.StudentsController.GetAll (StudentRegistration.Presentation)'
2026-05-03 18:34:05.634 -05:00 [INF] Route matched with {action = "GetAll", controller = "Students"}. Executing controller action with signature System.Threading.Tasks.Task`1[Microsoft.AspNetCore.Mvc.IActionResult] GetAll(System.Threading.CancellationToken) on controller StudentRegistration.Presentation.Controllers.StudentsController (StudentRegistration.Presentation).
2026-05-03 18:34:05.635 -05:00 [INF] Getting all active students
2026-05-03 18:34:05.639 -05:00 [INF] Executed DbCommand (2ms) [Parameters=[], CommandType='"Text"', CommandTimeout='30']
SELECT `s`.`student_id`, `s`.`created_at`, `s`.`document_number`, `s`.`email`, `s`.`full_name`, `s`.`is_active`, `s`.`updated_at`, `e`.`enrollment_id`, `e`.`enrolled_at`, `e`.`is_active`, `e`.`professor_id`, `e`.`student_id`, `e`.`subject_id`
FROM `students` AS `s`
LEFT JOIN `enrollments` AS `e` ON `s`.`student_id` = `e`.`student_id`
ORDER BY `s`.`student_id`
2026-05-03 18:34:05.642 -05:00 [INF] Found 2 active students
2026-05-03 18:34:05.643 -05:00 [INF] Executing OkObjectResult, writing value of type 'System.Collections.Generic.List`1[[StudentRegistration.Application.DTOs.StudentSummaryDto, StudentRegistration.Application, Version=1.0.0.0, Culture=neutral, PublicKeyToken=null]]'.
2026-05-03 18:34:05.644 -05:00 [INF] Executed action StudentRegistration.Presentation.Controllers.StudentsController.GetAll (StudentRegistration.Presentation) in 8.8518ms
2026-05-03 18:34:05.645 -05:00 [INF] Executed endpoint 'StudentRegistration.Presentation.Controllers.StudentsController.GetAll (StudentRegistration.Presentation)'
2026-05-03 18:34:05.646 -05:00 [INF] HTTP GET /api/v1/students responded 200 in 13.5109 ms
2026-05-03 18:34:05.648 -05:00 [INF] Request finished HTTP/1.1 GET https://localhost:7082/api/v1/students - 200 null application/json; charset=utf-8 18.9576ms
2026-05-03 18:34:09.284 -05:00 [INF] Request starting HTTP/1.1 GET https://localhost:7082/api/v1/subjects - null null
2026-05-03 18:34:09.284 -05:00 [INF] Request starting HTTP/1.1 GET https://localhost:7082/api/v1/students/7ab9a49b-ed37-4d43-a550-59f63effb5cc - null null
2026-05-03 18:34:09.286 -05:00 [INF] Executing endpoint 'StudentRegistration.Presentation.Controllers.SubjectsController.GetAll (StudentRegistration.Presentation)'
2026-05-03 18:34:09.288 -05:00 [INF] Executing endpoint 'StudentRegistration.Presentation.Controllers.StudentsController.GetById (StudentRegistration.Presentation)'
2026-05-03 18:34:09.289 -05:00 [INF] Route matched with {action = "GetAll", controller = "Subjects"}. Executing controller action with signature System.Threading.Tasks.Task`1[Microsoft.AspNetCore.Mvc.IActionResult] GetAll(System.Threading.CancellationToken) on controller StudentRegistration.Presentation.Controllers.SubjectsController (StudentRegistration.Presentation).
2026-05-03 18:34:09.290 -05:00 [INF] Route matched with {action = "GetById", controller = "Students"}. Executing controller action with signature System.Threading.Tasks.Task`1[Microsoft.AspNetCore.Mvc.IActionResult] GetById(System.Guid, System.Threading.CancellationToken) on controller StudentRegistration.Presentation.Controllers.StudentsController (StudentRegistration.Presentation).
2026-05-03 18:34:09.292 -05:00 [INF] Getting all subjects
2026-05-03 18:34:09.294 -05:00 [INF] Getting student "7ab9a49b-ed37-4d43-a550-59f63effb5cc"
2026-05-03 18:34:09.298 -05:00 [INF] Executed DbCommand (2ms) [Parameters=[], CommandType='"Text"', CommandTimeout='30']
SELECT `s`.`subject_id`, `s`.`credits`, `s`.`name`, `s`.`professor_id`, `p`.`professor_id`, `p`.`full_name`
FROM `subjects` AS `s`
INNER JOIN `professors` AS `p` ON `s`.`professor_id` = `p`.`professor_id`
2026-05-03 18:34:09.302 -05:00 [INF] Executed DbCommand (1ms) [Parameters=[@__id_0='?' (DbType = Guid)], CommandType='"Text"', CommandTimeout='30']
SELECT `t`.`student_id`, `t`.`created_at`, `t`.`document_number`, `t`.`email`, `t`.`full_name`, `t`.`is_active`, `t`.`updated_at`, `t0`.`enrollment_id`, `t0`.`enrolled_at`, `t0`.`is_active`, `t0`.`professor_id`, `t0`.`student_id`, `t0`.`subject_id`, `t0`.`subject_id0`, `t0`.`credits`, `t0`.`name`, `t0`.`professor_id0`, `t0`.`professor_id1`, `t0`.`full_name`
FROM (
    SELECT `s`.`student_id`, `s`.`created_at`, `s`.`document_number`, `s`.`email`, `s`.`full_name`, `s`.`is_active`, `s`.`updated_at`
    FROM `students` AS `s`
    WHERE `s`.`student_id` = @__id_0
    LIMIT 1
) AS `t`
LEFT JOIN (
    SELECT `e`.`enrollment_id`, `e`.`enrolled_at`, `e`.`is_active`, `e`.`professor_id`, `e`.`student_id`, `e`.`subject_id`, `s0`.`subject_id` AS `subject_id0`, `s0`.`credits`, `s0`.`name`, `s0`.`professor_id` AS `professor_id0`, `p`.`professor_id` AS `professor_id1`, `p`.`full_name`
    FROM `enrollments` AS `e`
    INNER JOIN `subjects` AS `s0` ON `e`.`subject_id` = `s0`.`subject_id`
    INNER JOIN `professors` AS `p` ON `s0`.`professor_id` = `p`.`professor_id`
) AS `t0` ON `t`.`student_id` = `t0`.`student_id`
ORDER BY `t`.`student_id`, `t0`.`enrollment_id`, `t0`.`subject_id0`
2026-05-03 18:34:09.303 -05:00 [INF] Found 10 subjects
2026-05-03 18:34:09.304 -05:00 [INF] Student "7ab9a49b-ed37-4d43-a550-59f63effb5cc" retrieved
2026-05-03 18:34:09.305 -05:00 [INF] Executing OkObjectResult, writing value of type 'System.Collections.Generic.List`1[[StudentRegistration.Application.DTOs.SubjectDto, StudentRegistration.Application, Version=1.0.0.0, Culture=neutral, PublicKeyToken=null]]'.
2026-05-03 18:34:09.306 -05:00 [INF] Executing OkObjectResult, writing value of type 'StudentRegistration.Application.DTOs.StudentDto'.
2026-05-03 18:34:09.307 -05:00 [INF] Executed action StudentRegistration.Presentation.Controllers.SubjectsController.GetAll (StudentRegistration.Presentation) in 14.8017ms
2026-05-03 18:34:09.308 -05:00 [INF] Executed action StudentRegistration.Presentation.Controllers.StudentsController.GetById (StudentRegistration.Presentation) in 13.7123ms
2026-05-03 18:34:09.309 -05:00 [INF] Executed endpoint 'StudentRegistration.Presentation.Controllers.SubjectsController.GetAll (StudentRegistration.Presentation)'
2026-05-03 18:34:09.310 -05:00 [INF] Executed endpoint 'StudentRegistration.Presentation.Controllers.StudentsController.GetById (StudentRegistration.Presentation)'
2026-05-03 18:34:09.311 -05:00 [INF] HTTP GET /api/v1/subjects responded 200 in 24.4160 ms
2026-05-03 18:34:09.311 -05:00 [INF] HTTP GET /api/v1/students/7ab9a49b-ed37-4d43-a550-59f63effb5cc responded 200 in 23.1292 ms
2026-05-03 18:34:09.313 -05:00 [INF] Request finished HTTP/1.1 GET https://localhost:7082/api/v1/subjects - 200 null application/json; charset=utf-8 29.0902ms
2026-05-03 18:34:09.314 -05:00 [INF] Request finished HTTP/1.1 GET https://localhost:7082/api/v1/students/7ab9a49b-ed37-4d43-a550-59f63effb5cc - 200 null application/json; charset=utf-8 30.4399ms
2026-05-03 18:34:13.018 -05:00 [INF] Request starting HTTP/1.1 GET https://localhost:7082/api/v1/students/7ab9a49b-ed37-4d43-a550-59f63effb5cc/subjects/20000000-0000-0000-0000-000000000009/classmates - null null
2026-05-03 18:34:13.020 -05:00 [INF] Executing endpoint 'StudentRegistration.Presentation.Controllers.ClassmatesController.GetClassmates (StudentRegistration.Presentation)'
2026-05-03 18:34:13.023 -05:00 [INF] Route matched with {action = "GetClassmates", controller = "Classmates"}. Executing controller action with signature System.Threading.Tasks.Task`1[Microsoft.AspNetCore.Mvc.IActionResult] GetClassmates(System.Guid, System.Guid, System.Threading.CancellationToken) on controller StudentRegistration.Presentation.Controllers.ClassmatesController (StudentRegistration.Presentation).
2026-05-03 18:34:13.026 -05:00 [INF] Getting classmates for student "7ab9a49b-ed37-4d43-a550-59f63effb5cc" in subject "20000000-0000-0000-0000-000000000009"
2026-05-03 18:34:13.030 -05:00 [INF] Executed DbCommand (1ms) [Parameters=[@__id_0='?' (DbType = Guid)], CommandType='"Text"', CommandTimeout='30']
SELECT `t`.`student_id`, `t`.`created_at`, `t`.`document_number`, `t`.`email`, `t`.`full_name`, `t`.`is_active`, `t`.`updated_at`, `t0`.`enrollment_id`, `t0`.`enrolled_at`, `t0`.`is_active`, `t0`.`professor_id`, `t0`.`student_id`, `t0`.`subject_id`, `t0`.`subject_id0`, `t0`.`credits`, `t0`.`name`, `t0`.`professor_id0`, `t0`.`professor_id1`, `t0`.`full_name`
FROM (
    SELECT `s`.`student_id`, `s`.`created_at`, `s`.`document_number`, `s`.`email`, `s`.`full_name`, `s`.`is_active`, `s`.`updated_at`
    FROM `students` AS `s`
    WHERE `s`.`student_id` = @__id_0
    LIMIT 1
) AS `t`
LEFT JOIN (
    SELECT `e`.`enrollment_id`, `e`.`enrolled_at`, `e`.`is_active`, `e`.`professor_id`, `e`.`student_id`, `e`.`subject_id`, `s0`.`subject_id` AS `subject_id0`, `s0`.`credits`, `s0`.`name`, `s0`.`professor_id` AS `professor_id0`, `p`.`professor_id` AS `professor_id1`, `p`.`full_name`
    FROM `enrollments` AS `e`
    INNER JOIN `subjects` AS `s0` ON `e`.`subject_id` = `s0`.`subject_id`
    INNER JOIN `professors` AS `p` ON `s0`.`professor_id` = `p`.`professor_id`
) AS `t0` ON `t`.`student_id` = `t0`.`student_id`
ORDER BY `t`.`student_id`, `t0`.`enrollment_id`, `t0`.`subject_id0`
2026-05-03 18:34:13.053 -05:00 [INF] Executed DbCommand (2ms) [Parameters=[@__subjectId_0='?' (DbType = Guid), @__excludeStudentId_1='?' (DbType = Guid)], CommandType='"Text"', CommandTimeout='30']
SELECT `s`.`student_id`, `s`.`created_at`, `s`.`document_number`, `s`.`email`, `s`.`full_name`, `s`.`is_active`, `s`.`updated_at`
FROM (
    SELECT DISTINCT `e`.`student_id`
    FROM `enrollments` AS `e`
    WHERE ((`e`.`subject_id` = @__subjectId_0) AND `e`.`is_active`) AND (`e`.`student_id` <> @__excludeStudentId_1)
) AS `t`
INNER JOIN `students` AS `s` ON `t`.`student_id` = `s`.`student_id`
2026-05-03 18:34:13.054 -05:00 [INF] Found 1 classmates for student "7ab9a49b-ed37-4d43-a550-59f63effb5cc"
2026-05-03 18:34:13.057 -05:00 [INF] Executing OkObjectResult, writing value of type 'System.Collections.Generic.List`1[[StudentRegistration.Application.DTOs.ClassmateDto, StudentRegistration.Application, Version=1.0.0.0, Culture=neutral, PublicKeyToken=null]]'.
2026-05-03 18:34:13.059 -05:00 [INF] Executed action StudentRegistration.Presentation.Controllers.ClassmatesController.GetClassmates (StudentRegistration.Presentation) in 35.0456ms
2026-05-03 18:34:13.060 -05:00 [INF] Executed endpoint 'StudentRegistration.Presentation.Controllers.ClassmatesController.GetClassmates (StudentRegistration.Presentation)'
2026-05-03 18:34:13.061 -05:00 [INF] HTTP GET /api/v1/students/7ab9a49b-ed37-4d43-a550-59f63effb5cc/subjects/20000000-0000-0000-0000-000000000009/classmates responded 200 in 40.7767 ms
2026-05-03 18:34:13.062 -05:00 [INF] Request finished HTTP/1.1 GET https://localhost:7082/api/v1/students/7ab9a49b-ed37-4d43-a550-59f63effb5cc/subjects/20000000-0000-0000-0000-000000000009/classmates - 200 null application/json; charset=utf-8 44.7471ms
2026-05-03 18:34:15.784 -05:00 [INF] Request starting HTTP/1.1 GET https://localhost:7082/api/v1/subjects - null null
2026-05-03 18:34:15.784 -05:00 [INF] Request starting HTTP/1.1 GET https://localhost:7082/api/v1/students/7ab9a49b-ed37-4d43-a550-59f63effb5cc - null null
2026-05-03 18:34:15.787 -05:00 [INF] Executing endpoint 'StudentRegistration.Presentation.Controllers.SubjectsController.GetAll (StudentRegistration.Presentation)'
2026-05-03 18:34:15.789 -05:00 [INF] Executing endpoint 'StudentRegistration.Presentation.Controllers.StudentsController.GetById (StudentRegistration.Presentation)'
2026-05-03 18:34:15.790 -05:00 [INF] Route matched with {action = "GetAll", controller = "Subjects"}. Executing controller action with signature System.Threading.Tasks.Task`1[Microsoft.AspNetCore.Mvc.IActionResult] GetAll(System.Threading.CancellationToken) on controller StudentRegistration.Presentation.Controllers.SubjectsController (StudentRegistration.Presentation).
2026-05-03 18:34:15.791 -05:00 [INF] Route matched with {action = "GetById", controller = "Students"}. Executing controller action with signature System.Threading.Tasks.Task`1[Microsoft.AspNetCore.Mvc.IActionResult] GetById(System.Guid, System.Threading.CancellationToken) on controller StudentRegistration.Presentation.Controllers.StudentsController (StudentRegistration.Presentation).
2026-05-03 18:34:15.792 -05:00 [INF] Getting all subjects
2026-05-03 18:34:15.794 -05:00 [INF] Getting student "7ab9a49b-ed37-4d43-a550-59f63effb5cc"
2026-05-03 18:34:15.797 -05:00 [INF] Executed DbCommand (1ms) [Parameters=[], CommandType='"Text"', CommandTimeout='30']
SELECT `s`.`subject_id`, `s`.`credits`, `s`.`name`, `s`.`professor_id`, `p`.`professor_id`, `p`.`full_name`
FROM `subjects` AS `s`
INNER JOIN `professors` AS `p` ON `s`.`professor_id` = `p`.`professor_id`
2026-05-03 18:34:15.801 -05:00 [INF] Executed DbCommand (1ms) [Parameters=[@__id_0='?' (DbType = Guid)], CommandType='"Text"', CommandTimeout='30']
SELECT `t`.`student_id`, `t`.`created_at`, `t`.`document_number`, `t`.`email`, `t`.`full_name`, `t`.`is_active`, `t`.`updated_at`, `t0`.`enrollment_id`, `t0`.`enrolled_at`, `t0`.`is_active`, `t0`.`professor_id`, `t0`.`student_id`, `t0`.`subject_id`, `t0`.`subject_id0`, `t0`.`credits`, `t0`.`name`, `t0`.`professor_id0`, `t0`.`professor_id1`, `t0`.`full_name`
FROM (
    SELECT `s`.`student_id`, `s`.`created_at`, `s`.`document_number`, `s`.`email`, `s`.`full_name`, `s`.`is_active`, `s`.`updated_at`
    FROM `students` AS `s`
    WHERE `s`.`student_id` = @__id_0
    LIMIT 1
) AS `t`
LEFT JOIN (
    SELECT `e`.`enrollment_id`, `e`.`enrolled_at`, `e`.`is_active`, `e`.`professor_id`, `e`.`student_id`, `e`.`subject_id`, `s0`.`subject_id` AS `subject_id0`, `s0`.`credits`, `s0`.`name`, `s0`.`professor_id` AS `professor_id0`, `p`.`professor_id` AS `professor_id1`, `p`.`full_name`
    FROM `enrollments` AS `e`
    INNER JOIN `subjects` AS `s0` ON `e`.`subject_id` = `s0`.`subject_id`
    INNER JOIN `professors` AS `p` ON `s0`.`professor_id` = `p`.`professor_id`
) AS `t0` ON `t`.`student_id` = `t0`.`student_id`
ORDER BY `t`.`student_id`, `t0`.`enrollment_id`, `t0`.`subject_id0`
2026-05-03 18:34:15.802 -05:00 [INF] Found 10 subjects
2026-05-03 18:34:15.803 -05:00 [INF] Student "7ab9a49b-ed37-4d43-a550-59f63effb5cc" retrieved
2026-05-03 18:34:15.804 -05:00 [INF] Executing OkObjectResult, writing value of type 'System.Collections.Generic.List`1[[StudentRegistration.Application.DTOs.SubjectDto, StudentRegistration.Application, Version=1.0.0.0, Culture=neutral, PublicKeyToken=null]]'.
2026-05-03 18:34:15.805 -05:00 [INF] Executing OkObjectResult, writing value of type 'StudentRegistration.Application.DTOs.StudentDto'.
2026-05-03 18:34:15.806 -05:00 [INF] Executed action StudentRegistration.Presentation.Controllers.SubjectsController.GetAll (StudentRegistration.Presentation) in 13.7738ms
2026-05-03 18:34:15.807 -05:00 [INF] Executed action StudentRegistration.Presentation.Controllers.StudentsController.GetById (StudentRegistration.Presentation) in 12.9021ms
2026-05-03 18:34:15.808 -05:00 [INF] Executed endpoint 'StudentRegistration.Presentation.Controllers.SubjectsController.GetAll (StudentRegistration.Presentation)'
2026-05-03 18:34:15.809 -05:00 [INF] Executed endpoint 'StudentRegistration.Presentation.Controllers.StudentsController.GetById (StudentRegistration.Presentation)'
2026-05-03 18:34:15.810 -05:00 [INF] HTTP GET /api/v1/subjects responded 200 in 22.8023 ms
2026-05-03 18:34:15.810 -05:00 [INF] HTTP GET /api/v1/students/7ab9a49b-ed37-4d43-a550-59f63effb5cc responded 200 in 21.6467 ms
2026-05-03 18:34:15.812 -05:00 [INF] Request finished HTTP/1.1 GET https://localhost:7082/api/v1/subjects - 200 null application/json; charset=utf-8 27.2797ms
2026-05-03 18:34:15.813 -05:00 [INF] Request finished HTTP/1.1 GET https://localhost:7082/api/v1/students/7ab9a49b-ed37-4d43-a550-59f63effb5cc - 200 null application/json; charset=utf-8 28.9586ms
2026-05-03 18:34:17.062 -05:00 [INF] Request starting HTTP/1.1 GET https://localhost:7082/api/v1/students - null null
2026-05-03 18:34:17.065 -05:00 [INF] Executing endpoint 'StudentRegistration.Presentation.Controllers.StudentsController.GetAll (StudentRegistration.Presentation)'
2026-05-03 18:34:17.066 -05:00 [INF] Route matched with {action = "GetAll", controller = "Students"}. Executing controller action with signature System.Threading.Tasks.Task`1[Microsoft.AspNetCore.Mvc.IActionResult] GetAll(System.Threading.CancellationToken) on controller StudentRegistration.Presentation.Controllers.StudentsController (StudentRegistration.Presentation).
2026-05-03 18:34:17.068 -05:00 [INF] Getting all active students
2026-05-03 18:34:17.072 -05:00 [INF] Executed DbCommand (1ms) [Parameters=[], CommandType='"Text"', CommandTimeout='30']
SELECT `s`.`student_id`, `s`.`created_at`, `s`.`document_number`, `s`.`email`, `s`.`full_name`, `s`.`is_active`, `s`.`updated_at`, `e`.`enrollment_id`, `e`.`enrolled_at`, `e`.`is_active`, `e`.`professor_id`, `e`.`student_id`, `e`.`subject_id`
FROM `students` AS `s`
LEFT JOIN `enrollments` AS `e` ON `s`.`student_id` = `e`.`student_id`
ORDER BY `s`.`student_id`
2026-05-03 18:34:17.075 -05:00 [INF] Found 2 active students
2026-05-03 18:34:17.076 -05:00 [INF] Executing OkObjectResult, writing value of type 'System.Collections.Generic.List`1[[StudentRegistration.Application.DTOs.StudentSummaryDto, StudentRegistration.Application, Version=1.0.0.0, Culture=neutral, PublicKeyToken=null]]'.
2026-05-03 18:34:17.077 -05:00 [INF] Executed action StudentRegistration.Presentation.Controllers.StudentsController.GetAll (StudentRegistration.Presentation) in 9.3087ms
2026-05-03 18:34:17.078 -05:00 [INF] Executed endpoint 'StudentRegistration.Presentation.Controllers.StudentsController.GetAll (StudentRegistration.Presentation)'
2026-05-03 18:34:17.079 -05:00 [INF] HTTP GET /api/v1/students responded 200 in 14.0241 ms
2026-05-03 18:34:17.080 -05:00 [INF] Request finished HTTP/1.1 GET https://localhost:7082/api/v1/students - 200 null application/json; charset=utf-8 18.2468ms
2026-05-03 18:34:35.907 -05:00 [INF] Request starting HTTP/1.1 POST https://localhost:7082/api/v1/students - application/json 93
2026-05-03 18:34:35.909 -05:00 [INF] No CORS policy found for the specified request.
2026-05-03 18:34:35.910 -05:00 [INF] Executing endpoint 'StudentRegistration.Presentation.Controllers.StudentsController.Register (StudentRegistration.Presentation)'
2026-05-03 18:34:35.913 -05:00 [INF] Route matched with {action = "Register", controller = "Students"}. Executing controller action with signature System.Threading.Tasks.Task`1[Microsoft.AspNetCore.Mvc.IActionResult] Register(StudentRegistration.Application.Commands.RegisterStudentCommand, System.Threading.CancellationToken) on controller StudentRegistration.Presentation.Controllers.StudentsController (StudentRegistration.Presentation).
2026-05-03 18:34:35.917 -05:00 [INF] Registering student with email luisangel@gmail.com
2026-05-03 18:34:35.922 -05:00 [INF] Executed DbCommand (2ms) [Parameters=[@__email_0='?' (Size = 255)], CommandType='"Text"', CommandTimeout='30']
SELECT `s`.`student_id`, `s`.`created_at`, `s`.`document_number`, `s`.`email`, `s`.`full_name`, `s`.`is_active`, `s`.`updated_at`
FROM `students` AS `s`
WHERE `s`.`email` = @__email_0
LIMIT 1
2026-05-03 18:34:35.926 -05:00 [INF] Executed DbCommand (1ms) [Parameters=[@__documentNumber_0='?' (Size = 20)], CommandType='"Text"', CommandTimeout='30']
SELECT `s`.`student_id`, `s`.`created_at`, `s`.`document_number`, `s`.`email`, `s`.`full_name`, `s`.`is_active`, `s`.`updated_at`
FROM `students` AS `s`
WHERE `s`.`document_number` = @__documentNumber_0
LIMIT 1
2026-05-03 18:34:35.930 -05:00 [INF] Executed DbCommand (1ms) [Parameters=[@p0='?' (DbType = Guid), @p1='?' (DbType = DateTime), @p2='?' (Size = 20), @p3='?' (Size = 255), @p4='?' (Size = 150), @p5='?' (DbType = DateTime)], CommandType='"Text"', CommandTimeout='30']
INSERT INTO `students` (`student_id`, `created_at`, `document_number`, `email`, `full_name`, `updated_at`)
VALUES (@p0, @p1, @p2, @p3, @p4, @p5);
SELECT `is_active`
FROM `students`
WHERE ROW_COUNT() = 1 AND `student_id` = @p0;
2026-05-03 18:34:35.935 -05:00 [INF] Student "bdf365d2-6bc1-4446-8ce4-387b5c187cb8" registered successfully
2026-05-03 18:34:35.936 -05:00 [INF] Executing CreatedAtActionResult, writing value of type 'StudentRegistration.Application.DTOs.StudentDto'.
2026-05-03 18:34:35.937 -05:00 [INF] Executed action StudentRegistration.Presentation.Controllers.StudentsController.Register (StudentRegistration.Presentation) in 23.0373ms
2026-05-03 18:34:35.938 -05:00 [INF] Executed endpoint 'StudentRegistration.Presentation.Controllers.StudentsController.Register (StudentRegistration.Presentation)'
2026-05-03 18:34:35.939 -05:00 [INF] HTTP POST /api/v1/students responded 201 in 29.2748 ms
2026-05-03 18:34:35.941 -05:00 [INF] Request finished HTTP/1.1 POST https://localhost:7082/api/v1/students - 201 null application/json; charset=utf-8 33.2305ms
2026-05-03 18:34:35.949 -05:00 [INF] Request starting HTTP/1.1 GET https://localhost:7082/api/v1/students - null null
2026-05-03 18:34:35.952 -05:00 [INF] Executing endpoint 'StudentRegistration.Presentation.Controllers.StudentsController.GetAll (StudentRegistration.Presentation)'
2026-05-03 18:34:35.953 -05:00 [INF] Route matched with {action = "GetAll", controller = "Students"}. Executing controller action with signature System.Threading.Tasks.Task`1[Microsoft.AspNetCore.Mvc.IActionResult] GetAll(System.Threading.CancellationToken) on controller StudentRegistration.Presentation.Controllers.StudentsController (StudentRegistration.Presentation).
2026-05-03 18:34:35.954 -05:00 [INF] Getting all active students
2026-05-03 18:34:35.958 -05:00 [INF] Executed DbCommand (1ms) [Parameters=[], CommandType='"Text"', CommandTimeout='30']
SELECT `s`.`student_id`, `s`.`created_at`, `s`.`document_number`, `s`.`email`, `s`.`full_name`, `s`.`is_active`, `s`.`updated_at`, `e`.`enrollment_id`, `e`.`enrolled_at`, `e`.`is_active`, `e`.`professor_id`, `e`.`student_id`, `e`.`subject_id`
FROM `students` AS `s`
LEFT JOIN `enrollments` AS `e` ON `s`.`student_id` = `e`.`student_id`
ORDER BY `s`.`student_id`
2026-05-03 18:34:35.960 -05:00 [INF] Found 3 active students
2026-05-03 18:34:35.961 -05:00 [INF] Executing OkObjectResult, writing value of type 'System.Collections.Generic.List`1[[StudentRegistration.Application.DTOs.StudentSummaryDto, StudentRegistration.Application, Version=1.0.0.0, Culture=neutral, PublicKeyToken=null]]'.
2026-05-03 18:34:35.962 -05:00 [INF] Executed action StudentRegistration.Presentation.Controllers.StudentsController.GetAll (StudentRegistration.Presentation) in 7.7515ms
2026-05-03 18:34:35.963 -05:00 [INF] Executed endpoint 'StudentRegistration.Presentation.Controllers.StudentsController.GetAll (StudentRegistration.Presentation)'
2026-05-03 18:34:35.964 -05:00 [INF] HTTP GET /api/v1/students responded 200 in 12.0829 ms
2026-05-03 18:34:35.966 -05:00 [INF] Request finished HTTP/1.1 GET https://localhost:7082/api/v1/students - 200 null application/json; charset=utf-8 16.6107ms
2026-05-03 18:34:42.462 -05:00 [INF] Request starting HTTP/1.1 GET https://localhost:7082/api/v1/students/78b82ddc-83fd-4529-9765-b4889ffe700c - null null
2026-05-03 18:34:42.462 -05:00 [INF] Request starting HTTP/1.1 GET https://localhost:7082/api/v1/subjects - null null
2026-05-03 18:34:42.464 -05:00 [INF] Executing endpoint 'StudentRegistration.Presentation.Controllers.StudentsController.GetById (StudentRegistration.Presentation)'
2026-05-03 18:34:42.467 -05:00 [INF] Executing endpoint 'StudentRegistration.Presentation.Controllers.SubjectsController.GetAll (StudentRegistration.Presentation)'
2026-05-03 18:34:42.468 -05:00 [INF] Route matched with {action = "GetById", controller = "Students"}. Executing controller action with signature System.Threading.Tasks.Task`1[Microsoft.AspNetCore.Mvc.IActionResult] GetById(System.Guid, System.Threading.CancellationToken) on controller StudentRegistration.Presentation.Controllers.StudentsController (StudentRegistration.Presentation).
2026-05-03 18:34:42.469 -05:00 [INF] Route matched with {action = "GetAll", controller = "Subjects"}. Executing controller action with signature System.Threading.Tasks.Task`1[Microsoft.AspNetCore.Mvc.IActionResult] GetAll(System.Threading.CancellationToken) on controller StudentRegistration.Presentation.Controllers.SubjectsController (StudentRegistration.Presentation).
2026-05-03 18:34:42.471 -05:00 [INF] Getting student "78b82ddc-83fd-4529-9765-b4889ffe700c"
2026-05-03 18:34:42.472 -05:00 [INF] Getting all subjects
2026-05-03 18:34:42.477 -05:00 [INF] Executed DbCommand (2ms) [Parameters=[@__id_0='?' (DbType = Guid)], CommandType='"Text"', CommandTimeout='30']
SELECT `t`.`student_id`, `t`.`created_at`, `t`.`document_number`, `t`.`email`, `t`.`full_name`, `t`.`is_active`, `t`.`updated_at`, `t0`.`enrollment_id`, `t0`.`enrolled_at`, `t0`.`is_active`, `t0`.`professor_id`, `t0`.`student_id`, `t0`.`subject_id`, `t0`.`subject_id0`, `t0`.`credits`, `t0`.`name`, `t0`.`professor_id0`, `t0`.`professor_id1`, `t0`.`full_name`
FROM (
    SELECT `s`.`student_id`, `s`.`created_at`, `s`.`document_number`, `s`.`email`, `s`.`full_name`, `s`.`is_active`, `s`.`updated_at`
    FROM `students` AS `s`
    WHERE `s`.`student_id` = @__id_0
    LIMIT 1
) AS `t`
LEFT JOIN (
    SELECT `e`.`enrollment_id`, `e`.`enrolled_at`, `e`.`is_active`, `e`.`professor_id`, `e`.`student_id`, `e`.`subject_id`, `s0`.`subject_id` AS `subject_id0`, `s0`.`credits`, `s0`.`name`, `s0`.`professor_id` AS `professor_id0`, `p`.`professor_id` AS `professor_id1`, `p`.`full_name`
    FROM `enrollments` AS `e`
    INNER JOIN `subjects` AS `s0` ON `e`.`subject_id` = `s0`.`subject_id`
    INNER JOIN `professors` AS `p` ON `s0`.`professor_id` = `p`.`professor_id`
) AS `t0` ON `t`.`student_id` = `t0`.`student_id`
ORDER BY `t`.`student_id`, `t0`.`enrollment_id`, `t0`.`subject_id0`
2026-05-03 18:34:42.478 -05:00 [INF] Executed DbCommand (2ms) [Parameters=[], CommandType='"Text"', CommandTimeout='30']
SELECT `s`.`subject_id`, `s`.`credits`, `s`.`name`, `s`.`professor_id`, `p`.`professor_id`, `p`.`full_name`
FROM `subjects` AS `s`
INNER JOIN `professors` AS `p` ON `s`.`professor_id` = `p`.`professor_id`
2026-05-03 18:34:42.481 -05:00 [INF] Student "78b82ddc-83fd-4529-9765-b4889ffe700c" retrieved
2026-05-03 18:34:42.483 -05:00 [INF] Found 10 subjects
2026-05-03 18:34:42.484 -05:00 [INF] Executing OkObjectResult, writing value of type 'StudentRegistration.Application.DTOs.StudentDto'.
2026-05-03 18:34:42.484 -05:00 [INF] Executing OkObjectResult, writing value of type 'System.Collections.Generic.List`1[[StudentRegistration.Application.DTOs.SubjectDto, StudentRegistration.Application, Version=1.0.0.0, Culture=neutral, PublicKeyToken=null]]'.
2026-05-03 18:34:42.485 -05:00 [INF] Executed action StudentRegistration.Presentation.Controllers.StudentsController.GetById (StudentRegistration.Presentation) in 14.847ms
2026-05-03 18:34:42.486 -05:00 [INF] Executed action StudentRegistration.Presentation.Controllers.SubjectsController.GetAll (StudentRegistration.Presentation) in 14.1684ms
2026-05-03 18:34:42.487 -05:00 [INF] Executed endpoint 'StudentRegistration.Presentation.Controllers.StudentsController.GetById (StudentRegistration.Presentation)'
2026-05-03 18:34:42.489 -05:00 [INF] Executed endpoint 'StudentRegistration.Presentation.Controllers.SubjectsController.GetAll (StudentRegistration.Presentation)'
2026-05-03 18:34:42.489 -05:00 [INF] HTTP GET /api/v1/students/78b82ddc-83fd-4529-9765-b4889ffe700c responded 200 in 24.8888 ms
2026-05-03 18:34:42.490 -05:00 [INF] HTTP GET /api/v1/subjects responded 200 in 22.7637 ms
2026-05-03 18:34:42.491 -05:00 [INF] Request finished HTTP/1.1 GET https://localhost:7082/api/v1/students/78b82ddc-83fd-4529-9765-b4889ffe700c - 200 null application/json; charset=utf-8 29.2189ms
2026-05-03 18:34:42.493 -05:00 [INF] Request finished HTTP/1.1 GET https://localhost:7082/api/v1/subjects - 200 null application/json; charset=utf-8 30.6711ms
2026-05-03 18:34:45.818 -05:00 [INF] Request starting HTTP/1.1 GET https://localhost:7082/api/v1/students - null null
2026-05-03 18:34:45.821 -05:00 [INF] Executing endpoint 'StudentRegistration.Presentation.Controllers.StudentsController.GetAll (StudentRegistration.Presentation)'
2026-05-03 18:34:45.822 -05:00 [INF] Route matched with {action = "GetAll", controller = "Students"}. Executing controller action with signature System.Threading.Tasks.Task`1[Microsoft.AspNetCore.Mvc.IActionResult] GetAll(System.Threading.CancellationToken) on controller StudentRegistration.Presentation.Controllers.StudentsController (StudentRegistration.Presentation).
2026-05-03 18:34:45.824 -05:00 [INF] Getting all active students
2026-05-03 18:34:45.828 -05:00 [INF] Executed DbCommand (1ms) [Parameters=[], CommandType='"Text"', CommandTimeout='30']
SELECT `s`.`student_id`, `s`.`created_at`, `s`.`document_number`, `s`.`email`, `s`.`full_name`, `s`.`is_active`, `s`.`updated_at`, `e`.`enrollment_id`, `e`.`enrolled_at`, `e`.`is_active`, `e`.`professor_id`, `e`.`student_id`, `e`.`subject_id`
FROM `students` AS `s`
LEFT JOIN `enrollments` AS `e` ON `s`.`student_id` = `e`.`student_id`
ORDER BY `s`.`student_id`
2026-05-03 18:34:45.831 -05:00 [INF] Found 3 active students
2026-05-03 18:34:45.833 -05:00 [INF] Executing OkObjectResult, writing value of type 'System.Collections.Generic.List`1[[StudentRegistration.Application.DTOs.StudentSummaryDto, StudentRegistration.Application, Version=1.0.0.0, Culture=neutral, PublicKeyToken=null]]'.
2026-05-03 18:34:45.834 -05:00 [INF] Executed action StudentRegistration.Presentation.Controllers.StudentsController.GetAll (StudentRegistration.Presentation) in 10.903ms
2026-05-03 18:34:45.835 -05:00 [INF] Executed endpoint 'StudentRegistration.Presentation.Controllers.StudentsController.GetAll (StudentRegistration.Presentation)'
2026-05-03 18:34:45.836 -05:00 [INF] HTTP GET /api/v1/students responded 200 in 15.6365 ms
2026-05-03 18:34:45.838 -05:00 [INF] Request finished HTTP/1.1 GET https://localhost:7082/api/v1/students - 200 null application/json; charset=utf-8 19.3827ms
2026-05-03 18:34:46.885 -05:00 [INF] Request starting HTTP/1.1 GET https://localhost:7082/api/v1/students/7ab9a49b-ed37-4d43-a550-59f63effb5cc - null null
2026-05-03 18:34:46.886 -05:00 [INF] Request starting HTTP/1.1 GET https://localhost:7082/api/v1/subjects - null null
2026-05-03 18:34:46.887 -05:00 [INF] Executing endpoint 'StudentRegistration.Presentation.Controllers.StudentsController.GetById (StudentRegistration.Presentation)'
2026-05-03 18:34:46.889 -05:00 [INF] Executing endpoint 'StudentRegistration.Presentation.Controllers.SubjectsController.GetAll (StudentRegistration.Presentation)'
2026-05-03 18:34:46.890 -05:00 [INF] Route matched with {action = "GetById", controller = "Students"}. Executing controller action with signature System.Threading.Tasks.Task`1[Microsoft.AspNetCore.Mvc.IActionResult] GetById(System.Guid, System.Threading.CancellationToken) on controller StudentRegistration.Presentation.Controllers.StudentsController (StudentRegistration.Presentation).
2026-05-03 18:34:46.890 -05:00 [INF] Route matched with {action = "GetAll", controller = "Subjects"}. Executing controller action with signature System.Threading.Tasks.Task`1[Microsoft.AspNetCore.Mvc.IActionResult] GetAll(System.Threading.CancellationToken) on controller StudentRegistration.Presentation.Controllers.SubjectsController (StudentRegistration.Presentation).
2026-05-03 18:34:46.892 -05:00 [INF] Getting student "7ab9a49b-ed37-4d43-a550-59f63effb5cc"
2026-05-03 18:34:46.893 -05:00 [INF] Getting all subjects
2026-05-03 18:34:46.899 -05:00 [INF] Executed DbCommand (3ms) [Parameters=[@__id_0='?' (DbType = Guid)], CommandType='"Text"', CommandTimeout='30']
SELECT `t`.`student_id`, `t`.`created_at`, `t`.`document_number`, `t`.`email`, `t`.`full_name`, `t`.`is_active`, `t`.`updated_at`, `t0`.`enrollment_id`, `t0`.`enrolled_at`, `t0`.`is_active`, `t0`.`professor_id`, `t0`.`student_id`, `t0`.`subject_id`, `t0`.`subject_id0`, `t0`.`credits`, `t0`.`name`, `t0`.`professor_id0`, `t0`.`professor_id1`, `t0`.`full_name`
FROM (
    SELECT `s`.`student_id`, `s`.`created_at`, `s`.`document_number`, `s`.`email`, `s`.`full_name`, `s`.`is_active`, `s`.`updated_at`
    FROM `students` AS `s`
    WHERE `s`.`student_id` = @__id_0
    LIMIT 1
) AS `t`
LEFT JOIN (
    SELECT `e`.`enrollment_id`, `e`.`enrolled_at`, `e`.`is_active`, `e`.`professor_id`, `e`.`student_id`, `e`.`subject_id`, `s0`.`subject_id` AS `subject_id0`, `s0`.`credits`, `s0`.`name`, `s0`.`professor_id` AS `professor_id0`, `p`.`professor_id` AS `professor_id1`, `p`.`full_name`
    FROM `enrollments` AS `e`
    INNER JOIN `subjects` AS `s0` ON `e`.`subject_id` = `s0`.`subject_id`
    INNER JOIN `professors` AS `p` ON `s0`.`professor_id` = `p`.`professor_id`
) AS `t0` ON `t`.`student_id` = `t0`.`student_id`
ORDER BY `t`.`student_id`, `t0`.`enrollment_id`, `t0`.`subject_id0`
2026-05-03 18:34:46.901 -05:00 [INF] Executed DbCommand (2ms) [Parameters=[], CommandType='"Text"', CommandTimeout='30']
SELECT `s`.`subject_id`, `s`.`credits`, `s`.`name`, `s`.`professor_id`, `p`.`professor_id`, `p`.`full_name`
FROM `subjects` AS `s`
INNER JOIN `professors` AS `p` ON `s`.`professor_id` = `p`.`professor_id`
2026-05-03 18:34:46.903 -05:00 [INF] Student "7ab9a49b-ed37-4d43-a550-59f63effb5cc" retrieved
2026-05-03 18:34:46.904 -05:00 [INF] Found 10 subjects
2026-05-03 18:34:46.905 -05:00 [INF] Executing OkObjectResult, writing value of type 'StudentRegistration.Application.DTOs.StudentDto'.
2026-05-03 18:34:46.905 -05:00 [INF] Executing OkObjectResult, writing value of type 'System.Collections.Generic.List`1[[StudentRegistration.Application.DTOs.SubjectDto, StudentRegistration.Application, Version=1.0.0.0, Culture=neutral, PublicKeyToken=null]]'.
2026-05-03 18:34:46.906 -05:00 [INF] Executed action StudentRegistration.Presentation.Controllers.StudentsController.GetById (StudentRegistration.Presentation) in 14.6982ms
2026-05-03 18:34:46.907 -05:00 [INF] Executed action StudentRegistration.Presentation.Controllers.SubjectsController.GetAll (StudentRegistration.Presentation) in 14.0447ms
2026-05-03 18:34:46.909 -05:00 [INF] Executed endpoint 'StudentRegistration.Presentation.Controllers.StudentsController.GetById (StudentRegistration.Presentation)'
2026-05-03 18:34:46.910 -05:00 [INF] Executed endpoint 'StudentRegistration.Presentation.Controllers.SubjectsController.GetAll (StudentRegistration.Presentation)'
2026-05-03 18:34:46.911 -05:00 [INF] HTTP GET /api/v1/students/7ab9a49b-ed37-4d43-a550-59f63effb5cc responded 200 in 23.6171 ms
2026-05-03 18:34:46.912 -05:00 [INF] HTTP GET /api/v1/subjects responded 200 in 23.0112 ms
2026-05-03 18:34:46.914 -05:00 [INF] Request finished HTTP/1.1 GET https://localhost:7082/api/v1/students/7ab9a49b-ed37-4d43-a550-59f63effb5cc - 200 null application/json; charset=utf-8 28.2906ms
2026-05-03 18:34:46.915 -05:00 [INF] Request finished HTTP/1.1 GET https://localhost:7082/api/v1/subjects - 200 null application/json; charset=utf-8 29.3134ms
2026-05-03 18:34:48.419 -05:00 [INF] Request starting HTTP/1.1 GET https://localhost:7082/api/v1/students - null null
2026-05-03 18:34:48.422 -05:00 [INF] Executing endpoint 'StudentRegistration.Presentation.Controllers.StudentsController.GetAll (StudentRegistration.Presentation)'
2026-05-03 18:34:48.423 -05:00 [INF] Route matched with {action = "GetAll", controller = "Students"}. Executing controller action with signature System.Threading.Tasks.Task`1[Microsoft.AspNetCore.Mvc.IActionResult] GetAll(System.Threading.CancellationToken) on controller StudentRegistration.Presentation.Controllers.StudentsController (StudentRegistration.Presentation).
2026-05-03 18:34:48.426 -05:00 [INF] Getting all active students
2026-05-03 18:34:48.431 -05:00 [INF] Executed DbCommand (1ms) [Parameters=[], CommandType='"Text"', CommandTimeout='30']
SELECT `s`.`student_id`, `s`.`created_at`, `s`.`document_number`, `s`.`email`, `s`.`full_name`, `s`.`is_active`, `s`.`updated_at`, `e`.`enrollment_id`, `e`.`enrolled_at`, `e`.`is_active`, `e`.`professor_id`, `e`.`student_id`, `e`.`subject_id`
FROM `students` AS `s`
LEFT JOIN `enrollments` AS `e` ON `s`.`student_id` = `e`.`student_id`
ORDER BY `s`.`student_id`
2026-05-03 18:34:48.433 -05:00 [INF] Found 3 active students
2026-05-03 18:34:48.434 -05:00 [INF] Executing OkObjectResult, writing value of type 'System.Collections.Generic.List`1[[StudentRegistration.Application.DTOs.StudentSummaryDto, StudentRegistration.Application, Version=1.0.0.0, Culture=neutral, PublicKeyToken=null]]'.
2026-05-03 18:34:48.435 -05:00 [INF] Executed action StudentRegistration.Presentation.Controllers.StudentsController.GetAll (StudentRegistration.Presentation) in 8.9291ms
2026-05-03 18:34:48.436 -05:00 [INF] Executed endpoint 'StudentRegistration.Presentation.Controllers.StudentsController.GetAll (StudentRegistration.Presentation)'
2026-05-03 18:34:48.437 -05:00 [INF] HTTP GET /api/v1/students responded 200 in 15.0339 ms
2026-05-03 18:34:48.438 -05:00 [INF] Request finished HTTP/1.1 GET https://localhost:7082/api/v1/students - 200 null application/json; charset=utf-8 19.4673ms
2026-05-03 18:34:49.386 -05:00 [INF] Request starting HTTP/1.1 GET https://localhost:7082/api/v1/students/bdf365d2-6bc1-4446-8ce4-387b5c187cb8 - null null
2026-05-03 18:34:49.386 -05:00 [INF] Request starting HTTP/1.1 GET https://localhost:7082/api/v1/subjects - null null
2026-05-03 18:34:49.388 -05:00 [INF] Executing endpoint 'StudentRegistration.Presentation.Controllers.StudentsController.GetById (StudentRegistration.Presentation)'
2026-05-03 18:34:49.390 -05:00 [INF] Executing endpoint 'StudentRegistration.Presentation.Controllers.SubjectsController.GetAll (StudentRegistration.Presentation)'
2026-05-03 18:34:49.390 -05:00 [INF] Route matched with {action = "GetById", controller = "Students"}. Executing controller action with signature System.Threading.Tasks.Task`1[Microsoft.AspNetCore.Mvc.IActionResult] GetById(System.Guid, System.Threading.CancellationToken) on controller StudentRegistration.Presentation.Controllers.StudentsController (StudentRegistration.Presentation).
2026-05-03 18:34:49.391 -05:00 [INF] Route matched with {action = "GetAll", controller = "Subjects"}. Executing controller action with signature System.Threading.Tasks.Task`1[Microsoft.AspNetCore.Mvc.IActionResult] GetAll(System.Threading.CancellationToken) on controller StudentRegistration.Presentation.Controllers.SubjectsController (StudentRegistration.Presentation).
2026-05-03 18:34:49.393 -05:00 [INF] Getting student "bdf365d2-6bc1-4446-8ce4-387b5c187cb8"
2026-05-03 18:34:49.394 -05:00 [INF] Getting all subjects
2026-05-03 18:34:49.399 -05:00 [INF] Executed DbCommand (2ms) [Parameters=[@__id_0='?' (DbType = Guid)], CommandType='"Text"', CommandTimeout='30']
SELECT `t`.`student_id`, `t`.`created_at`, `t`.`document_number`, `t`.`email`, `t`.`full_name`, `t`.`is_active`, `t`.`updated_at`, `t0`.`enrollment_id`, `t0`.`enrolled_at`, `t0`.`is_active`, `t0`.`professor_id`, `t0`.`student_id`, `t0`.`subject_id`, `t0`.`subject_id0`, `t0`.`credits`, `t0`.`name`, `t0`.`professor_id0`, `t0`.`professor_id1`, `t0`.`full_name`
FROM (
    SELECT `s`.`student_id`, `s`.`created_at`, `s`.`document_number`, `s`.`email`, `s`.`full_name`, `s`.`is_active`, `s`.`updated_at`
    FROM `students` AS `s`
    WHERE `s`.`student_id` = @__id_0
    LIMIT 1
) AS `t`
LEFT JOIN (
    SELECT `e`.`enrollment_id`, `e`.`enrolled_at`, `e`.`is_active`, `e`.`professor_id`, `e`.`student_id`, `e`.`subject_id`, `s0`.`subject_id` AS `subject_id0`, `s0`.`credits`, `s0`.`name`, `s0`.`professor_id` AS `professor_id0`, `p`.`professor_id` AS `professor_id1`, `p`.`full_name`
    FROM `enrollments` AS `e`
    INNER JOIN `subjects` AS `s0` ON `e`.`subject_id` = `s0`.`subject_id`
    INNER JOIN `professors` AS `p` ON `s0`.`professor_id` = `p`.`professor_id`
) AS `t0` ON `t`.`student_id` = `t0`.`student_id`
ORDER BY `t`.`student_id`, `t0`.`enrollment_id`, `t0`.`subject_id0`
2026-05-03 18:34:49.400 -05:00 [INF] Executed DbCommand (0ms) [Parameters=[], CommandType='"Text"', CommandTimeout='30']
SELECT `s`.`subject_id`, `s`.`credits`, `s`.`name`, `s`.`professor_id`, `p`.`professor_id`, `p`.`full_name`
FROM `subjects` AS `s`
INNER JOIN `professors` AS `p` ON `s`.`professor_id` = `p`.`professor_id`
2026-05-03 18:34:49.402 -05:00 [INF] Student "bdf365d2-6bc1-4446-8ce4-387b5c187cb8" retrieved
2026-05-03 18:34:49.404 -05:00 [INF] Found 10 subjects
2026-05-03 18:34:49.404 -05:00 [INF] Executing OkObjectResult, writing value of type 'StudentRegistration.Application.DTOs.StudentDto'.
2026-05-03 18:34:49.405 -05:00 [INF] Executing OkObjectResult, writing value of type 'System.Collections.Generic.List`1[[StudentRegistration.Application.DTOs.SubjectDto, StudentRegistration.Application, Version=1.0.0.0, Culture=neutral, PublicKeyToken=null]]'.
2026-05-03 18:34:49.406 -05:00 [INF] Executed action StudentRegistration.Presentation.Controllers.StudentsController.GetById (StudentRegistration.Presentation) in 13.2327ms
2026-05-03 18:34:49.407 -05:00 [INF] Executed action StudentRegistration.Presentation.Controllers.SubjectsController.GetAll (StudentRegistration.Presentation) in 12.5375ms
2026-05-03 18:34:49.408 -05:00 [INF] Executed endpoint 'StudentRegistration.Presentation.Controllers.StudentsController.GetById (StudentRegistration.Presentation)'
2026-05-03 18:34:49.408 -05:00 [INF] Executed endpoint 'StudentRegistration.Presentation.Controllers.SubjectsController.GetAll (StudentRegistration.Presentation)'
2026-05-03 18:34:49.409 -05:00 [INF] HTTP GET /api/v1/students/bdf365d2-6bc1-4446-8ce4-387b5c187cb8 responded 200 in 21.2410 ms
2026-05-03 18:34:49.410 -05:00 [INF] HTTP GET /api/v1/subjects responded 200 in 20.4118 ms
2026-05-03 18:34:49.411 -05:00 [INF] Request finished HTTP/1.1 GET https://localhost:7082/api/v1/students/bdf365d2-6bc1-4446-8ce4-387b5c187cb8 - 200 null application/json; charset=utf-8 25.4398ms
2026-05-03 18:34:49.413 -05:00 [INF] Request finished HTTP/1.1 GET https://localhost:7082/api/v1/subjects - 200 null application/json; charset=utf-8 26.6066ms
2026-05-03 18:34:52.896 -05:00 [INF] Request starting HTTP/1.1 POST https://localhost:7082/api/v1/students/bdf365d2-6bc1-4446-8ce4-387b5c187cb8/enrollments - application/json 52
2026-05-03 18:34:52.899 -05:00 [INF] No CORS policy found for the specified request.
2026-05-03 18:34:52.900 -05:00 [INF] Executing endpoint 'StudentRegistration.Presentation.Controllers.EnrollmentsController.Enroll (StudentRegistration.Presentation)'
2026-05-03 18:34:52.901 -05:00 [INF] Route matched with {action = "Enroll", controller = "Enrollments"}. Executing controller action with signature System.Threading.Tasks.Task`1[Microsoft.AspNetCore.Mvc.IActionResult] Enroll(System.Guid, StudentRegistration.Application.Commands.EnrollStudentCommand, System.Threading.CancellationToken) on controller StudentRegistration.Presentation.Controllers.EnrollmentsController (StudentRegistration.Presentation).
2026-05-03 18:34:52.903 -05:00 [INF] Enrolling student "bdf365d2-6bc1-4446-8ce4-387b5c187cb8" in subject "20000000-0000-0000-0000-000000000002"
2026-05-03 18:34:52.907 -05:00 [INF] Executed DbCommand (1ms) [Parameters=[@__id_0='?' (DbType = Guid)], CommandType='"Text"', CommandTimeout='30']
SELECT `t`.`student_id`, `t`.`created_at`, `t`.`document_number`, `t`.`email`, `t`.`full_name`, `t`.`is_active`, `t`.`updated_at`, `t0`.`enrollment_id`, `t0`.`enrolled_at`, `t0`.`is_active`, `t0`.`professor_id`, `t0`.`student_id`, `t0`.`subject_id`, `t0`.`subject_id0`, `t0`.`credits`, `t0`.`name`, `t0`.`professor_id0`, `t0`.`professor_id1`, `t0`.`full_name`
FROM (
    SELECT `s`.`student_id`, `s`.`created_at`, `s`.`document_number`, `s`.`email`, `s`.`full_name`, `s`.`is_active`, `s`.`updated_at`
    FROM `students` AS `s`
    WHERE `s`.`student_id` = @__id_0
    LIMIT 1
) AS `t`
LEFT JOIN (
    SELECT `e`.`enrollment_id`, `e`.`enrolled_at`, `e`.`is_active`, `e`.`professor_id`, `e`.`student_id`, `e`.`subject_id`, `s0`.`subject_id` AS `subject_id0`, `s0`.`credits`, `s0`.`name`, `s0`.`professor_id` AS `professor_id0`, `p`.`professor_id` AS `professor_id1`, `p`.`full_name`
    FROM `enrollments` AS `e`
    INNER JOIN `subjects` AS `s0` ON `e`.`subject_id` = `s0`.`subject_id`
    INNER JOIN `professors` AS `p` ON `s0`.`professor_id` = `p`.`professor_id`
) AS `t0` ON `t`.`student_id` = `t0`.`student_id`
ORDER BY `t`.`student_id`, `t0`.`enrollment_id`, `t0`.`subject_id0`
2026-05-03 18:34:52.911 -05:00 [INF] Executed DbCommand (1ms) [Parameters=[@__id_0='?' (DbType = Guid)], CommandType='"Text"', CommandTimeout='30']
SELECT `s`.`subject_id`, `s`.`credits`, `s`.`name`, `s`.`professor_id`, `p`.`professor_id`, `p`.`full_name`
FROM `subjects` AS `s`
INNER JOIN `professors` AS `p` ON `s`.`professor_id` = `p`.`professor_id`
WHERE `s`.`subject_id` = @__id_0
LIMIT 1
2026-05-03 18:34:52.915 -05:00 [INF] Executed DbCommand (1ms) [Parameters=[@p0='?' (DbType = Guid), @p1='?' (DbType = DateTime), @p2='?' (DbType = Guid), @p3='?' (DbType = Guid), @p4='?' (DbType = Guid), @p11='?' (DbType = Guid), @p5='?' (DbType = DateTime), @p6='?' (Size = 20), @p7='?' (Size = 255), @p8='?' (Size = 150), @p9='?' (DbType = Boolean), @p10='?' (DbType = DateTime)], CommandType='"Text"', CommandTimeout='30']
INSERT INTO `enrollments` (`enrollment_id`, `enrolled_at`, `professor_id`, `student_id`, `subject_id`)
VALUES (@p0, @p1, @p2, @p3, @p4);
SELECT `is_active`
FROM `enrollments`
WHERE ROW_COUNT() = 1 AND `enrollment_id` = @p0;

UPDATE `students` SET `created_at` = @p5, `document_number` = @p6, `email` = @p7, `full_name` = @p8, `is_active` = @p9, `updated_at` = @p10
WHERE `student_id` = @p11;
SELECT ROW_COUNT();
2026-05-03 18:34:52.929 -05:00 [INF] Student "bdf365d2-6bc1-4446-8ce4-387b5c187cb8" enrolled in subject "20000000-0000-0000-0000-000000000002"
2026-05-03 18:34:52.930 -05:00 [INF] Executing ObjectResult, writing value of type 'StudentRegistration.Application.DTOs.EnrollmentDto'.
2026-05-03 18:34:52.931 -05:00 [INF] Executed action StudentRegistration.Presentation.Controllers.EnrollmentsController.Enroll (StudentRegistration.Presentation) in 28.5399ms
2026-05-03 18:34:52.932 -05:00 [INF] Executed endpoint 'StudentRegistration.Presentation.Controllers.EnrollmentsController.Enroll (StudentRegistration.Presentation)'
2026-05-03 18:34:52.933 -05:00 [INF] HTTP POST /api/v1/students/bdf365d2-6bc1-4446-8ce4-387b5c187cb8/enrollments responded 201 in 33.0474 ms
2026-05-03 18:34:52.935 -05:00 [INF] Request finished HTTP/1.1 POST https://localhost:7082/api/v1/students/bdf365d2-6bc1-4446-8ce4-387b5c187cb8/enrollments - 201 null application/json; charset=utf-8 38.3091ms
2026-05-03 18:34:52.943 -05:00 [INF] Request starting HTTP/1.1 GET https://localhost:7082/api/v1/students/bdf365d2-6bc1-4446-8ce4-387b5c187cb8 - null null
2026-05-03 18:34:52.945 -05:00 [INF] Executing endpoint 'StudentRegistration.Presentation.Controllers.StudentsController.GetById (StudentRegistration.Presentation)'
2026-05-03 18:34:52.945 -05:00 [INF] Route matched with {action = "GetById", controller = "Students"}. Executing controller action with signature System.Threading.Tasks.Task`1[Microsoft.AspNetCore.Mvc.IActionResult] GetById(System.Guid, System.Threading.CancellationToken) on controller StudentRegistration.Presentation.Controllers.StudentsController (StudentRegistration.Presentation).
2026-05-03 18:34:52.947 -05:00 [INF] Getting student "bdf365d2-6bc1-4446-8ce4-387b5c187cb8"
2026-05-03 18:34:52.951 -05:00 [INF] Executed DbCommand (2ms) [Parameters=[@__id_0='?' (DbType = Guid)], CommandType='"Text"', CommandTimeout='30']
SELECT `t`.`student_id`, `t`.`created_at`, `t`.`document_number`, `t`.`email`, `t`.`full_name`, `t`.`is_active`, `t`.`updated_at`, `t0`.`enrollment_id`, `t0`.`enrolled_at`, `t0`.`is_active`, `t0`.`professor_id`, `t0`.`student_id`, `t0`.`subject_id`, `t0`.`subject_id0`, `t0`.`credits`, `t0`.`name`, `t0`.`professor_id0`, `t0`.`professor_id1`, `t0`.`full_name`
FROM (
    SELECT `s`.`student_id`, `s`.`created_at`, `s`.`document_number`, `s`.`email`, `s`.`full_name`, `s`.`is_active`, `s`.`updated_at`
    FROM `students` AS `s`
    WHERE `s`.`student_id` = @__id_0
    LIMIT 1
) AS `t`
LEFT JOIN (
    SELECT `e`.`enrollment_id`, `e`.`enrolled_at`, `e`.`is_active`, `e`.`professor_id`, `e`.`student_id`, `e`.`subject_id`, `s0`.`subject_id` AS `subject_id0`, `s0`.`credits`, `s0`.`name`, `s0`.`professor_id` AS `professor_id0`, `p`.`professor_id` AS `professor_id1`, `p`.`full_name`
    FROM `enrollments` AS `e`
    INNER JOIN `subjects` AS `s0` ON `e`.`subject_id` = `s0`.`subject_id`
    INNER JOIN `professors` AS `p` ON `s0`.`professor_id` = `p`.`professor_id`
) AS `t0` ON `t`.`student_id` = `t0`.`student_id`
ORDER BY `t`.`student_id`, `t0`.`enrollment_id`, `t0`.`subject_id0`
2026-05-03 18:34:52.953 -05:00 [INF] Student "bdf365d2-6bc1-4446-8ce4-387b5c187cb8" retrieved
2026-05-03 18:34:52.954 -05:00 [INF] Executing OkObjectResult, writing value of type 'StudentRegistration.Application.DTOs.StudentDto'.
2026-05-03 18:34:52.955 -05:00 [INF] Executed action StudentRegistration.Presentation.Controllers.StudentsController.GetById (StudentRegistration.Presentation) in 8.0003ms
2026-05-03 18:34:52.956 -05:00 [INF] Executed endpoint 'StudentRegistration.Presentation.Controllers.StudentsController.GetById (StudentRegistration.Presentation)'
2026-05-03 18:34:52.957 -05:00 [INF] HTTP GET /api/v1/students/bdf365d2-6bc1-4446-8ce4-387b5c187cb8 responded 200 in 11.9192 ms
2026-05-03 18:34:52.958 -05:00 [INF] Request finished HTTP/1.1 GET https://localhost:7082/api/v1/students/bdf365d2-6bc1-4446-8ce4-387b5c187cb8 - 200 null application/json; charset=utf-8 15.1353ms
2026-05-03 18:34:55.088 -05:00 [INF] Request starting HTTP/1.1 POST https://localhost:7082/api/v1/students/bdf365d2-6bc1-4446-8ce4-387b5c187cb8/enrollments - application/json 52
2026-05-03 18:34:55.090 -05:00 [INF] No CORS policy found for the specified request.
2026-05-03 18:34:55.091 -05:00 [INF] Executing endpoint 'StudentRegistration.Presentation.Controllers.EnrollmentsController.Enroll (StudentRegistration.Presentation)'
2026-05-03 18:34:55.092 -05:00 [INF] Route matched with {action = "Enroll", controller = "Enrollments"}. Executing controller action with signature System.Threading.Tasks.Task`1[Microsoft.AspNetCore.Mvc.IActionResult] Enroll(System.Guid, StudentRegistration.Application.Commands.EnrollStudentCommand, System.Threading.CancellationToken) on controller StudentRegistration.Presentation.Controllers.EnrollmentsController (StudentRegistration.Presentation).
2026-05-03 18:34:55.094 -05:00 [INF] Enrolling student "bdf365d2-6bc1-4446-8ce4-387b5c187cb8" in subject "20000000-0000-0000-0000-000000000007"
2026-05-03 18:34:55.098 -05:00 [INF] Executed DbCommand (2ms) [Parameters=[@__id_0='?' (DbType = Guid)], CommandType='"Text"', CommandTimeout='30']
SELECT `t`.`student_id`, `t`.`created_at`, `t`.`document_number`, `t`.`email`, `t`.`full_name`, `t`.`is_active`, `t`.`updated_at`, `t0`.`enrollment_id`, `t0`.`enrolled_at`, `t0`.`is_active`, `t0`.`professor_id`, `t0`.`student_id`, `t0`.`subject_id`, `t0`.`subject_id0`, `t0`.`credits`, `t0`.`name`, `t0`.`professor_id0`, `t0`.`professor_id1`, `t0`.`full_name`
FROM (
    SELECT `s`.`student_id`, `s`.`created_at`, `s`.`document_number`, `s`.`email`, `s`.`full_name`, `s`.`is_active`, `s`.`updated_at`
    FROM `students` AS `s`
    WHERE `s`.`student_id` = @__id_0
    LIMIT 1
) AS `t`
LEFT JOIN (
    SELECT `e`.`enrollment_id`, `e`.`enrolled_at`, `e`.`is_active`, `e`.`professor_id`, `e`.`student_id`, `e`.`subject_id`, `s0`.`subject_id` AS `subject_id0`, `s0`.`credits`, `s0`.`name`, `s0`.`professor_id` AS `professor_id0`, `p`.`professor_id` AS `professor_id1`, `p`.`full_name`
    FROM `enrollments` AS `e`
    INNER JOIN `subjects` AS `s0` ON `e`.`subject_id` = `s0`.`subject_id`
    INNER JOIN `professors` AS `p` ON `s0`.`professor_id` = `p`.`professor_id`
) AS `t0` ON `t`.`student_id` = `t0`.`student_id`
ORDER BY `t`.`student_id`, `t0`.`enrollment_id`, `t0`.`subject_id0`
2026-05-03 18:34:55.102 -05:00 [INF] Executed DbCommand (1ms) [Parameters=[@__id_0='?' (DbType = Guid)], CommandType='"Text"', CommandTimeout='30']
SELECT `s`.`subject_id`, `s`.`credits`, `s`.`name`, `s`.`professor_id`, `p`.`professor_id`, `p`.`full_name`
FROM `subjects` AS `s`
INNER JOIN `professors` AS `p` ON `s`.`professor_id` = `p`.`professor_id`
WHERE `s`.`subject_id` = @__id_0
LIMIT 1
2026-05-03 18:34:55.107 -05:00 [INF] Executed DbCommand (1ms) [Parameters=[@p0='?' (DbType = Guid), @p1='?' (DbType = DateTime), @p2='?' (DbType = Guid), @p3='?' (DbType = Guid), @p4='?' (DbType = Guid), @p11='?' (DbType = Guid), @p5='?' (DbType = DateTime), @p6='?' (Size = 20), @p7='?' (Size = 255), @p8='?' (Size = 150), @p9='?' (DbType = Boolean), @p10='?' (DbType = DateTime)], CommandType='"Text"', CommandTimeout='30']
INSERT INTO `enrollments` (`enrollment_id`, `enrolled_at`, `professor_id`, `student_id`, `subject_id`)
VALUES (@p0, @p1, @p2, @p3, @p4);
SELECT `is_active`
FROM `enrollments`
WHERE ROW_COUNT() = 1 AND `enrollment_id` = @p0;

UPDATE `students` SET `created_at` = @p5, `document_number` = @p6, `email` = @p7, `full_name` = @p8, `is_active` = @p9, `updated_at` = @p10
WHERE `student_id` = @p11;
SELECT ROW_COUNT();
2026-05-03 18:34:55.113 -05:00 [INF] Student "bdf365d2-6bc1-4446-8ce4-387b5c187cb8" enrolled in subject "20000000-0000-0000-0000-000000000007"
2026-05-03 18:34:55.114 -05:00 [INF] Executing ObjectResult, writing value of type 'StudentRegistration.Application.DTOs.EnrollmentDto'.
2026-05-03 18:34:55.115 -05:00 [INF] Executed action StudentRegistration.Presentation.Controllers.EnrollmentsController.Enroll (StudentRegistration.Presentation) in 22.1642ms
2026-05-03 18:34:55.117 -05:00 [INF] Executed endpoint 'StudentRegistration.Presentation.Controllers.EnrollmentsController.Enroll (StudentRegistration.Presentation)'
2026-05-03 18:34:55.119 -05:00 [INF] HTTP POST /api/v1/students/bdf365d2-6bc1-4446-8ce4-387b5c187cb8/enrollments responded 201 in 27.9715 ms
2026-05-03 18:34:55.120 -05:00 [INF] Request finished HTTP/1.1 POST https://localhost:7082/api/v1/students/bdf365d2-6bc1-4446-8ce4-387b5c187cb8/enrollments - 201 null application/json; charset=utf-8 31.9367ms
2026-05-03 18:34:55.127 -05:00 [INF] Request starting HTTP/1.1 GET https://localhost:7082/api/v1/students/bdf365d2-6bc1-4446-8ce4-387b5c187cb8 - null null
2026-05-03 18:34:55.129 -05:00 [INF] Executing endpoint 'StudentRegistration.Presentation.Controllers.StudentsController.GetById (StudentRegistration.Presentation)'
2026-05-03 18:34:55.130 -05:00 [INF] Route matched with {action = "GetById", controller = "Students"}. Executing controller action with signature System.Threading.Tasks.Task`1[Microsoft.AspNetCore.Mvc.IActionResult] GetById(System.Guid, System.Threading.CancellationToken) on controller StudentRegistration.Presentation.Controllers.StudentsController (StudentRegistration.Presentation).
2026-05-03 18:34:55.131 -05:00 [INF] Getting student "bdf365d2-6bc1-4446-8ce4-387b5c187cb8"
2026-05-03 18:34:55.135 -05:00 [INF] Executed DbCommand (1ms) [Parameters=[@__id_0='?' (DbType = Guid)], CommandType='"Text"', CommandTimeout='30']
SELECT `t`.`student_id`, `t`.`created_at`, `t`.`document_number`, `t`.`email`, `t`.`full_name`, `t`.`is_active`, `t`.`updated_at`, `t0`.`enrollment_id`, `t0`.`enrolled_at`, `t0`.`is_active`, `t0`.`professor_id`, `t0`.`student_id`, `t0`.`subject_id`, `t0`.`subject_id0`, `t0`.`credits`, `t0`.`name`, `t0`.`professor_id0`, `t0`.`professor_id1`, `t0`.`full_name`
FROM (
    SELECT `s`.`student_id`, `s`.`created_at`, `s`.`document_number`, `s`.`email`, `s`.`full_name`, `s`.`is_active`, `s`.`updated_at`
    FROM `students` AS `s`
    WHERE `s`.`student_id` = @__id_0
    LIMIT 1
) AS `t`
LEFT JOIN (
    SELECT `e`.`enrollment_id`, `e`.`enrolled_at`, `e`.`is_active`, `e`.`professor_id`, `e`.`student_id`, `e`.`subject_id`, `s0`.`subject_id` AS `subject_id0`, `s0`.`credits`, `s0`.`name`, `s0`.`professor_id` AS `professor_id0`, `p`.`professor_id` AS `professor_id1`, `p`.`full_name`
    FROM `enrollments` AS `e`
    INNER JOIN `subjects` AS `s0` ON `e`.`subject_id` = `s0`.`subject_id`
    INNER JOIN `professors` AS `p` ON `s0`.`professor_id` = `p`.`professor_id`
) AS `t0` ON `t`.`student_id` = `t0`.`student_id`
ORDER BY `t`.`student_id`, `t0`.`enrollment_id`, `t0`.`subject_id0`
2026-05-03 18:34:55.138 -05:00 [INF] Student "bdf365d2-6bc1-4446-8ce4-387b5c187cb8" retrieved
2026-05-03 18:34:55.139 -05:00 [INF] Executing OkObjectResult, writing value of type 'StudentRegistration.Application.DTOs.StudentDto'.
2026-05-03 18:34:55.140 -05:00 [INF] Executed action StudentRegistration.Presentation.Controllers.StudentsController.GetById (StudentRegistration.Presentation) in 8.4709ms
2026-05-03 18:34:55.141 -05:00 [INF] Executed endpoint 'StudentRegistration.Presentation.Controllers.StudentsController.GetById (StudentRegistration.Presentation)'
2026-05-03 18:34:55.142 -05:00 [INF] HTTP GET /api/v1/students/bdf365d2-6bc1-4446-8ce4-387b5c187cb8 responded 200 in 12.6580 ms
2026-05-03 18:34:55.144 -05:00 [INF] Request finished HTTP/1.1 GET https://localhost:7082/api/v1/students/bdf365d2-6bc1-4446-8ce4-387b5c187cb8 - 200 null application/json; charset=utf-8 16.1643ms
2026-05-03 18:34:57.766 -05:00 [INF] Request starting HTTP/1.1 POST https://localhost:7082/api/v1/students/bdf365d2-6bc1-4446-8ce4-387b5c187cb8/enrollments - application/json 52
2026-05-03 18:34:57.769 -05:00 [INF] No CORS policy found for the specified request.
2026-05-03 18:34:57.769 -05:00 [INF] Executing endpoint 'StudentRegistration.Presentation.Controllers.EnrollmentsController.Enroll (StudentRegistration.Presentation)'
2026-05-03 18:34:57.770 -05:00 [INF] Route matched with {action = "Enroll", controller = "Enrollments"}. Executing controller action with signature System.Threading.Tasks.Task`1[Microsoft.AspNetCore.Mvc.IActionResult] Enroll(System.Guid, StudentRegistration.Application.Commands.EnrollStudentCommand, System.Threading.CancellationToken) on controller StudentRegistration.Presentation.Controllers.EnrollmentsController (StudentRegistration.Presentation).
2026-05-03 18:34:57.772 -05:00 [INF] Enrolling student "bdf365d2-6bc1-4446-8ce4-387b5c187cb8" in subject "20000000-0000-0000-0000-000000000008"
2026-05-03 18:34:57.776 -05:00 [INF] Executed DbCommand (2ms) [Parameters=[@__id_0='?' (DbType = Guid)], CommandType='"Text"', CommandTimeout='30']
SELECT `t`.`student_id`, `t`.`created_at`, `t`.`document_number`, `t`.`email`, `t`.`full_name`, `t`.`is_active`, `t`.`updated_at`, `t0`.`enrollment_id`, `t0`.`enrolled_at`, `t0`.`is_active`, `t0`.`professor_id`, `t0`.`student_id`, `t0`.`subject_id`, `t0`.`subject_id0`, `t0`.`credits`, `t0`.`name`, `t0`.`professor_id0`, `t0`.`professor_id1`, `t0`.`full_name`
FROM (
    SELECT `s`.`student_id`, `s`.`created_at`, `s`.`document_number`, `s`.`email`, `s`.`full_name`, `s`.`is_active`, `s`.`updated_at`
    FROM `students` AS `s`
    WHERE `s`.`student_id` = @__id_0
    LIMIT 1
) AS `t`
LEFT JOIN (
    SELECT `e`.`enrollment_id`, `e`.`enrolled_at`, `e`.`is_active`, `e`.`professor_id`, `e`.`student_id`, `e`.`subject_id`, `s0`.`subject_id` AS `subject_id0`, `s0`.`credits`, `s0`.`name`, `s0`.`professor_id` AS `professor_id0`, `p`.`professor_id` AS `professor_id1`, `p`.`full_name`
    FROM `enrollments` AS `e`
    INNER JOIN `subjects` AS `s0` ON `e`.`subject_id` = `s0`.`subject_id`
    INNER JOIN `professors` AS `p` ON `s0`.`professor_id` = `p`.`professor_id`
) AS `t0` ON `t`.`student_id` = `t0`.`student_id`
ORDER BY `t`.`student_id`, `t0`.`enrollment_id`, `t0`.`subject_id0`
2026-05-03 18:34:57.780 -05:00 [INF] Executed DbCommand (1ms) [Parameters=[@__id_0='?' (DbType = Guid)], CommandType='"Text"', CommandTimeout='30']
SELECT `s`.`subject_id`, `s`.`credits`, `s`.`name`, `s`.`professor_id`, `p`.`professor_id`, `p`.`full_name`
FROM `subjects` AS `s`
INNER JOIN `professors` AS `p` ON `s`.`professor_id` = `p`.`professor_id`
WHERE `s`.`subject_id` = @__id_0
LIMIT 1
2026-05-03 18:34:57.845 -05:00 [INF] Executed action StudentRegistration.Presentation.Controllers.EnrollmentsController.Enroll (StudentRegistration.Presentation) in 74.0737ms
2026-05-03 18:34:57.847 -05:00 [INF] Executed endpoint 'StudentRegistration.Presentation.Controllers.EnrollmentsController.Enroll (StudentRegistration.Presentation)'
2026-05-03 18:34:57.848 -05:00 [ERR] HTTP POST /api/v1/students/bdf365d2-6bc1-4446-8ce4-387b5c187cb8/enrollments responded 500 in 78.8903 ms
StudentRegistration.Domain.Exceptions.SameProfessorConflictException: El estudiante ya tiene una materia con este profesor.
   at StudentRegistration.Domain.Entities.Student.AddEnrollment(Subject subject) in C:\Users\VALERIA\source\repos\StudentRegistration.API\StudentRegistration.Domain\Entities\Student.cs:line 105
   at StudentRegistration.Application.UseCases.EnrollStudentUseCase.ExecuteAsync(EnrollStudentCommand request, CancellationToken ct)
   at StudentRegistration.Presentation.Controllers.EnrollmentsController.Enroll(Guid studentId, EnrollStudentCommand command, CancellationToken ct)
   at Microsoft.AspNetCore.Mvc.Infrastructure.ActionMethodExecutor.TaskOfIActionResultExecutor.Execute(ActionContext actionContext, IActionResultTypeMapper mapper, ObjectMethodExecutor executor, Object controller, Object[] arguments)
   at Microsoft.AspNetCore.Mvc.Infrastructure.ControllerActionInvoker.<InvokeActionMethodAsync>g__Awaited|12_0(ControllerActionInvoker invoker, ValueTask`1 actionResultValueTask)
   at Microsoft.AspNetCore.Mvc.Infrastructure.ControllerActionInvoker.<InvokeNextActionFilterAsync>g__Awaited|10_0(ControllerActionInvoker invoker, Task lastTask, State next, Scope scope, Object state, Boolean isCompleted)
   at Microsoft.AspNetCore.Mvc.Infrastructure.ControllerActionInvoker.Rethrow(ActionExecutedContextSealed context)
   at Microsoft.AspNetCore.Mvc.Infrastructure.ControllerActionInvoker.Next(State& next, Scope& scope, Object& state, Boolean& isCompleted)
   at Microsoft.AspNetCore.Mvc.Infrastructure.ControllerActionInvoker.<InvokeInnerFilterAsync>g__Awaited|13_0(ControllerActionInvoker invoker, Task lastTask, State next, Scope scope, Object state, Boolean isCompleted)
   at Microsoft.AspNetCore.Mvc.Infrastructure.ResourceInvoker.<InvokeFilterPipelineAsync>g__Awaited|20_0(ResourceInvoker invoker, Task lastTask, State next, Scope scope, Object state, Boolean isCompleted)
   at Microsoft.AspNetCore.Mvc.Infrastructure.ResourceInvoker.<InvokeAsync>g__Logged|17_1(ResourceInvoker invoker)
   at Microsoft.AspNetCore.Mvc.Infrastructure.ResourceInvoker.<InvokeAsync>g__Logged|17_1(ResourceInvoker invoker)
   at Microsoft.AspNetCore.Routing.EndpointMiddleware.<Invoke>g__AwaitRequestTask|7_0(Endpoint endpoint, Task requestTask, ILogger logger)
   at Microsoft.AspNetCore.Authorization.AuthorizationMiddleware.Invoke(HttpContext context)
   at Swashbuckle.AspNetCore.SwaggerUI.SwaggerUIMiddleware.Invoke(HttpContext httpContext)
   at Swashbuckle.AspNetCore.Swagger.SwaggerMiddleware.Invoke(HttpContext httpContext, ISwaggerProvider swaggerProvider)
   at Serilog.AspNetCore.RequestLoggingMiddleware.Invoke(HttpContext httpContext)
2026-05-03 18:34:57.941 -05:00 [WRN] Domain exception: El estudiante ya tiene una materia con este profesor.. TraceId: 0HNL9BU891P1K:00000001
2026-05-03 18:34:57.946 -05:00 [INF] Request finished HTTP/1.1 POST https://localhost:7082/api/v1/students/bdf365d2-6bc1-4446-8ce4-387b5c187cb8/enrollments - 422 null application/json 180.2811ms
2026-05-03 18:35:46.031 -05:00 [INF] Request starting HTTP/1.1 GET https://localhost:7082/api/v1/students/bdf365d2-6bc1-4446-8ce4-387b5c187cb8 - null null
2026-05-03 18:35:46.031 -05:00 [INF] Request starting HTTP/1.1 GET https://localhost:7082/api/v1/subjects - null null
2026-05-03 18:35:46.055 -05:00 [INF] Executing endpoint 'StudentRegistration.Presentation.Controllers.StudentsController.GetById (StudentRegistration.Presentation)'
2026-05-03 18:35:46.058 -05:00 [INF] Executing endpoint 'StudentRegistration.Presentation.Controllers.SubjectsController.GetAll (StudentRegistration.Presentation)'
2026-05-03 18:35:46.059 -05:00 [INF] Route matched with {action = "GetById", controller = "Students"}. Executing controller action with signature System.Threading.Tasks.Task`1[Microsoft.AspNetCore.Mvc.IActionResult] GetById(System.Guid, System.Threading.CancellationToken) on controller StudentRegistration.Presentation.Controllers.StudentsController (StudentRegistration.Presentation).
2026-05-03 18:35:46.060 -05:00 [INF] Route matched with {action = "GetAll", controller = "Subjects"}. Executing controller action with signature System.Threading.Tasks.Task`1[Microsoft.AspNetCore.Mvc.IActionResult] GetAll(System.Threading.CancellationToken) on controller StudentRegistration.Presentation.Controllers.SubjectsController (StudentRegistration.Presentation).
2026-05-03 18:35:46.062 -05:00 [INF] Getting student "bdf365d2-6bc1-4446-8ce4-387b5c187cb8"
2026-05-03 18:35:46.062 -05:00 [INF] Getting all subjects
2026-05-03 18:35:46.067 -05:00 [INF] Executed DbCommand (1ms) [Parameters=[@__id_0='?' (DbType = Guid)], CommandType='"Text"', CommandTimeout='30']
SELECT `t`.`student_id`, `t`.`created_at`, `t`.`document_number`, `t`.`email`, `t`.`full_name`, `t`.`is_active`, `t`.`updated_at`, `t0`.`enrollment_id`, `t0`.`enrolled_at`, `t0`.`is_active`, `t0`.`professor_id`, `t0`.`student_id`, `t0`.`subject_id`, `t0`.`subject_id0`, `t0`.`credits`, `t0`.`name`, `t0`.`professor_id0`, `t0`.`professor_id1`, `t0`.`full_name`
FROM (
    SELECT `s`.`student_id`, `s`.`created_at`, `s`.`document_number`, `s`.`email`, `s`.`full_name`, `s`.`is_active`, `s`.`updated_at`
    FROM `students` AS `s`
    WHERE `s`.`student_id` = @__id_0
    LIMIT 1
) AS `t`
LEFT JOIN (
    SELECT `e`.`enrollment_id`, `e`.`enrolled_at`, `e`.`is_active`, `e`.`professor_id`, `e`.`student_id`, `e`.`subject_id`, `s0`.`subject_id` AS `subject_id0`, `s0`.`credits`, `s0`.`name`, `s0`.`professor_id` AS `professor_id0`, `p`.`professor_id` AS `professor_id1`, `p`.`full_name`
    FROM `enrollments` AS `e`
    INNER JOIN `subjects` AS `s0` ON `e`.`subject_id` = `s0`.`subject_id`
    INNER JOIN `professors` AS `p` ON `s0`.`professor_id` = `p`.`professor_id`
) AS `t0` ON `t`.`student_id` = `t0`.`student_id`
ORDER BY `t`.`student_id`, `t0`.`enrollment_id`, `t0`.`subject_id0`
2026-05-03 18:35:46.069 -05:00 [INF] Executed DbCommand (1ms) [Parameters=[], CommandType='"Text"', CommandTimeout='30']
SELECT `s`.`subject_id`, `s`.`credits`, `s`.`name`, `s`.`professor_id`, `p`.`professor_id`, `p`.`full_name`
FROM `subjects` AS `s`
INNER JOIN `professors` AS `p` ON `s`.`professor_id` = `p`.`professor_id`
2026-05-03 18:35:46.075 -05:00 [INF] Student "bdf365d2-6bc1-4446-8ce4-387b5c187cb8" retrieved
2026-05-03 18:35:46.077 -05:00 [INF] Found 10 subjects
2026-05-03 18:35:46.078 -05:00 [INF] Executing OkObjectResult, writing value of type 'StudentRegistration.Application.DTOs.StudentDto'.
2026-05-03 18:35:46.079 -05:00 [INF] Executing OkObjectResult, writing value of type 'System.Collections.Generic.List`1[[StudentRegistration.Application.DTOs.SubjectDto, StudentRegistration.Application, Version=1.0.0.0, Culture=neutral, PublicKeyToken=null]]'.
2026-05-03 18:35:46.080 -05:00 [INF] Executed action StudentRegistration.Presentation.Controllers.StudentsController.GetById (StudentRegistration.Presentation) in 19.1475ms
2026-05-03 18:35:46.081 -05:00 [INF] Executed action StudentRegistration.Presentation.Controllers.SubjectsController.GetAll (StudentRegistration.Presentation) in 18.7885ms
2026-05-03 18:35:46.082 -05:00 [INF] Executed endpoint 'StudentRegistration.Presentation.Controllers.StudentsController.GetById (StudentRegistration.Presentation)'
2026-05-03 18:35:46.083 -05:00 [INF] Executed endpoint 'StudentRegistration.Presentation.Controllers.SubjectsController.GetAll (StudentRegistration.Presentation)'
2026-05-03 18:35:46.084 -05:00 [INF] HTTP GET /api/v1/students/bdf365d2-6bc1-4446-8ce4-387b5c187cb8 responded 200 in 28.9651 ms
2026-05-03 18:35:46.085 -05:00 [INF] HTTP GET /api/v1/subjects responded 200 in 26.6583 ms
2026-05-03 18:35:46.086 -05:00 [INF] Request finished HTTP/1.1 GET https://localhost:7082/api/v1/students/bdf365d2-6bc1-4446-8ce4-387b5c187cb8 - 200 null application/json; charset=utf-8 54.889ms
2026-05-03 18:35:46.088 -05:00 [INF] Request finished HTTP/1.1 GET https://localhost:7082/api/v1/subjects - 200 null application/json; charset=utf-8 56.3292ms
2026-05-03 18:35:49.063 -05:00 [INF] Request starting HTTP/1.1 POST https://localhost:7082/api/v1/students/bdf365d2-6bc1-4446-8ce4-387b5c187cb8/enrollments - application/json 52
2026-05-03 18:35:49.067 -05:00 [INF] No CORS policy found for the specified request.
2026-05-03 18:35:49.067 -05:00 [INF] Executing endpoint 'StudentRegistration.Presentation.Controllers.EnrollmentsController.Enroll (StudentRegistration.Presentation)'
2026-05-03 18:35:49.068 -05:00 [INF] Route matched with {action = "Enroll", controller = "Enrollments"}. Executing controller action with signature System.Threading.Tasks.Task`1[Microsoft.AspNetCore.Mvc.IActionResult] Enroll(System.Guid, StudentRegistration.Application.Commands.EnrollStudentCommand, System.Threading.CancellationToken) on controller StudentRegistration.Presentation.Controllers.EnrollmentsController (StudentRegistration.Presentation).
2026-05-03 18:35:49.070 -05:00 [INF] Enrolling student "bdf365d2-6bc1-4446-8ce4-387b5c187cb8" in subject "20000000-0000-0000-0000-000000000010"
2026-05-03 18:35:49.074 -05:00 [INF] Executed DbCommand (1ms) [Parameters=[@__id_0='?' (DbType = Guid)], CommandType='"Text"', CommandTimeout='30']
SELECT `t`.`student_id`, `t`.`created_at`, `t`.`document_number`, `t`.`email`, `t`.`full_name`, `t`.`is_active`, `t`.`updated_at`, `t0`.`enrollment_id`, `t0`.`enrolled_at`, `t0`.`is_active`, `t0`.`professor_id`, `t0`.`student_id`, `t0`.`subject_id`, `t0`.`subject_id0`, `t0`.`credits`, `t0`.`name`, `t0`.`professor_id0`, `t0`.`professor_id1`, `t0`.`full_name`
FROM (
    SELECT `s`.`student_id`, `s`.`created_at`, `s`.`document_number`, `s`.`email`, `s`.`full_name`, `s`.`is_active`, `s`.`updated_at`
    FROM `students` AS `s`
    WHERE `s`.`student_id` = @__id_0
    LIMIT 1
) AS `t`
LEFT JOIN (
    SELECT `e`.`enrollment_id`, `e`.`enrolled_at`, `e`.`is_active`, `e`.`professor_id`, `e`.`student_id`, `e`.`subject_id`, `s0`.`subject_id` AS `subject_id0`, `s0`.`credits`, `s0`.`name`, `s0`.`professor_id` AS `professor_id0`, `p`.`professor_id` AS `professor_id1`, `p`.`full_name`
    FROM `enrollments` AS `e`
    INNER JOIN `subjects` AS `s0` ON `e`.`subject_id` = `s0`.`subject_id`
    INNER JOIN `professors` AS `p` ON `s0`.`professor_id` = `p`.`professor_id`
) AS `t0` ON `t`.`student_id` = `t0`.`student_id`
ORDER BY `t`.`student_id`, `t0`.`enrollment_id`, `t0`.`subject_id0`
2026-05-03 18:35:49.078 -05:00 [INF] Executed DbCommand (1ms) [Parameters=[@__id_0='?' (DbType = Guid)], CommandType='"Text"', CommandTimeout='30']
SELECT `s`.`subject_id`, `s`.`credits`, `s`.`name`, `s`.`professor_id`, `p`.`professor_id`, `p`.`full_name`
FROM `subjects` AS `s`
INNER JOIN `professors` AS `p` ON `s`.`professor_id` = `p`.`professor_id`
WHERE `s`.`subject_id` = @__id_0
LIMIT 1
2026-05-03 18:35:49.083 -05:00 [INF] Executed DbCommand (1ms) [Parameters=[@p0='?' (DbType = Guid), @p1='?' (DbType = DateTime), @p2='?' (DbType = Guid), @p3='?' (DbType = Guid), @p4='?' (DbType = Guid), @p11='?' (DbType = Guid), @p5='?' (DbType = DateTime), @p6='?' (Size = 20), @p7='?' (Size = 255), @p8='?' (Size = 150), @p9='?' (DbType = Boolean), @p10='?' (DbType = DateTime)], CommandType='"Text"', CommandTimeout='30']
INSERT INTO `enrollments` (`enrollment_id`, `enrolled_at`, `professor_id`, `student_id`, `subject_id`)
VALUES (@p0, @p1, @p2, @p3, @p4);
SELECT `is_active`
FROM `enrollments`
WHERE ROW_COUNT() = 1 AND `enrollment_id` = @p0;

UPDATE `students` SET `created_at` = @p5, `document_number` = @p6, `email` = @p7, `full_name` = @p8, `is_active` = @p9, `updated_at` = @p10
WHERE `student_id` = @p11;
SELECT ROW_COUNT();
2026-05-03 18:35:49.088 -05:00 [INF] Student "bdf365d2-6bc1-4446-8ce4-387b5c187cb8" enrolled in subject "20000000-0000-0000-0000-000000000010"
2026-05-03 18:35:49.089 -05:00 [INF] Executing ObjectResult, writing value of type 'StudentRegistration.Application.DTOs.EnrollmentDto'.
2026-05-03 18:35:49.090 -05:00 [INF] Executed action StudentRegistration.Presentation.Controllers.EnrollmentsController.Enroll (StudentRegistration.Presentation) in 20.5888ms
2026-05-03 18:35:49.091 -05:00 [INF] Executed endpoint 'StudentRegistration.Presentation.Controllers.EnrollmentsController.Enroll (StudentRegistration.Presentation)'
2026-05-03 18:35:49.092 -05:00 [INF] HTTP POST /api/v1/students/bdf365d2-6bc1-4446-8ce4-387b5c187cb8/enrollments responded 201 in 24.4191 ms
2026-05-03 18:35:49.093 -05:00 [INF] Request finished HTTP/1.1 POST https://localhost:7082/api/v1/students/bdf365d2-6bc1-4446-8ce4-387b5c187cb8/enrollments - 201 null application/json; charset=utf-8 29.7382ms
2026-05-03 18:35:49.100 -05:00 [INF] Request starting HTTP/1.1 GET https://localhost:7082/api/v1/students/bdf365d2-6bc1-4446-8ce4-387b5c187cb8 - null null
2026-05-03 18:35:49.102 -05:00 [INF] Executing endpoint 'StudentRegistration.Presentation.Controllers.StudentsController.GetById (StudentRegistration.Presentation)'
2026-05-03 18:35:49.103 -05:00 [INF] Route matched with {action = "GetById", controller = "Students"}. Executing controller action with signature System.Threading.Tasks.Task`1[Microsoft.AspNetCore.Mvc.IActionResult] GetById(System.Guid, System.Threading.CancellationToken) on controller StudentRegistration.Presentation.Controllers.StudentsController (StudentRegistration.Presentation).
2026-05-03 18:35:49.105 -05:00 [INF] Getting student "bdf365d2-6bc1-4446-8ce4-387b5c187cb8"
2026-05-03 18:35:49.109 -05:00 [INF] Executed DbCommand (2ms) [Parameters=[@__id_0='?' (DbType = Guid)], CommandType='"Text"', CommandTimeout='30']
SELECT `t`.`student_id`, `t`.`created_at`, `t`.`document_number`, `t`.`email`, `t`.`full_name`, `t`.`is_active`, `t`.`updated_at`, `t0`.`enrollment_id`, `t0`.`enrolled_at`, `t0`.`is_active`, `t0`.`professor_id`, `t0`.`student_id`, `t0`.`subject_id`, `t0`.`subject_id0`, `t0`.`credits`, `t0`.`name`, `t0`.`professor_id0`, `t0`.`professor_id1`, `t0`.`full_name`
FROM (
    SELECT `s`.`student_id`, `s`.`created_at`, `s`.`document_number`, `s`.`email`, `s`.`full_name`, `s`.`is_active`, `s`.`updated_at`
    FROM `students` AS `s`
    WHERE `s`.`student_id` = @__id_0
    LIMIT 1
) AS `t`
LEFT JOIN (
    SELECT `e`.`enrollment_id`, `e`.`enrolled_at`, `e`.`is_active`, `e`.`professor_id`, `e`.`student_id`, `e`.`subject_id`, `s0`.`subject_id` AS `subject_id0`, `s0`.`credits`, `s0`.`name`, `s0`.`professor_id` AS `professor_id0`, `p`.`professor_id` AS `professor_id1`, `p`.`full_name`
    FROM `enrollments` AS `e`
    INNER JOIN `subjects` AS `s0` ON `e`.`subject_id` = `s0`.`subject_id`
    INNER JOIN `professors` AS `p` ON `s0`.`professor_id` = `p`.`professor_id`
) AS `t0` ON `t`.`student_id` = `t0`.`student_id`
ORDER BY `t`.`student_id`, `t0`.`enrollment_id`, `t0`.`subject_id0`
2026-05-03 18:35:49.112 -05:00 [INF] Student "bdf365d2-6bc1-4446-8ce4-387b5c187cb8" retrieved
2026-05-03 18:35:49.113 -05:00 [INF] Executing OkObjectResult, writing value of type 'StudentRegistration.Application.DTOs.StudentDto'.
2026-05-03 18:35:49.114 -05:00 [INF] Executed action StudentRegistration.Presentation.Controllers.StudentsController.GetById (StudentRegistration.Presentation) in 8.6852ms
2026-05-03 18:35:49.115 -05:00 [INF] Executed endpoint 'StudentRegistration.Presentation.Controllers.StudentsController.GetById (StudentRegistration.Presentation)'
2026-05-03 18:35:49.116 -05:00 [INF] HTTP GET /api/v1/students/bdf365d2-6bc1-4446-8ce4-387b5c187cb8 responded 200 in 13.8904 ms
2026-05-03 18:35:49.117 -05:00 [INF] Request finished HTTP/1.1 GET https://localhost:7082/api/v1/students/bdf365d2-6bc1-4446-8ce4-387b5c187cb8 - 200 null application/json; charset=utf-8 17.7111ms
2026-05-03 18:35:51.586 -05:00 [INF] Request starting HTTP/1.1 GET https://localhost:7082/api/v1/students/bdf365d2-6bc1-4446-8ce4-387b5c187cb8/subjects/20000000-0000-0000-0000-000000000007/classmates - null null
2026-05-03 18:35:51.590 -05:00 [INF] Executing endpoint 'StudentRegistration.Presentation.Controllers.ClassmatesController.GetClassmates (StudentRegistration.Presentation)'
2026-05-03 18:35:51.591 -05:00 [INF] Route matched with {action = "GetClassmates", controller = "Classmates"}. Executing controller action with signature System.Threading.Tasks.Task`1[Microsoft.AspNetCore.Mvc.IActionResult] GetClassmates(System.Guid, System.Guid, System.Threading.CancellationToken) on controller StudentRegistration.Presentation.Controllers.ClassmatesController (StudentRegistration.Presentation).
2026-05-03 18:35:51.595 -05:00 [INF] Getting classmates for student "bdf365d2-6bc1-4446-8ce4-387b5c187cb8" in subject "20000000-0000-0000-0000-000000000007"
2026-05-03 18:35:51.599 -05:00 [INF] Executed DbCommand (1ms) [Parameters=[@__id_0='?' (DbType = Guid)], CommandType='"Text"', CommandTimeout='30']
SELECT `t`.`student_id`, `t`.`created_at`, `t`.`document_number`, `t`.`email`, `t`.`full_name`, `t`.`is_active`, `t`.`updated_at`, `t0`.`enrollment_id`, `t0`.`enrolled_at`, `t0`.`is_active`, `t0`.`professor_id`, `t0`.`student_id`, `t0`.`subject_id`, `t0`.`subject_id0`, `t0`.`credits`, `t0`.`name`, `t0`.`professor_id0`, `t0`.`professor_id1`, `t0`.`full_name`
FROM (
    SELECT `s`.`student_id`, `s`.`created_at`, `s`.`document_number`, `s`.`email`, `s`.`full_name`, `s`.`is_active`, `s`.`updated_at`
    FROM `students` AS `s`
    WHERE `s`.`student_id` = @__id_0
    LIMIT 1
) AS `t`
LEFT JOIN (
    SELECT `e`.`enrollment_id`, `e`.`enrolled_at`, `e`.`is_active`, `e`.`professor_id`, `e`.`student_id`, `e`.`subject_id`, `s0`.`subject_id` AS `subject_id0`, `s0`.`credits`, `s0`.`name`, `s0`.`professor_id` AS `professor_id0`, `p`.`professor_id` AS `professor_id1`, `p`.`full_name`
    FROM `enrollments` AS `e`
    INNER JOIN `subjects` AS `s0` ON `e`.`subject_id` = `s0`.`subject_id`
    INNER JOIN `professors` AS `p` ON `s0`.`professor_id` = `p`.`professor_id`
) AS `t0` ON `t`.`student_id` = `t0`.`student_id`
ORDER BY `t`.`student_id`, `t0`.`enrollment_id`, `t0`.`subject_id0`
2026-05-03 18:35:51.604 -05:00 [INF] Executed DbCommand (1ms) [Parameters=[@__subjectId_0='?' (DbType = Guid), @__excludeStudentId_1='?' (DbType = Guid)], CommandType='"Text"', CommandTimeout='30']
SELECT `s`.`student_id`, `s`.`created_at`, `s`.`document_number`, `s`.`email`, `s`.`full_name`, `s`.`is_active`, `s`.`updated_at`
FROM (
    SELECT DISTINCT `e`.`student_id`
    FROM `enrollments` AS `e`
    WHERE ((`e`.`subject_id` = @__subjectId_0) AND `e`.`is_active`) AND (`e`.`student_id` <> @__excludeStudentId_1)
) AS `t`
INNER JOIN `students` AS `s` ON `t`.`student_id` = `s`.`student_id`
2026-05-03 18:35:51.606 -05:00 [INF] Found 0 classmates for student "bdf365d2-6bc1-4446-8ce4-387b5c187cb8"
2026-05-03 18:35:51.607 -05:00 [INF] Executing OkObjectResult, writing value of type 'System.Collections.Generic.List`1[[StudentRegistration.Application.DTOs.ClassmateDto, StudentRegistration.Application, Version=1.0.0.0, Culture=neutral, PublicKeyToken=null]]'.
2026-05-03 18:35:51.608 -05:00 [INF] Executed action StudentRegistration.Presentation.Controllers.ClassmatesController.GetClassmates (StudentRegistration.Presentation) in 14.1728ms
2026-05-03 18:35:51.609 -05:00 [INF] Executed endpoint 'StudentRegistration.Presentation.Controllers.ClassmatesController.GetClassmates (StudentRegistration.Presentation)'
2026-05-03 18:35:51.610 -05:00 [INF] HTTP GET /api/v1/students/bdf365d2-6bc1-4446-8ce4-387b5c187cb8/subjects/20000000-0000-0000-0000-000000000007/classmates responded 200 in 20.4079 ms
2026-05-03 18:35:51.612 -05:00 [INF] Request finished HTTP/1.1 GET https://localhost:7082/api/v1/students/bdf365d2-6bc1-4446-8ce4-387b5c187cb8/subjects/20000000-0000-0000-0000-000000000007/classmates - 200 null application/json; charset=utf-8 26.1583ms
2026-05-03 18:35:53.197 -05:00 [INF] Request starting HTTP/1.1 GET https://localhost:7082/api/v1/subjects - null null
2026-05-03 18:35:53.197 -05:00 [INF] Request starting HTTP/1.1 GET https://localhost:7082/api/v1/students/bdf365d2-6bc1-4446-8ce4-387b5c187cb8 - null null
2026-05-03 18:35:53.199 -05:00 [INF] Executing endpoint 'StudentRegistration.Presentation.Controllers.SubjectsController.GetAll (StudentRegistration.Presentation)'
2026-05-03 18:35:53.201 -05:00 [INF] Executing endpoint 'StudentRegistration.Presentation.Controllers.StudentsController.GetById (StudentRegistration.Presentation)'
2026-05-03 18:35:53.202 -05:00 [INF] Route matched with {action = "GetAll", controller = "Subjects"}. Executing controller action with signature System.Threading.Tasks.Task`1[Microsoft.AspNetCore.Mvc.IActionResult] GetAll(System.Threading.CancellationToken) on controller StudentRegistration.Presentation.Controllers.SubjectsController (StudentRegistration.Presentation).
2026-05-03 18:35:53.203 -05:00 [INF] Route matched with {action = "GetById", controller = "Students"}. Executing controller action with signature System.Threading.Tasks.Task`1[Microsoft.AspNetCore.Mvc.IActionResult] GetById(System.Guid, System.Threading.CancellationToken) on controller StudentRegistration.Presentation.Controllers.StudentsController (StudentRegistration.Presentation).
2026-05-03 18:35:53.204 -05:00 [INF] Getting all subjects
2026-05-03 18:35:53.206 -05:00 [INF] Getting student "bdf365d2-6bc1-4446-8ce4-387b5c187cb8"
2026-05-03 18:35:53.210 -05:00 [INF] Executed DbCommand (1ms) [Parameters=[], CommandType='"Text"', CommandTimeout='30']
SELECT `s`.`subject_id`, `s`.`credits`, `s`.`name`, `s`.`professor_id`, `p`.`professor_id`, `p`.`full_name`
FROM `subjects` AS `s`
INNER JOIN `professors` AS `p` ON `s`.`professor_id` = `p`.`professor_id`
2026-05-03 18:35:53.214 -05:00 [INF] Executed DbCommand (2ms) [Parameters=[@__id_0='?' (DbType = Guid)], CommandType='"Text"', CommandTimeout='30']
SELECT `t`.`student_id`, `t`.`created_at`, `t`.`document_number`, `t`.`email`, `t`.`full_name`, `t`.`is_active`, `t`.`updated_at`, `t0`.`enrollment_id`, `t0`.`enrolled_at`, `t0`.`is_active`, `t0`.`professor_id`, `t0`.`student_id`, `t0`.`subject_id`, `t0`.`subject_id0`, `t0`.`credits`, `t0`.`name`, `t0`.`professor_id0`, `t0`.`professor_id1`, `t0`.`full_name`
FROM (
    SELECT `s`.`student_id`, `s`.`created_at`, `s`.`document_number`, `s`.`email`, `s`.`full_name`, `s`.`is_active`, `s`.`updated_at`
    FROM `students` AS `s`
    WHERE `s`.`student_id` = @__id_0
    LIMIT 1
) AS `t`
LEFT JOIN (
    SELECT `e`.`enrollment_id`, `e`.`enrolled_at`, `e`.`is_active`, `e`.`professor_id`, `e`.`student_id`, `e`.`subject_id`, `s0`.`subject_id` AS `subject_id0`, `s0`.`credits`, `s0`.`name`, `s0`.`professor_id` AS `professor_id0`, `p`.`professor_id` AS `professor_id1`, `p`.`full_name`
    FROM `enrollments` AS `e`
    INNER JOIN `subjects` AS `s0` ON `e`.`subject_id` = `s0`.`subject_id`
    INNER JOIN `professors` AS `p` ON `s0`.`professor_id` = `p`.`professor_id`
) AS `t0` ON `t`.`student_id` = `t0`.`student_id`
ORDER BY `t`.`student_id`, `t0`.`enrollment_id`, `t0`.`subject_id0`
2026-05-03 18:35:53.215 -05:00 [INF] Found 10 subjects
2026-05-03 18:35:53.216 -05:00 [INF] Student "bdf365d2-6bc1-4446-8ce4-387b5c187cb8" retrieved
2026-05-03 18:35:53.217 -05:00 [INF] Executing OkObjectResult, writing value of type 'System.Collections.Generic.List`1[[StudentRegistration.Application.DTOs.SubjectDto, StudentRegistration.Application, Version=1.0.0.0, Culture=neutral, PublicKeyToken=null]]'.
2026-05-03 18:35:53.218 -05:00 [INF] Executing OkObjectResult, writing value of type 'StudentRegistration.Application.DTOs.StudentDto'.
2026-05-03 18:35:53.219 -05:00 [INF] Executed action StudentRegistration.Presentation.Controllers.SubjectsController.GetAll (StudentRegistration.Presentation) in 14.824ms
2026-05-03 18:35:53.220 -05:00 [INF] Executed action StudentRegistration.Presentation.Controllers.StudentsController.GetById (StudentRegistration.Presentation) in 13.6806ms
2026-05-03 18:35:53.221 -05:00 [INF] Executed endpoint 'StudentRegistration.Presentation.Controllers.SubjectsController.GetAll (StudentRegistration.Presentation)'
2026-05-03 18:35:53.222 -05:00 [INF] Executed endpoint 'StudentRegistration.Presentation.Controllers.StudentsController.GetById (StudentRegistration.Presentation)'
2026-05-03 18:35:53.223 -05:00 [INF] HTTP GET /api/v1/subjects responded 200 in 23.8938 ms
2026-05-03 18:35:53.224 -05:00 [INF] HTTP GET /api/v1/students/bdf365d2-6bc1-4446-8ce4-387b5c187cb8 responded 200 in 23.0589 ms
2026-05-03 18:35:53.225 -05:00 [INF] Request finished HTTP/1.1 GET https://localhost:7082/api/v1/subjects - 200 null application/json; charset=utf-8 29.321ms
2026-05-03 18:35:53.227 -05:00 [INF] Request finished HTTP/1.1 GET https://localhost:7082/api/v1/students/bdf365d2-6bc1-4446-8ce4-387b5c187cb8 - 200 null application/json; charset=utf-8 29.9117ms
2026-05-03 18:35:54.450 -05:00 [INF] Request starting HTTP/1.1 GET https://localhost:7082/api/v1/students/bdf365d2-6bc1-4446-8ce4-387b5c187cb8/subjects/20000000-0000-0000-0000-000000000010/classmates - null null
2026-05-03 18:35:54.452 -05:00 [INF] Executing endpoint 'StudentRegistration.Presentation.Controllers.ClassmatesController.GetClassmates (StudentRegistration.Presentation)'
2026-05-03 18:35:54.453 -05:00 [INF] Route matched with {action = "GetClassmates", controller = "Classmates"}. Executing controller action with signature System.Threading.Tasks.Task`1[Microsoft.AspNetCore.Mvc.IActionResult] GetClassmates(System.Guid, System.Guid, System.Threading.CancellationToken) on controller StudentRegistration.Presentation.Controllers.ClassmatesController (StudentRegistration.Presentation).
2026-05-03 18:35:54.456 -05:00 [INF] Getting classmates for student "bdf365d2-6bc1-4446-8ce4-387b5c187cb8" in subject "20000000-0000-0000-0000-000000000010"
2026-05-03 18:35:54.459 -05:00 [INF] Executed DbCommand (1ms) [Parameters=[@__id_0='?' (DbType = Guid)], CommandType='"Text"', CommandTimeout='30']
SELECT `t`.`student_id`, `t`.`created_at`, `t`.`document_number`, `t`.`email`, `t`.`full_name`, `t`.`is_active`, `t`.`updated_at`, `t0`.`enrollment_id`, `t0`.`enrolled_at`, `t0`.`is_active`, `t0`.`professor_id`, `t0`.`student_id`, `t0`.`subject_id`, `t0`.`subject_id0`, `t0`.`credits`, `t0`.`name`, `t0`.`professor_id0`, `t0`.`professor_id1`, `t0`.`full_name`
FROM (
    SELECT `s`.`student_id`, `s`.`created_at`, `s`.`document_number`, `s`.`email`, `s`.`full_name`, `s`.`is_active`, `s`.`updated_at`
    FROM `students` AS `s`
    WHERE `s`.`student_id` = @__id_0
    LIMIT 1
) AS `t`
LEFT JOIN (
    SELECT `e`.`enrollment_id`, `e`.`enrolled_at`, `e`.`is_active`, `e`.`professor_id`, `e`.`student_id`, `e`.`subject_id`, `s0`.`subject_id` AS `subject_id0`, `s0`.`credits`, `s0`.`name`, `s0`.`professor_id` AS `professor_id0`, `p`.`professor_id` AS `professor_id1`, `p`.`full_name`
    FROM `enrollments` AS `e`
    INNER JOIN `subjects` AS `s0` ON `e`.`subject_id` = `s0`.`subject_id`
    INNER JOIN `professors` AS `p` ON `s0`.`professor_id` = `p`.`professor_id`
) AS `t0` ON `t`.`student_id` = `t0`.`student_id`
ORDER BY `t`.`student_id`, `t0`.`enrollment_id`, `t0`.`subject_id0`
2026-05-03 18:35:54.464 -05:00 [INF] Executed DbCommand (1ms) [Parameters=[@__subjectId_0='?' (DbType = Guid), @__excludeStudentId_1='?' (DbType = Guid)], CommandType='"Text"', CommandTimeout='30']
SELECT `s`.`student_id`, `s`.`created_at`, `s`.`document_number`, `s`.`email`, `s`.`full_name`, `s`.`is_active`, `s`.`updated_at`
FROM (
    SELECT DISTINCT `e`.`student_id`
    FROM `enrollments` AS `e`
    WHERE ((`e`.`subject_id` = @__subjectId_0) AND `e`.`is_active`) AND (`e`.`student_id` <> @__excludeStudentId_1)
) AS `t`
INNER JOIN `students` AS `s` ON `t`.`student_id` = `s`.`student_id`
2026-05-03 18:35:54.466 -05:00 [INF] Found 0 classmates for student "bdf365d2-6bc1-4446-8ce4-387b5c187cb8"
2026-05-03 18:35:54.467 -05:00 [INF] Executing OkObjectResult, writing value of type 'System.Collections.Generic.List`1[[StudentRegistration.Application.DTOs.ClassmateDto, StudentRegistration.Application, Version=1.0.0.0, Culture=neutral, PublicKeyToken=null]]'.
2026-05-03 18:35:54.468 -05:00 [INF] Executed action StudentRegistration.Presentation.Controllers.ClassmatesController.GetClassmates (StudentRegistration.Presentation) in 13.3145ms
2026-05-03 18:35:54.469 -05:00 [INF] Executed endpoint 'StudentRegistration.Presentation.Controllers.ClassmatesController.GetClassmates (StudentRegistration.Presentation)'
2026-05-03 18:35:54.470 -05:00 [INF] HTTP GET /api/v1/students/bdf365d2-6bc1-4446-8ce4-387b5c187cb8/subjects/20000000-0000-0000-0000-000000000010/classmates responded 200 in 17.4444 ms
2026-05-03 18:35:54.471 -05:00 [INF] Request finished HTTP/1.1 GET https://localhost:7082/api/v1/students/bdf365d2-6bc1-4446-8ce4-387b5c187cb8/subjects/20000000-0000-0000-0000-000000000010/classmates - 200 null application/json; charset=utf-8 21.1771ms
2026-05-03 18:35:55.639 -05:00 [INF] Request starting HTTP/1.1 GET https://localhost:7082/api/v1/students/bdf365d2-6bc1-4446-8ce4-387b5c187cb8 - null null
2026-05-03 18:35:55.640 -05:00 [INF] Request starting HTTP/1.1 GET https://localhost:7082/api/v1/subjects - null null
2026-05-03 18:35:55.642 -05:00 [INF] Executing endpoint 'StudentRegistration.Presentation.Controllers.StudentsController.GetById (StudentRegistration.Presentation)'
2026-05-03 18:35:55.644 -05:00 [INF] Executing endpoint 'StudentRegistration.Presentation.Controllers.SubjectsController.GetAll (StudentRegistration.Presentation)'
2026-05-03 18:35:55.645 -05:00 [INF] Route matched with {action = "GetById", controller = "Students"}. Executing controller action with signature System.Threading.Tasks.Task`1[Microsoft.AspNetCore.Mvc.IActionResult] GetById(System.Guid, System.Threading.CancellationToken) on controller StudentRegistration.Presentation.Controllers.StudentsController (StudentRegistration.Presentation).
2026-05-03 18:35:55.645 -05:00 [INF] Route matched with {action = "GetAll", controller = "Subjects"}. Executing controller action with signature System.Threading.Tasks.Task`1[Microsoft.AspNetCore.Mvc.IActionResult] GetAll(System.Threading.CancellationToken) on controller StudentRegistration.Presentation.Controllers.SubjectsController (StudentRegistration.Presentation).
2026-05-03 18:35:55.647 -05:00 [INF] Getting student "bdf365d2-6bc1-4446-8ce4-387b5c187cb8"
2026-05-03 18:35:55.648 -05:00 [INF] Getting all subjects
2026-05-03 18:35:55.653 -05:00 [INF] Executed DbCommand (2ms) [Parameters=[@__id_0='?' (DbType = Guid)], CommandType='"Text"', CommandTimeout='30']
SELECT `t`.`student_id`, `t`.`created_at`, `t`.`document_number`, `t`.`email`, `t`.`full_name`, `t`.`is_active`, `t`.`updated_at`, `t0`.`enrollment_id`, `t0`.`enrolled_at`, `t0`.`is_active`, `t0`.`professor_id`, `t0`.`student_id`, `t0`.`subject_id`, `t0`.`subject_id0`, `t0`.`credits`, `t0`.`name`, `t0`.`professor_id0`, `t0`.`professor_id1`, `t0`.`full_name`
FROM (
    SELECT `s`.`student_id`, `s`.`created_at`, `s`.`document_number`, `s`.`email`, `s`.`full_name`, `s`.`is_active`, `s`.`updated_at`
    FROM `students` AS `s`
    WHERE `s`.`student_id` = @__id_0
    LIMIT 1
) AS `t`
LEFT JOIN (
    SELECT `e`.`enrollment_id`, `e`.`enrolled_at`, `e`.`is_active`, `e`.`professor_id`, `e`.`student_id`, `e`.`subject_id`, `s0`.`subject_id` AS `subject_id0`, `s0`.`credits`, `s0`.`name`, `s0`.`professor_id` AS `professor_id0`, `p`.`professor_id` AS `professor_id1`, `p`.`full_name`
    FROM `enrollments` AS `e`
    INNER JOIN `subjects` AS `s0` ON `e`.`subject_id` = `s0`.`subject_id`
    INNER JOIN `professors` AS `p` ON `s0`.`professor_id` = `p`.`professor_id`
) AS `t0` ON `t`.`student_id` = `t0`.`student_id`
ORDER BY `t`.`student_id`, `t0`.`enrollment_id`, `t0`.`subject_id0`
2026-05-03 18:35:55.656 -05:00 [INF] Executed DbCommand (2ms) [Parameters=[], CommandType='"Text"', CommandTimeout='30']
SELECT `s`.`subject_id`, `s`.`credits`, `s`.`name`, `s`.`professor_id`, `p`.`professor_id`, `p`.`full_name`
FROM `subjects` AS `s`
INNER JOIN `professors` AS `p` ON `s`.`professor_id` = `p`.`professor_id`
2026-05-03 18:35:55.657 -05:00 [INF] Student "bdf365d2-6bc1-4446-8ce4-387b5c187cb8" retrieved
2026-05-03 18:35:55.659 -05:00 [INF] Found 10 subjects
2026-05-03 18:35:55.659 -05:00 [INF] Executing OkObjectResult, writing value of type 'StudentRegistration.Application.DTOs.StudentDto'.
2026-05-03 18:35:55.660 -05:00 [INF] Executing OkObjectResult, writing value of type 'System.Collections.Generic.List`1[[StudentRegistration.Application.DTOs.SubjectDto, StudentRegistration.Application, Version=1.0.0.0, Culture=neutral, PublicKeyToken=null]]'.
2026-05-03 18:35:55.661 -05:00 [INF] Executed action StudentRegistration.Presentation.Controllers.StudentsController.GetById (StudentRegistration.Presentation) in 14.0007ms
2026-05-03 18:35:55.662 -05:00 [INF] Executed action StudentRegistration.Presentation.Controllers.SubjectsController.GetAll (StudentRegistration.Presentation) in 13.6736ms
2026-05-03 18:35:55.663 -05:00 [INF] Executed endpoint 'StudentRegistration.Presentation.Controllers.StudentsController.GetById (StudentRegistration.Presentation)'
2026-05-03 18:35:55.664 -05:00 [INF] Executed endpoint 'StudentRegistration.Presentation.Controllers.SubjectsController.GetAll (StudentRegistration.Presentation)'
2026-05-03 18:35:55.665 -05:00 [INF] HTTP GET /api/v1/students/bdf365d2-6bc1-4446-8ce4-387b5c187cb8 responded 200 in 22.8782 ms
2026-05-03 18:35:55.666 -05:00 [INF] HTTP GET /api/v1/subjects responded 200 in 21.5858 ms
2026-05-03 18:35:55.667 -05:00 [INF] Request finished HTTP/1.1 GET https://localhost:7082/api/v1/students/bdf365d2-6bc1-4446-8ce4-387b5c187cb8 - 200 null application/json; charset=utf-8 27.6243ms
2026-05-03 18:35:55.668 -05:00 [INF] Request finished HTTP/1.1 GET https://localhost:7082/api/v1/subjects - 200 null application/json; charset=utf-8 28.638ms
2026-05-03 18:35:57.666 -05:00 [INF] Request starting HTTP/1.1 GET https://localhost:7082/api/v1/students - null null
2026-05-03 18:35:57.669 -05:00 [INF] Executing endpoint 'StudentRegistration.Presentation.Controllers.StudentsController.GetAll (StudentRegistration.Presentation)'
2026-05-03 18:35:57.670 -05:00 [INF] Route matched with {action = "GetAll", controller = "Students"}. Executing controller action with signature System.Threading.Tasks.Task`1[Microsoft.AspNetCore.Mvc.IActionResult] GetAll(System.Threading.CancellationToken) on controller StudentRegistration.Presentation.Controllers.StudentsController (StudentRegistration.Presentation).
2026-05-03 18:35:57.672 -05:00 [INF] Getting all active students
2026-05-03 18:35:57.677 -05:00 [INF] Executed DbCommand (2ms) [Parameters=[], CommandType='"Text"', CommandTimeout='30']
SELECT `s`.`student_id`, `s`.`created_at`, `s`.`document_number`, `s`.`email`, `s`.`full_name`, `s`.`is_active`, `s`.`updated_at`, `e`.`enrollment_id`, `e`.`enrolled_at`, `e`.`is_active`, `e`.`professor_id`, `e`.`student_id`, `e`.`subject_id`
FROM `students` AS `s`
LEFT JOIN `enrollments` AS `e` ON `s`.`student_id` = `e`.`student_id`
ORDER BY `s`.`student_id`
2026-05-03 18:35:57.680 -05:00 [INF] Found 3 active students
2026-05-03 18:35:57.681 -05:00 [INF] Executing OkObjectResult, writing value of type 'System.Collections.Generic.List`1[[StudentRegistration.Application.DTOs.StudentSummaryDto, StudentRegistration.Application, Version=1.0.0.0, Culture=neutral, PublicKeyToken=null]]'.
2026-05-03 18:35:57.682 -05:00 [INF] Executed action StudentRegistration.Presentation.Controllers.StudentsController.GetAll (StudentRegistration.Presentation) in 10.3187ms
2026-05-03 18:35:57.683 -05:00 [INF] Executed endpoint 'StudentRegistration.Presentation.Controllers.StudentsController.GetAll (StudentRegistration.Presentation)'
2026-05-03 18:35:57.684 -05:00 [INF] HTTP GET /api/v1/students responded 200 in 15.7638 ms
2026-05-03 18:35:57.686 -05:00 [INF] Request finished HTTP/1.1 GET https://localhost:7082/api/v1/students - 200 null application/json; charset=utf-8 20.0481ms
2026-05-03 18:36:01.609 -05:00 [INF] Request starting HTTP/1.1 GET https://localhost:7082/api/v1/subjects - null null
2026-05-03 18:36:01.612 -05:00 [INF] Executing endpoint 'StudentRegistration.Presentation.Controllers.SubjectsController.GetAll (StudentRegistration.Presentation)'
2026-05-03 18:36:01.613 -05:00 [INF] Route matched with {action = "GetAll", controller = "Subjects"}. Executing controller action with signature System.Threading.Tasks.Task`1[Microsoft.AspNetCore.Mvc.IActionResult] GetAll(System.Threading.CancellationToken) on controller StudentRegistration.Presentation.Controllers.SubjectsController (StudentRegistration.Presentation).
2026-05-03 18:36:01.614 -05:00 [INF] Getting all subjects
2026-05-03 18:36:01.618 -05:00 [INF] Executed DbCommand (2ms) [Parameters=[], CommandType='"Text"', CommandTimeout='30']
SELECT `s`.`subject_id`, `s`.`credits`, `s`.`name`, `s`.`professor_id`, `p`.`professor_id`, `p`.`full_name`
FROM `subjects` AS `s`
INNER JOIN `professors` AS `p` ON `s`.`professor_id` = `p`.`professor_id`
2026-05-03 18:36:01.621 -05:00 [INF] Found 10 subjects
2026-05-03 18:36:01.622 -05:00 [INF] Executing OkObjectResult, writing value of type 'System.Collections.Generic.List`1[[StudentRegistration.Application.DTOs.SubjectDto, StudentRegistration.Application, Version=1.0.0.0, Culture=neutral, PublicKeyToken=null]]'.
2026-05-03 18:36:01.624 -05:00 [INF] Executed action StudentRegistration.Presentation.Controllers.SubjectsController.GetAll (StudentRegistration.Presentation) in 10.1305ms
2026-05-03 18:36:01.625 -05:00 [INF] Executed endpoint 'StudentRegistration.Presentation.Controllers.SubjectsController.GetAll (StudentRegistration.Presentation)'
2026-05-03 18:36:01.626 -05:00 [INF] HTTP GET /api/v1/subjects responded 200 in 14.6704 ms
2026-05-03 18:36:01.628 -05:00 [INF] Request finished HTTP/1.1 GET https://localhost:7082/api/v1/subjects - 200 null application/json; charset=utf-8 18.6637ms
2026-05-03 18:36:07.960 -05:00 [INF] Request starting HTTP/1.1 GET https://localhost:7082/api/v1/students - null null
2026-05-03 18:36:07.963 -05:00 [INF] Executing endpoint 'StudentRegistration.Presentation.Controllers.StudentsController.GetAll (StudentRegistration.Presentation)'
2026-05-03 18:36:07.964 -05:00 [INF] Route matched with {action = "GetAll", controller = "Students"}. Executing controller action with signature System.Threading.Tasks.Task`1[Microsoft.AspNetCore.Mvc.IActionResult] GetAll(System.Threading.CancellationToken) on controller StudentRegistration.Presentation.Controllers.StudentsController (StudentRegistration.Presentation).
2026-05-03 18:36:07.966 -05:00 [INF] Getting all active students
2026-05-03 18:36:07.969 -05:00 [INF] Executed DbCommand (2ms) [Parameters=[], CommandType='"Text"', CommandTimeout='30']
SELECT `s`.`student_id`, `s`.`created_at`, `s`.`document_number`, `s`.`email`, `s`.`full_name`, `s`.`is_active`, `s`.`updated_at`, `e`.`enrollment_id`, `e`.`enrolled_at`, `e`.`is_active`, `e`.`professor_id`, `e`.`student_id`, `e`.`subject_id`
FROM `students` AS `s`
LEFT JOIN `enrollments` AS `e` ON `s`.`student_id` = `e`.`student_id`
ORDER BY `s`.`student_id`
2026-05-03 18:36:07.972 -05:00 [INF] Found 3 active students
2026-05-03 18:36:07.975 -05:00 [INF] Executing OkObjectResult, writing value of type 'System.Collections.Generic.List`1[[StudentRegistration.Application.DTOs.StudentSummaryDto, StudentRegistration.Application, Version=1.0.0.0, Culture=neutral, PublicKeyToken=null]]'.
2026-05-03 18:36:07.976 -05:00 [INF] Executed action StudentRegistration.Presentation.Controllers.StudentsController.GetAll (StudentRegistration.Presentation) in 11.0698ms
2026-05-03 18:36:07.978 -05:00 [INF] Executed endpoint 'StudentRegistration.Presentation.Controllers.StudentsController.GetAll (StudentRegistration.Presentation)'
2026-05-03 18:36:07.978 -05:00 [INF] HTTP GET /api/v1/students responded 200 in 15.4558 ms
2026-05-03 18:36:07.980 -05:00 [INF] Request finished HTTP/1.1 GET https://localhost:7082/api/v1/students - 200 null application/json; charset=utf-8 19.5439ms
2026-05-03 18:55:35.626 -05:00 [INF] Request starting HTTP/1.1 GET https://localhost:7082/api/v1/students - null null
2026-05-03 18:55:35.629 -05:00 [INF] Executing endpoint 'StudentRegistration.Presentation.Controllers.StudentsController.GetAll (StudentRegistration.Presentation)'
2026-05-03 18:55:35.630 -05:00 [INF] Route matched with {action = "GetAll", controller = "Students"}. Executing controller action with signature System.Threading.Tasks.Task`1[Microsoft.AspNetCore.Mvc.IActionResult] GetAll(System.Threading.CancellationToken) on controller StudentRegistration.Presentation.Controllers.StudentsController (StudentRegistration.Presentation).
2026-05-03 18:55:35.633 -05:00 [INF] Getting all active students
2026-05-03 18:55:35.691 -05:00 [INF] Executed DbCommand (1ms) [Parameters=[], CommandType='"Text"', CommandTimeout='30']
SELECT `s`.`student_id`, `s`.`created_at`, `s`.`document_number`, `s`.`email`, `s`.`full_name`, `s`.`is_active`, `s`.`updated_at`, `e`.`enrollment_id`, `e`.`enrolled_at`, `e`.`is_active`, `e`.`professor_id`, `e`.`student_id`, `e`.`subject_id`
FROM `students` AS `s`
LEFT JOIN `enrollments` AS `e` ON `s`.`student_id` = `e`.`student_id`
ORDER BY `s`.`student_id`
2026-05-03 18:55:35.693 -05:00 [INF] Found 3 active students
2026-05-03 18:55:35.695 -05:00 [INF] Executing OkObjectResult, writing value of type 'System.Collections.Generic.List`1[[StudentRegistration.Application.DTOs.StudentSummaryDto, StudentRegistration.Application, Version=1.0.0.0, Culture=neutral, PublicKeyToken=null]]'.
2026-05-03 18:55:35.696 -05:00 [INF] Executed action StudentRegistration.Presentation.Controllers.StudentsController.GetAll (StudentRegistration.Presentation) in 63.1484ms
2026-05-03 18:55:35.697 -05:00 [INF] Executed endpoint 'StudentRegistration.Presentation.Controllers.StudentsController.GetAll (StudentRegistration.Presentation)'
2026-05-03 18:55:35.698 -05:00 [INF] HTTP GET /api/v1/students responded 200 in 68.7576 ms
2026-05-03 18:55:35.700 -05:00 [INF] Request finished HTTP/1.1 GET https://localhost:7082/api/v1/students - 200 null application/json; charset=utf-8 74.0989ms
2026-05-03 18:55:41.018 -05:00 [INF] Request starting HTTP/1.1 GET https://localhost:7082/api/v1/students - null null
2026-05-03 18:55:41.020 -05:00 [INF] Executing endpoint 'StudentRegistration.Presentation.Controllers.StudentsController.GetAll (StudentRegistration.Presentation)'
2026-05-03 18:55:41.021 -05:00 [INF] Route matched with {action = "GetAll", controller = "Students"}. Executing controller action with signature System.Threading.Tasks.Task`1[Microsoft.AspNetCore.Mvc.IActionResult] GetAll(System.Threading.CancellationToken) on controller StudentRegistration.Presentation.Controllers.StudentsController (StudentRegistration.Presentation).
2026-05-03 18:55:41.023 -05:00 [INF] Getting all active students
2026-05-03 18:55:41.027 -05:00 [INF] Executed DbCommand (2ms) [Parameters=[], CommandType='"Text"', CommandTimeout='30']
SELECT `s`.`student_id`, `s`.`created_at`, `s`.`document_number`, `s`.`email`, `s`.`full_name`, `s`.`is_active`, `s`.`updated_at`, `e`.`enrollment_id`, `e`.`enrolled_at`, `e`.`is_active`, `e`.`professor_id`, `e`.`student_id`, `e`.`subject_id`
FROM `students` AS `s`
LEFT JOIN `enrollments` AS `e` ON `s`.`student_id` = `e`.`student_id`
ORDER BY `s`.`student_id`
2026-05-03 18:55:41.029 -05:00 [INF] Found 3 active students
2026-05-03 18:55:41.030 -05:00 [INF] Executing OkObjectResult, writing value of type 'System.Collections.Generic.List`1[[StudentRegistration.Application.DTOs.StudentSummaryDto, StudentRegistration.Application, Version=1.0.0.0, Culture=neutral, PublicKeyToken=null]]'.
2026-05-03 18:55:41.031 -05:00 [INF] Executed action StudentRegistration.Presentation.Controllers.StudentsController.GetAll (StudentRegistration.Presentation) in 8.519ms
2026-05-03 18:55:41.033 -05:00 [INF] Executed endpoint 'StudentRegistration.Presentation.Controllers.StudentsController.GetAll (StudentRegistration.Presentation)'
2026-05-03 18:55:41.034 -05:00 [INF] HTTP GET /api/v1/students responded 200 in 13.6375 ms
2026-05-03 18:55:41.035 -05:00 [INF] Request finished HTTP/1.1 GET https://localhost:7082/api/v1/students - 200 null application/json; charset=utf-8 16.7784ms
2026-05-03 18:55:45.379 -05:00 [INF] Request starting HTTP/1.1 GET https://localhost:7082/api/v1/subjects - null null
2026-05-03 18:55:45.380 -05:00 [INF] Request starting HTTP/1.1 GET https://localhost:7082/api/v1/students/78b82ddc-83fd-4529-9765-b4889ffe700c - null null
2026-05-03 18:55:45.383 -05:00 [INF] Executing endpoint 'StudentRegistration.Presentation.Controllers.SubjectsController.GetAll (StudentRegistration.Presentation)'
2026-05-03 18:55:45.384 -05:00 [INF] Executing endpoint 'StudentRegistration.Presentation.Controllers.StudentsController.GetById (StudentRegistration.Presentation)'
2026-05-03 18:55:45.385 -05:00 [INF] Route matched with {action = "GetAll", controller = "Subjects"}. Executing controller action with signature System.Threading.Tasks.Task`1[Microsoft.AspNetCore.Mvc.IActionResult] GetAll(System.Threading.CancellationToken) on controller StudentRegistration.Presentation.Controllers.SubjectsController (StudentRegistration.Presentation).
2026-05-03 18:55:45.386 -05:00 [INF] Route matched with {action = "GetById", controller = "Students"}. Executing controller action with signature System.Threading.Tasks.Task`1[Microsoft.AspNetCore.Mvc.IActionResult] GetById(System.Guid, System.Threading.CancellationToken) on controller StudentRegistration.Presentation.Controllers.StudentsController (StudentRegistration.Presentation).
2026-05-03 18:55:45.388 -05:00 [INF] Getting all subjects
2026-05-03 18:55:45.389 -05:00 [INF] Getting student "78b82ddc-83fd-4529-9765-b4889ffe700c"
2026-05-03 18:55:45.394 -05:00 [INF] Executed DbCommand (2ms) [Parameters=[], CommandType='"Text"', CommandTimeout='30']
SELECT `s`.`subject_id`, `s`.`credits`, `s`.`name`, `s`.`professor_id`, `p`.`professor_id`, `p`.`full_name`
FROM `subjects` AS `s`
INNER JOIN `professors` AS `p` ON `s`.`professor_id` = `p`.`professor_id`
2026-05-03 18:55:45.399 -05:00 [INF] Found 10 subjects
2026-05-03 18:55:45.399 -05:00 [INF] Executed DbCommand (1ms) [Parameters=[@__id_0='?' (DbType = Guid)], CommandType='"Text"', CommandTimeout='30']
SELECT `t`.`student_id`, `t`.`created_at`, `t`.`document_number`, `t`.`email`, `t`.`full_name`, `t`.`is_active`, `t`.`updated_at`, `t0`.`enrollment_id`, `t0`.`enrolled_at`, `t0`.`is_active`, `t0`.`professor_id`, `t0`.`student_id`, `t0`.`subject_id`, `t0`.`subject_id0`, `t0`.`credits`, `t0`.`name`, `t0`.`professor_id0`, `t0`.`professor_id1`, `t0`.`full_name`
FROM (
    SELECT `s`.`student_id`, `s`.`created_at`, `s`.`document_number`, `s`.`email`, `s`.`full_name`, `s`.`is_active`, `s`.`updated_at`
    FROM `students` AS `s`
    WHERE `s`.`student_id` = @__id_0
    LIMIT 1
) AS `t`
LEFT JOIN (
    SELECT `e`.`enrollment_id`, `e`.`enrolled_at`, `e`.`is_active`, `e`.`professor_id`, `e`.`student_id`, `e`.`subject_id`, `s0`.`subject_id` AS `subject_id0`, `s0`.`credits`, `s0`.`name`, `s0`.`professor_id` AS `professor_id0`, `p`.`professor_id` AS `professor_id1`, `p`.`full_name`
    FROM `enrollments` AS `e`
    INNER JOIN `subjects` AS `s0` ON `e`.`subject_id` = `s0`.`subject_id`
    INNER JOIN `professors` AS `p` ON `s0`.`professor_id` = `p`.`professor_id`
) AS `t0` ON `t`.`student_id` = `t0`.`student_id`
ORDER BY `t`.`student_id`, `t0`.`enrollment_id`, `t0`.`subject_id0`
2026-05-03 18:55:45.400 -05:00 [INF] Executing OkObjectResult, writing value of type 'System.Collections.Generic.List`1[[StudentRegistration.Application.DTOs.SubjectDto, StudentRegistration.Application, Version=1.0.0.0, Culture=neutral, PublicKeyToken=null]]'.
2026-05-03 18:55:45.401 -05:00 [INF] Student "78b82ddc-83fd-4529-9765-b4889ffe700c" retrieved
2026-05-03 18:55:45.402 -05:00 [INF] Executed action StudentRegistration.Presentation.Controllers.SubjectsController.GetAll (StudentRegistration.Presentation) in 14.6471ms
2026-05-03 18:55:45.403 -05:00 [INF] Executing OkObjectResult, writing value of type 'StudentRegistration.Application.DTOs.StudentDto'.
2026-05-03 18:55:45.404 -05:00 [INF] Executed endpoint 'StudentRegistration.Presentation.Controllers.SubjectsController.GetAll (StudentRegistration.Presentation)'
2026-05-03 18:55:45.405 -05:00 [INF] Executed action StudentRegistration.Presentation.Controllers.StudentsController.GetById (StudentRegistration.Presentation) in 16.4835ms
2026-05-03 18:55:45.407 -05:00 [INF] HTTP GET /api/v1/subjects responded 200 in 24.0348 ms
2026-05-03 18:55:45.408 -05:00 [INF] Executed endpoint 'StudentRegistration.Presentation.Controllers.StudentsController.GetById (StudentRegistration.Presentation)'
2026-05-03 18:55:45.409 -05:00 [INF] Request finished HTTP/1.1 GET https://localhost:7082/api/v1/subjects - 200 null application/json; charset=utf-8 29.5115ms
2026-05-03 18:55:45.410 -05:00 [INF] HTTP GET /api/v1/students/78b82ddc-83fd-4529-9765-b4889ffe700c responded 200 in 25.8598 ms
2026-05-03 18:55:45.413 -05:00 [INF] Request finished HTTP/1.1 GET https://localhost:7082/api/v1/students/78b82ddc-83fd-4529-9765-b4889ffe700c - 200 null application/json; charset=utf-8 33.6697ms
2026-05-03 19:03:42.433 -05:00 [INF] Request starting HTTP/1.1 GET https://localhost:7082/api/v1/subjects - null null
2026-05-03 19:03:42.433 -05:00 [INF] Request starting HTTP/1.1 GET https://localhost:7082/api/v1/students/78b82ddc-83fd-4529-9765-b4889ffe700c - null null
2026-05-03 19:03:42.437 -05:00 [INF] Executing endpoint 'StudentRegistration.Presentation.Controllers.SubjectsController.GetAll (StudentRegistration.Presentation)'
2026-05-03 19:03:42.442 -05:00 [INF] Executing endpoint 'StudentRegistration.Presentation.Controllers.StudentsController.GetById (StudentRegistration.Presentation)'
2026-05-03 19:03:42.443 -05:00 [INF] Route matched with {action = "GetAll", controller = "Subjects"}. Executing controller action with signature System.Threading.Tasks.Task`1[Microsoft.AspNetCore.Mvc.IActionResult] GetAll(System.Threading.CancellationToken) on controller StudentRegistration.Presentation.Controllers.SubjectsController (StudentRegistration.Presentation).
2026-05-03 19:03:42.444 -05:00 [INF] Route matched with {action = "GetById", controller = "Students"}. Executing controller action with signature System.Threading.Tasks.Task`1[Microsoft.AspNetCore.Mvc.IActionResult] GetById(System.Guid, System.Threading.CancellationToken) on controller StudentRegistration.Presentation.Controllers.StudentsController (StudentRegistration.Presentation).
2026-05-03 19:03:42.446 -05:00 [INF] Getting all subjects
2026-05-03 19:03:42.447 -05:00 [INF] Getting student "78b82ddc-83fd-4529-9765-b4889ffe700c"
2026-05-03 19:03:42.462 -05:00 [INF] Executed DbCommand (2ms) [Parameters=[], CommandType='"Text"', CommandTimeout='30']
SELECT `s`.`subject_id`, `s`.`credits`, `s`.`name`, `s`.`professor_id`, `p`.`professor_id`, `p`.`full_name`
FROM `subjects` AS `s`
INNER JOIN `professors` AS `p` ON `s`.`professor_id` = `p`.`professor_id`
2026-05-03 19:03:42.467 -05:00 [INF] Executed DbCommand (4ms) [Parameters=[@__id_0='?' (DbType = Guid)], CommandType='"Text"', CommandTimeout='30']
SELECT `t`.`student_id`, `t`.`created_at`, `t`.`document_number`, `t`.`email`, `t`.`full_name`, `t`.`is_active`, `t`.`updated_at`, `t0`.`enrollment_id`, `t0`.`enrolled_at`, `t0`.`is_active`, `t0`.`professor_id`, `t0`.`student_id`, `t0`.`subject_id`, `t0`.`subject_id0`, `t0`.`credits`, `t0`.`name`, `t0`.`professor_id0`, `t0`.`professor_id1`, `t0`.`full_name`
FROM (
    SELECT `s`.`student_id`, `s`.`created_at`, `s`.`document_number`, `s`.`email`, `s`.`full_name`, `s`.`is_active`, `s`.`updated_at`
    FROM `students` AS `s`
    WHERE `s`.`student_id` = @__id_0
    LIMIT 1
) AS `t`
LEFT JOIN (
    SELECT `e`.`enrollment_id`, `e`.`enrolled_at`, `e`.`is_active`, `e`.`professor_id`, `e`.`student_id`, `e`.`subject_id`, `s0`.`subject_id` AS `subject_id0`, `s0`.`credits`, `s0`.`name`, `s0`.`professor_id` AS `professor_id0`, `p`.`professor_id` AS `professor_id1`, `p`.`full_name`
    FROM `enrollments` AS `e`
    INNER JOIN `subjects` AS `s0` ON `e`.`subject_id` = `s0`.`subject_id`
    INNER JOIN `professors` AS `p` ON `s0`.`professor_id` = `p`.`professor_id`
) AS `t0` ON `t`.`student_id` = `t0`.`student_id`
ORDER BY `t`.`student_id`, `t0`.`enrollment_id`, `t0`.`subject_id0`
2026-05-03 19:03:42.467 -05:00 [INF] Found 10 subjects
2026-05-03 19:03:42.469 -05:00 [INF] Student "78b82ddc-83fd-4529-9765-b4889ffe700c" retrieved
2026-05-03 19:03:42.470 -05:00 [INF] Executing OkObjectResult, writing value of type 'System.Collections.Generic.List`1[[StudentRegistration.Application.DTOs.SubjectDto, StudentRegistration.Application, Version=1.0.0.0, Culture=neutral, PublicKeyToken=null]]'.
2026-05-03 19:03:42.471 -05:00 [INF] Executing OkObjectResult, writing value of type 'StudentRegistration.Application.DTOs.StudentDto'.
2026-05-03 19:03:42.472 -05:00 [INF] Executed action StudentRegistration.Presentation.Controllers.SubjectsController.GetAll (StudentRegistration.Presentation) in 26.4179ms
2026-05-03 19:03:42.474 -05:00 [INF] Executed action StudentRegistration.Presentation.Controllers.StudentsController.GetById (StudentRegistration.Presentation) in 26.8188ms
2026-05-03 19:03:42.475 -05:00 [INF] Executed endpoint 'StudentRegistration.Presentation.Controllers.SubjectsController.GetAll (StudentRegistration.Presentation)'
2026-05-03 19:03:42.479 -05:00 [INF] Executed endpoint 'StudentRegistration.Presentation.Controllers.StudentsController.GetById (StudentRegistration.Presentation)'
2026-05-03 19:03:42.481 -05:00 [INF] Request starting HTTP/1.1 GET https://localhost:7082/api/v1/subjects - null null
2026-05-03 19:03:42.482 -05:00 [INF] Request starting HTTP/1.1 GET https://localhost:7082/api/v1/students/78b82ddc-83fd-4529-9765-b4889ffe700c - null null
2026-05-03 19:03:42.482 -05:00 [INF] HTTP GET /api/v1/subjects responded 200 in 44.4052 ms
2026-05-03 19:03:42.482 -05:00 [INF] HTTP GET /api/v1/students/78b82ddc-83fd-4529-9765-b4889ffe700c responded 200 in 40.8661 ms
2026-05-03 19:03:42.484 -05:00 [INF] Executing endpoint 'StudentRegistration.Presentation.Controllers.SubjectsController.GetAll (StudentRegistration.Presentation)'
2026-05-03 19:03:42.486 -05:00 [INF] Executing endpoint 'StudentRegistration.Presentation.Controllers.StudentsController.GetById (StudentRegistration.Presentation)'
2026-05-03 19:03:42.487 -05:00 [INF] Request finished HTTP/1.1 GET https://localhost:7082/api/v1/subjects - 200 null application/json; charset=utf-8 54.1272ms
2026-05-03 19:03:42.490 -05:00 [INF] Request finished HTTP/1.1 GET https://localhost:7082/api/v1/students/78b82ddc-83fd-4529-9765-b4889ffe700c - 200 null application/json; charset=utf-8 56.5709ms
2026-05-03 19:03:42.491 -05:00 [INF] Route matched with {action = "GetAll", controller = "Subjects"}. Executing controller action with signature System.Threading.Tasks.Task`1[Microsoft.AspNetCore.Mvc.IActionResult] GetAll(System.Threading.CancellationToken) on controller StudentRegistration.Presentation.Controllers.SubjectsController (StudentRegistration.Presentation).
2026-05-03 19:03:42.492 -05:00 [INF] Route matched with {action = "GetById", controller = "Students"}. Executing controller action with signature System.Threading.Tasks.Task`1[Microsoft.AspNetCore.Mvc.IActionResult] GetById(System.Guid, System.Threading.CancellationToken) on controller StudentRegistration.Presentation.Controllers.StudentsController (StudentRegistration.Presentation).
2026-05-03 19:03:42.498 -05:00 [INF] Getting all subjects
2026-05-03 19:03:42.499 -05:00 [INF] Getting student "78b82ddc-83fd-4529-9765-b4889ffe700c"
2026-05-03 19:03:42.503 -05:00 [INF] Executed DbCommand (1ms) [Parameters=[], CommandType='"Text"', CommandTimeout='30']
SELECT `s`.`subject_id`, `s`.`credits`, `s`.`name`, `s`.`professor_id`, `p`.`professor_id`, `p`.`full_name`
FROM `subjects` AS `s`
INNER JOIN `professors` AS `p` ON `s`.`professor_id` = `p`.`professor_id`
2026-05-03 19:03:42.508 -05:00 [INF] Executed DbCommand (2ms) [Parameters=[@__id_0='?' (DbType = Guid)], CommandType='"Text"', CommandTimeout='30']
SELECT `t`.`student_id`, `t`.`created_at`, `t`.`document_number`, `t`.`email`, `t`.`full_name`, `t`.`is_active`, `t`.`updated_at`, `t0`.`enrollment_id`, `t0`.`enrolled_at`, `t0`.`is_active`, `t0`.`professor_id`, `t0`.`student_id`, `t0`.`subject_id`, `t0`.`subject_id0`, `t0`.`credits`, `t0`.`name`, `t0`.`professor_id0`, `t0`.`professor_id1`, `t0`.`full_name`
FROM (
    SELECT `s`.`student_id`, `s`.`created_at`, `s`.`document_number`, `s`.`email`, `s`.`full_name`, `s`.`is_active`, `s`.`updated_at`
    FROM `students` AS `s`
    WHERE `s`.`student_id` = @__id_0
    LIMIT 1
) AS `t`
LEFT JOIN (
    SELECT `e`.`enrollment_id`, `e`.`enrolled_at`, `e`.`is_active`, `e`.`professor_id`, `e`.`student_id`, `e`.`subject_id`, `s0`.`subject_id` AS `subject_id0`, `s0`.`credits`, `s0`.`name`, `s0`.`professor_id` AS `professor_id0`, `p`.`professor_id` AS `professor_id1`, `p`.`full_name`
    FROM `enrollments` AS `e`
    INNER JOIN `subjects` AS `s0` ON `e`.`subject_id` = `s0`.`subject_id`
    INNER JOIN `professors` AS `p` ON `s0`.`professor_id` = `p`.`professor_id`
) AS `t0` ON `t`.`student_id` = `t0`.`student_id`
ORDER BY `t`.`student_id`, `t0`.`enrollment_id`, `t0`.`subject_id0`
2026-05-03 19:03:42.508 -05:00 [INF] Found 10 subjects
2026-05-03 19:03:42.510 -05:00 [INF] Student "78b82ddc-83fd-4529-9765-b4889ffe700c" retrieved
2026-05-03 19:03:42.511 -05:00 [INF] Executing OkObjectResult, writing value of type 'System.Collections.Generic.List`1[[StudentRegistration.Application.DTOs.SubjectDto, StudentRegistration.Application, Version=1.0.0.0, Culture=neutral, PublicKeyToken=null]]'.
2026-05-03 19:03:42.511 -05:00 [INF] Executing OkObjectResult, writing value of type 'StudentRegistration.Application.DTOs.StudentDto'.
2026-05-03 19:03:42.512 -05:00 [INF] Executed action StudentRegistration.Presentation.Controllers.SubjectsController.GetAll (StudentRegistration.Presentation) in 14.2881ms
2026-05-03 19:03:42.513 -05:00 [INF] Executed action StudentRegistration.Presentation.Controllers.StudentsController.GetById (StudentRegistration.Presentation) in 14.0053ms
2026-05-03 19:03:42.515 -05:00 [INF] Executed endpoint 'StudentRegistration.Presentation.Controllers.SubjectsController.GetAll (StudentRegistration.Presentation)'
2026-05-03 19:03:42.516 -05:00 [INF] Executed endpoint 'StudentRegistration.Presentation.Controllers.StudentsController.GetById (StudentRegistration.Presentation)'
2026-05-03 19:03:42.517 -05:00 [INF] HTTP GET /api/v1/subjects responded 200 in 32.2918 ms
2026-05-03 19:03:42.517 -05:00 [INF] HTTP GET /api/v1/students/78b82ddc-83fd-4529-9765-b4889ffe700c responded 200 in 31.3941 ms
2026-05-03 19:03:42.519 -05:00 [INF] Request finished HTTP/1.1 GET https://localhost:7082/api/v1/subjects - 200 null application/json; charset=utf-8 37.4692ms
2026-05-03 19:03:42.520 -05:00 [INF] Request finished HTTP/1.1 GET https://localhost:7082/api/v1/students/78b82ddc-83fd-4529-9765-b4889ffe700c - 200 null application/json; charset=utf-8 38.6047ms
2026-05-03 19:04:54.423 -05:00 [INF] Request starting HTTP/1.1 GET https://localhost:7082/api/v1/subjects - null null
2026-05-03 19:04:54.423 -05:00 [INF] Request starting HTTP/1.1 GET https://localhost:7082/api/v1/students/78b82ddc-83fd-4529-9765-b4889ffe700c - null null
2026-05-03 19:04:54.429 -05:00 [INF] Executing endpoint 'StudentRegistration.Presentation.Controllers.SubjectsController.GetAll (StudentRegistration.Presentation)'
2026-05-03 19:04:54.432 -05:00 [INF] Executing endpoint 'StudentRegistration.Presentation.Controllers.StudentsController.GetById (StudentRegistration.Presentation)'
2026-05-03 19:04:54.433 -05:00 [INF] Route matched with {action = "GetAll", controller = "Subjects"}. Executing controller action with signature System.Threading.Tasks.Task`1[Microsoft.AspNetCore.Mvc.IActionResult] GetAll(System.Threading.CancellationToken) on controller StudentRegistration.Presentation.Controllers.SubjectsController (StudentRegistration.Presentation).
2026-05-03 19:04:54.433 -05:00 [INF] Route matched with {action = "GetById", controller = "Students"}. Executing controller action with signature System.Threading.Tasks.Task`1[Microsoft.AspNetCore.Mvc.IActionResult] GetById(System.Guid, System.Threading.CancellationToken) on controller StudentRegistration.Presentation.Controllers.StudentsController (StudentRegistration.Presentation).
2026-05-03 19:04:54.435 -05:00 [INF] Getting all subjects
2026-05-03 19:04:54.436 -05:00 [INF] Getting student "78b82ddc-83fd-4529-9765-b4889ffe700c"
2026-05-03 19:04:54.440 -05:00 [INF] Executed DbCommand (2ms) [Parameters=[], CommandType='"Text"', CommandTimeout='30']
SELECT `s`.`subject_id`, `s`.`credits`, `s`.`name`, `s`.`professor_id`, `p`.`professor_id`, `p`.`full_name`
FROM `subjects` AS `s`
INNER JOIN `professors` AS `p` ON `s`.`professor_id` = `p`.`professor_id`
2026-05-03 19:04:54.446 -05:00 [INF] Executed DbCommand (1ms) [Parameters=[@__id_0='?' (DbType = Guid)], CommandType='"Text"', CommandTimeout='30']
SELECT `t`.`student_id`, `t`.`created_at`, `t`.`document_number`, `t`.`email`, `t`.`full_name`, `t`.`is_active`, `t`.`updated_at`, `t0`.`enrollment_id`, `t0`.`enrolled_at`, `t0`.`is_active`, `t0`.`professor_id`, `t0`.`student_id`, `t0`.`subject_id`, `t0`.`subject_id0`, `t0`.`credits`, `t0`.`name`, `t0`.`professor_id0`, `t0`.`professor_id1`, `t0`.`full_name`
FROM (
    SELECT `s`.`student_id`, `s`.`created_at`, `s`.`document_number`, `s`.`email`, `s`.`full_name`, `s`.`is_active`, `s`.`updated_at`
    FROM `students` AS `s`
    WHERE `s`.`student_id` = @__id_0
    LIMIT 1
) AS `t`
LEFT JOIN (
    SELECT `e`.`enrollment_id`, `e`.`enrolled_at`, `e`.`is_active`, `e`.`professor_id`, `e`.`student_id`, `e`.`subject_id`, `s0`.`subject_id` AS `subject_id0`, `s0`.`credits`, `s0`.`name`, `s0`.`professor_id` AS `professor_id0`, `p`.`professor_id` AS `professor_id1`, `p`.`full_name`
    FROM `enrollments` AS `e`
    INNER JOIN `subjects` AS `s0` ON `e`.`subject_id` = `s0`.`subject_id`
    INNER JOIN `professors` AS `p` ON `s0`.`professor_id` = `p`.`professor_id`
) AS `t0` ON `t`.`student_id` = `t0`.`student_id`
ORDER BY `t`.`student_id`, `t0`.`enrollment_id`, `t0`.`subject_id0`
2026-05-03 19:04:54.450 -05:00 [INF] Found 10 subjects
2026-05-03 19:04:54.455 -05:00 [INF] Student "78b82ddc-83fd-4529-9765-b4889ffe700c" retrieved
2026-05-03 19:04:54.456 -05:00 [INF] Executing OkObjectResult, writing value of type 'System.Collections.Generic.List`1[[StudentRegistration.Application.DTOs.SubjectDto, StudentRegistration.Application, Version=1.0.0.0, Culture=neutral, PublicKeyToken=null]]'.
2026-05-03 19:04:54.456 -05:00 [INF] Executing OkObjectResult, writing value of type 'StudentRegistration.Application.DTOs.StudentDto'.
2026-05-03 19:04:54.457 -05:00 [INF] Executed action StudentRegistration.Presentation.Controllers.SubjectsController.GetAll (StudentRegistration.Presentation) in 22.5766ms
2026-05-03 19:04:54.459 -05:00 [INF] Executed action StudentRegistration.Presentation.Controllers.StudentsController.GetById (StudentRegistration.Presentation) in 22.8051ms
2026-05-03 19:04:54.460 -05:00 [INF] Executed endpoint 'StudentRegistration.Presentation.Controllers.SubjectsController.GetAll (StudentRegistration.Presentation)'
2026-05-03 19:04:54.461 -05:00 [INF] Executed endpoint 'StudentRegistration.Presentation.Controllers.StudentsController.GetById (StudentRegistration.Presentation)'
2026-05-03 19:04:54.462 -05:00 [INF] HTTP GET /api/v1/subjects responded 200 in 33.5721 ms
2026-05-03 19:04:54.463 -05:00 [INF] HTTP GET /api/v1/students/78b82ddc-83fd-4529-9765-b4889ffe700c responded 200 in 31.0641 ms
2026-05-03 19:04:54.464 -05:00 [INF] Request finished HTTP/1.1 GET https://localhost:7082/api/v1/subjects - 200 null application/json; charset=utf-8 41.1312ms
2026-05-03 19:04:54.466 -05:00 [INF] Request finished HTTP/1.1 GET https://localhost:7082/api/v1/students/78b82ddc-83fd-4529-9765-b4889ffe700c - 200 null application/json; charset=utf-8 42.3128ms
2026-05-03 19:05:06.273 -05:00 [INF] Request starting HTTP/1.1 GET https://localhost:7082/api/v1/students/78b82ddc-83fd-4529-9765-b4889ffe700c - null null
2026-05-03 19:05:06.273 -05:00 [INF] Request starting HTTP/1.1 GET https://localhost:7082/api/v1/subjects - null null
2026-05-03 19:05:06.276 -05:00 [INF] Executing endpoint 'StudentRegistration.Presentation.Controllers.StudentsController.GetById (StudentRegistration.Presentation)'
2026-05-03 19:05:06.280 -05:00 [INF] Executing endpoint 'StudentRegistration.Presentation.Controllers.SubjectsController.GetAll (StudentRegistration.Presentation)'
2026-05-03 19:05:06.281 -05:00 [INF] Route matched with {action = "GetById", controller = "Students"}. Executing controller action with signature System.Threading.Tasks.Task`1[Microsoft.AspNetCore.Mvc.IActionResult] GetById(System.Guid, System.Threading.CancellationToken) on controller StudentRegistration.Presentation.Controllers.StudentsController (StudentRegistration.Presentation).
2026-05-03 19:05:06.282 -05:00 [INF] Route matched with {action = "GetAll", controller = "Subjects"}. Executing controller action with signature System.Threading.Tasks.Task`1[Microsoft.AspNetCore.Mvc.IActionResult] GetAll(System.Threading.CancellationToken) on controller StudentRegistration.Presentation.Controllers.SubjectsController (StudentRegistration.Presentation).
2026-05-03 19:05:06.284 -05:00 [INF] Getting student "78b82ddc-83fd-4529-9765-b4889ffe700c"
2026-05-03 19:05:06.285 -05:00 [INF] Getting all subjects
2026-05-03 19:05:06.290 -05:00 [INF] Executed DbCommand (2ms) [Parameters=[@__id_0='?' (DbType = Guid)], CommandType='"Text"', CommandTimeout='30']
SELECT `t`.`student_id`, `t`.`created_at`, `t`.`document_number`, `t`.`email`, `t`.`full_name`, `t`.`is_active`, `t`.`updated_at`, `t0`.`enrollment_id`, `t0`.`enrolled_at`, `t0`.`is_active`, `t0`.`professor_id`, `t0`.`student_id`, `t0`.`subject_id`, `t0`.`subject_id0`, `t0`.`credits`, `t0`.`name`, `t0`.`professor_id0`, `t0`.`professor_id1`, `t0`.`full_name`
FROM (
    SELECT `s`.`student_id`, `s`.`created_at`, `s`.`document_number`, `s`.`email`, `s`.`full_name`, `s`.`is_active`, `s`.`updated_at`
    FROM `students` AS `s`
    WHERE `s`.`student_id` = @__id_0
    LIMIT 1
) AS `t`
LEFT JOIN (
    SELECT `e`.`enrollment_id`, `e`.`enrolled_at`, `e`.`is_active`, `e`.`professor_id`, `e`.`student_id`, `e`.`subject_id`, `s0`.`subject_id` AS `subject_id0`, `s0`.`credits`, `s0`.`name`, `s0`.`professor_id` AS `professor_id0`, `p`.`professor_id` AS `professor_id1`, `p`.`full_name`
    FROM `enrollments` AS `e`
    INNER JOIN `subjects` AS `s0` ON `e`.`subject_id` = `s0`.`subject_id`
    INNER JOIN `professors` AS `p` ON `s0`.`professor_id` = `p`.`professor_id`
) AS `t0` ON `t`.`student_id` = `t0`.`student_id`
ORDER BY `t`.`student_id`, `t0`.`enrollment_id`, `t0`.`subject_id0`
2026-05-03 19:05:06.293 -05:00 [INF] Executed DbCommand (2ms) [Parameters=[], CommandType='"Text"', CommandTimeout='30']
SELECT `s`.`subject_id`, `s`.`credits`, `s`.`name`, `s`.`professor_id`, `p`.`professor_id`, `p`.`full_name`
FROM `subjects` AS `s`
INNER JOIN `professors` AS `p` ON `s`.`professor_id` = `p`.`professor_id`
2026-05-03 19:05:06.295 -05:00 [INF] Student "78b82ddc-83fd-4529-9765-b4889ffe700c" retrieved
2026-05-03 19:05:06.296 -05:00 [INF] Found 10 subjects
2026-05-03 19:05:06.297 -05:00 [INF] Executing OkObjectResult, writing value of type 'StudentRegistration.Application.DTOs.StudentDto'.
2026-05-03 19:05:06.298 -05:00 [INF] Executing OkObjectResult, writing value of type 'System.Collections.Generic.List`1[[StudentRegistration.Application.DTOs.SubjectDto, StudentRegistration.Application, Version=1.0.0.0, Culture=neutral, PublicKeyToken=null]]'.
2026-05-03 19:05:06.299 -05:00 [INF] Executed action StudentRegistration.Presentation.Controllers.StudentsController.GetById (StudentRegistration.Presentation) in 14.8821ms
2026-05-03 19:05:06.300 -05:00 [INF] Executed action StudentRegistration.Presentation.Controllers.SubjectsController.GetAll (StudentRegistration.Presentation) in 14.4517ms
2026-05-03 19:05:06.301 -05:00 [INF] Executed endpoint 'StudentRegistration.Presentation.Controllers.StudentsController.GetById (StudentRegistration.Presentation)'
2026-05-03 19:05:06.302 -05:00 [INF] Executed endpoint 'StudentRegistration.Presentation.Controllers.SubjectsController.GetAll (StudentRegistration.Presentation)'
2026-05-03 19:05:06.303 -05:00 [INF] HTTP GET /api/v1/students/78b82ddc-83fd-4529-9765-b4889ffe700c responded 200 in 26.2317 ms
2026-05-03 19:05:06.303 -05:00 [INF] HTTP GET /api/v1/subjects responded 200 in 23.8224 ms
2026-05-03 19:05:06.305 -05:00 [INF] Request finished HTTP/1.1 GET https://localhost:7082/api/v1/students/78b82ddc-83fd-4529-9765-b4889ffe700c - 200 null application/json; charset=utf-8 32.2662ms
2026-05-03 19:05:06.306 -05:00 [INF] Request finished HTTP/1.1 GET https://localhost:7082/api/v1/subjects - 200 null application/json; charset=utf-8 33.2433ms
2026-05-03 19:05:29.671 -05:00 [INF] Request starting HTTP/1.1 GET https://localhost:7082/api/v1/students/78b82ddc-83fd-4529-9765-b4889ffe700c - null null
2026-05-03 19:05:29.674 -05:00 [INF] Request starting HTTP/1.1 GET https://localhost:7082/api/v1/subjects - null null
2026-05-03 19:05:29.681 -05:00 [INF] Executing endpoint 'StudentRegistration.Presentation.Controllers.StudentsController.GetById (StudentRegistration.Presentation)'
2026-05-03 19:05:29.683 -05:00 [INF] Executing endpoint 'StudentRegistration.Presentation.Controllers.SubjectsController.GetAll (StudentRegistration.Presentation)'
2026-05-03 19:05:29.684 -05:00 [INF] Route matched with {action = "GetById", controller = "Students"}. Executing controller action with signature System.Threading.Tasks.Task`1[Microsoft.AspNetCore.Mvc.IActionResult] GetById(System.Guid, System.Threading.CancellationToken) on controller StudentRegistration.Presentation.Controllers.StudentsController (StudentRegistration.Presentation).
2026-05-03 19:05:29.685 -05:00 [INF] Route matched with {action = "GetAll", controller = "Subjects"}. Executing controller action with signature System.Threading.Tasks.Task`1[Microsoft.AspNetCore.Mvc.IActionResult] GetAll(System.Threading.CancellationToken) on controller StudentRegistration.Presentation.Controllers.SubjectsController (StudentRegistration.Presentation).
2026-05-03 19:05:29.687 -05:00 [INF] Getting student "78b82ddc-83fd-4529-9765-b4889ffe700c"
2026-05-03 19:05:29.688 -05:00 [INF] Getting all subjects
2026-05-03 19:05:29.694 -05:00 [INF] Executed DbCommand (3ms) [Parameters=[@__id_0='?' (DbType = Guid)], CommandType='"Text"', CommandTimeout='30']
SELECT `t`.`student_id`, `t`.`created_at`, `t`.`document_number`, `t`.`email`, `t`.`full_name`, `t`.`is_active`, `t`.`updated_at`, `t0`.`enrollment_id`, `t0`.`enrolled_at`, `t0`.`is_active`, `t0`.`professor_id`, `t0`.`student_id`, `t0`.`subject_id`, `t0`.`subject_id0`, `t0`.`credits`, `t0`.`name`, `t0`.`professor_id0`, `t0`.`professor_id1`, `t0`.`full_name`
FROM (
    SELECT `s`.`student_id`, `s`.`created_at`, `s`.`document_number`, `s`.`email`, `s`.`full_name`, `s`.`is_active`, `s`.`updated_at`
    FROM `students` AS `s`
    WHERE `s`.`student_id` = @__id_0
    LIMIT 1
) AS `t`
LEFT JOIN (
    SELECT `e`.`enrollment_id`, `e`.`enrolled_at`, `e`.`is_active`, `e`.`professor_id`, `e`.`student_id`, `e`.`subject_id`, `s0`.`subject_id` AS `subject_id0`, `s0`.`credits`, `s0`.`name`, `s0`.`professor_id` AS `professor_id0`, `p`.`professor_id` AS `professor_id1`, `p`.`full_name`
    FROM `enrollments` AS `e`
    INNER JOIN `subjects` AS `s0` ON `e`.`subject_id` = `s0`.`subject_id`
    INNER JOIN `professors` AS `p` ON `s0`.`professor_id` = `p`.`professor_id`
) AS `t0` ON `t`.`student_id` = `t0`.`student_id`
ORDER BY `t`.`student_id`, `t0`.`enrollment_id`, `t0`.`subject_id0`
2026-05-03 19:05:29.695 -05:00 [INF] Executed DbCommand (3ms) [Parameters=[], CommandType='"Text"', CommandTimeout='30']
SELECT `s`.`subject_id`, `s`.`credits`, `s`.`name`, `s`.`professor_id`, `p`.`professor_id`, `p`.`full_name`
FROM `subjects` AS `s`
INNER JOIN `professors` AS `p` ON `s`.`professor_id` = `p`.`professor_id`
2026-05-03 19:05:29.701 -05:00 [INF] Student "78b82ddc-83fd-4529-9765-b4889ffe700c" retrieved
2026-05-03 19:05:29.703 -05:00 [INF] Found 10 subjects
2026-05-03 19:05:29.704 -05:00 [INF] Executing OkObjectResult, writing value of type 'StudentRegistration.Application.DTOs.StudentDto'.
2026-05-03 19:05:29.705 -05:00 [INF] Executing OkObjectResult, writing value of type 'System.Collections.Generic.List`1[[StudentRegistration.Application.DTOs.SubjectDto, StudentRegistration.Application, Version=1.0.0.0, Culture=neutral, PublicKeyToken=null]]'.
2026-05-03 19:05:29.707 -05:00 [INF] Executed action StudentRegistration.Presentation.Controllers.StudentsController.GetById (StudentRegistration.Presentation) in 20.3497ms
2026-05-03 19:05:29.710 -05:00 [INF] Executed action StudentRegistration.Presentation.Controllers.SubjectsController.GetAll (StudentRegistration.Presentation) in 22.1867ms
2026-05-03 19:05:29.712 -05:00 [INF] Executed endpoint 'StudentRegistration.Presentation.Controllers.StudentsController.GetById (StudentRegistration.Presentation)'
2026-05-03 19:05:29.713 -05:00 [INF] Executed endpoint 'StudentRegistration.Presentation.Controllers.SubjectsController.GetAll (StudentRegistration.Presentation)'
2026-05-03 19:05:29.714 -05:00 [INF] HTTP GET /api/v1/students/78b82ddc-83fd-4529-9765-b4889ffe700c responded 200 in 33.1963 ms
2026-05-03 19:05:29.715 -05:00 [INF] HTTP GET /api/v1/subjects responded 200 in 32.3763 ms
2026-05-03 19:05:29.718 -05:00 [INF] Request finished HTTP/1.1 GET https://localhost:7082/api/v1/students/78b82ddc-83fd-4529-9765-b4889ffe700c - 200 null application/json; charset=utf-8 47.5626ms
2026-05-03 19:05:29.721 -05:00 [INF] Request finished HTTP/1.1 GET https://localhost:7082/api/v1/subjects - 200 null application/json; charset=utf-8 47.1783ms
2026-05-03 19:06:46.101 -05:00 [INF] Request starting HTTP/1.1 GET https://localhost:7082/api/v1/students/78b82ddc-83fd-4529-9765-b4889ffe700c - null null
2026-05-03 19:06:46.101 -05:00 [INF] Request starting HTTP/1.1 GET https://localhost:7082/api/v1/subjects - null null
2026-05-03 19:06:46.107 -05:00 [INF] Executing endpoint 'StudentRegistration.Presentation.Controllers.StudentsController.GetById (StudentRegistration.Presentation)'
2026-05-03 19:06:46.108 -05:00 [INF] Executing endpoint 'StudentRegistration.Presentation.Controllers.SubjectsController.GetAll (StudentRegistration.Presentation)'
2026-05-03 19:06:46.109 -05:00 [INF] Route matched with {action = "GetById", controller = "Students"}. Executing controller action with signature System.Threading.Tasks.Task`1[Microsoft.AspNetCore.Mvc.IActionResult] GetById(System.Guid, System.Threading.CancellationToken) on controller StudentRegistration.Presentation.Controllers.StudentsController (StudentRegistration.Presentation).
2026-05-03 19:06:46.110 -05:00 [INF] Route matched with {action = "GetAll", controller = "Subjects"}. Executing controller action with signature System.Threading.Tasks.Task`1[Microsoft.AspNetCore.Mvc.IActionResult] GetAll(System.Threading.CancellationToken) on controller StudentRegistration.Presentation.Controllers.SubjectsController (StudentRegistration.Presentation).
2026-05-03 19:06:46.114 -05:00 [INF] Getting student "78b82ddc-83fd-4529-9765-b4889ffe700c"
2026-05-03 19:06:46.115 -05:00 [INF] Getting all subjects
2026-05-03 19:06:46.120 -05:00 [INF] Executed DbCommand (0ms) [Parameters=[], CommandType='"Text"', CommandTimeout='30']
SELECT `s`.`subject_id`, `s`.`credits`, `s`.`name`, `s`.`professor_id`, `p`.`professor_id`, `p`.`full_name`
FROM `subjects` AS `s`
INNER JOIN `professors` AS `p` ON `s`.`professor_id` = `p`.`professor_id`
2026-05-03 19:06:46.121 -05:00 [INF] Executed DbCommand (3ms) [Parameters=[@__id_0='?' (DbType = Guid)], CommandType='"Text"', CommandTimeout='30']
SELECT `t`.`student_id`, `t`.`created_at`, `t`.`document_number`, `t`.`email`, `t`.`full_name`, `t`.`is_active`, `t`.`updated_at`, `t0`.`enrollment_id`, `t0`.`enrolled_at`, `t0`.`is_active`, `t0`.`professor_id`, `t0`.`student_id`, `t0`.`subject_id`, `t0`.`subject_id0`, `t0`.`credits`, `t0`.`name`, `t0`.`professor_id0`, `t0`.`professor_id1`, `t0`.`full_name`
FROM (
    SELECT `s`.`student_id`, `s`.`created_at`, `s`.`document_number`, `s`.`email`, `s`.`full_name`, `s`.`is_active`, `s`.`updated_at`
    FROM `students` AS `s`
    WHERE `s`.`student_id` = @__id_0
    LIMIT 1
) AS `t`
LEFT JOIN (
    SELECT `e`.`enrollment_id`, `e`.`enrolled_at`, `e`.`is_active`, `e`.`professor_id`, `e`.`student_id`, `e`.`subject_id`, `s0`.`subject_id` AS `subject_id0`, `s0`.`credits`, `s0`.`name`, `s0`.`professor_id` AS `professor_id0`, `p`.`professor_id` AS `professor_id1`, `p`.`full_name`
    FROM `enrollments` AS `e`
    INNER JOIN `subjects` AS `s0` ON `e`.`subject_id` = `s0`.`subject_id`
    INNER JOIN `professors` AS `p` ON `s0`.`professor_id` = `p`.`professor_id`
) AS `t0` ON `t`.`student_id` = `t0`.`student_id`
ORDER BY `t`.`student_id`, `t0`.`enrollment_id`, `t0`.`subject_id0`
2026-05-03 19:06:46.126 -05:00 [INF] Found 10 subjects
2026-05-03 19:06:46.128 -05:00 [INF] Student "78b82ddc-83fd-4529-9765-b4889ffe700c" retrieved
2026-05-03 19:06:46.128 -05:00 [INF] Executing OkObjectResult, writing value of type 'System.Collections.Generic.List`1[[StudentRegistration.Application.DTOs.SubjectDto, StudentRegistration.Application, Version=1.0.0.0, Culture=neutral, PublicKeyToken=null]]'.
2026-05-03 19:06:46.130 -05:00 [INF] Executing OkObjectResult, writing value of type 'StudentRegistration.Application.DTOs.StudentDto'.
2026-05-03 19:06:46.131 -05:00 [INF] Executed action StudentRegistration.Presentation.Controllers.SubjectsController.GetAll (StudentRegistration.Presentation) in 15.7148ms
2026-05-03 19:06:46.132 -05:00 [INF] Executed action StudentRegistration.Presentation.Controllers.StudentsController.GetById (StudentRegistration.Presentation) in 18.3542ms
2026-05-03 19:06:46.145 -05:00 [INF] Executed endpoint 'StudentRegistration.Presentation.Controllers.SubjectsController.GetAll (StudentRegistration.Presentation)'
2026-05-03 19:06:46.170 -05:00 [INF] HTTP GET /api/v1/subjects responded 200 in 61.9657 ms
2026-05-03 19:06:46.169 -05:00 [INF] Executed endpoint 'StudentRegistration.Presentation.Controllers.StudentsController.GetById (StudentRegistration.Presentation)'
2026-05-03 19:06:46.173 -05:00 [INF] Request finished HTTP/1.1 GET https://localhost:7082/api/v1/subjects - 200 null application/json; charset=utf-8 71.8271ms
2026-05-03 19:06:46.178 -05:00 [INF] HTTP GET /api/v1/students/78b82ddc-83fd-4529-9765-b4889ffe700c responded 200 in 70.8785 ms
2026-05-03 19:06:46.189 -05:00 [INF] Request finished HTTP/1.1 GET https://localhost:7082/api/v1/students/78b82ddc-83fd-4529-9765-b4889ffe700c - 200 null application/json; charset=utf-8 87.8036ms
2026-05-03 19:07:11.101 -05:00 [INF] Request starting HTTP/1.1 GET https://localhost:7082/api/v1/subjects - null null
2026-05-03 19:07:11.102 -05:00 [INF] Request starting HTTP/1.1 GET https://localhost:7082/api/v1/students/78b82ddc-83fd-4529-9765-b4889ffe700c - null null
2026-05-03 19:07:11.104 -05:00 [INF] Executing endpoint 'StudentRegistration.Presentation.Controllers.SubjectsController.GetAll (StudentRegistration.Presentation)'
2026-05-03 19:07:11.106 -05:00 [INF] Executing endpoint 'StudentRegistration.Presentation.Controllers.StudentsController.GetById (StudentRegistration.Presentation)'
2026-05-03 19:07:11.107 -05:00 [INF] Route matched with {action = "GetAll", controller = "Subjects"}. Executing controller action with signature System.Threading.Tasks.Task`1[Microsoft.AspNetCore.Mvc.IActionResult] GetAll(System.Threading.CancellationToken) on controller StudentRegistration.Presentation.Controllers.SubjectsController (StudentRegistration.Presentation).
2026-05-03 19:07:11.108 -05:00 [INF] Route matched with {action = "GetById", controller = "Students"}. Executing controller action with signature System.Threading.Tasks.Task`1[Microsoft.AspNetCore.Mvc.IActionResult] GetById(System.Guid, System.Threading.CancellationToken) on controller StudentRegistration.Presentation.Controllers.StudentsController (StudentRegistration.Presentation).
2026-05-03 19:07:11.109 -05:00 [INF] Getting all subjects
2026-05-03 19:07:11.110 -05:00 [INF] Getting student "78b82ddc-83fd-4529-9765-b4889ffe700c"
2026-05-03 19:07:11.120 -05:00 [INF] Executed DbCommand (6ms) [Parameters=[], CommandType='"Text"', CommandTimeout='30']
SELECT `s`.`subject_id`, `s`.`credits`, `s`.`name`, `s`.`professor_id`, `p`.`professor_id`, `p`.`full_name`
FROM `subjects` AS `s`
INNER JOIN `professors` AS `p` ON `s`.`professor_id` = `p`.`professor_id`
2026-05-03 19:07:11.131 -05:00 [INF] Executed DbCommand (10ms) [Parameters=[@__id_0='?' (DbType = Guid)], CommandType='"Text"', CommandTimeout='30']
SELECT `t`.`student_id`, `t`.`created_at`, `t`.`document_number`, `t`.`email`, `t`.`full_name`, `t`.`is_active`, `t`.`updated_at`, `t0`.`enrollment_id`, `t0`.`enrolled_at`, `t0`.`is_active`, `t0`.`professor_id`, `t0`.`student_id`, `t0`.`subject_id`, `t0`.`subject_id0`, `t0`.`credits`, `t0`.`name`, `t0`.`professor_id0`, `t0`.`professor_id1`, `t0`.`full_name`
FROM (
    SELECT `s`.`student_id`, `s`.`created_at`, `s`.`document_number`, `s`.`email`, `s`.`full_name`, `s`.`is_active`, `s`.`updated_at`
    FROM `students` AS `s`
    WHERE `s`.`student_id` = @__id_0
    LIMIT 1
) AS `t`
LEFT JOIN (
    SELECT `e`.`enrollment_id`, `e`.`enrolled_at`, `e`.`is_active`, `e`.`professor_id`, `e`.`student_id`, `e`.`subject_id`, `s0`.`subject_id` AS `subject_id0`, `s0`.`credits`, `s0`.`name`, `s0`.`professor_id` AS `professor_id0`, `p`.`professor_id` AS `professor_id1`, `p`.`full_name`
    FROM `enrollments` AS `e`
    INNER JOIN `subjects` AS `s0` ON `e`.`subject_id` = `s0`.`subject_id`
    INNER JOIN `professors` AS `p` ON `s0`.`professor_id` = `p`.`professor_id`
) AS `t0` ON `t`.`student_id` = `t0`.`student_id`
ORDER BY `t`.`student_id`, `t0`.`enrollment_id`, `t0`.`subject_id0`
2026-05-03 19:07:11.131 -05:00 [INF] Found 10 subjects
2026-05-03 19:07:11.133 -05:00 [INF] Student "78b82ddc-83fd-4529-9765-b4889ffe700c" retrieved
2026-05-03 19:07:11.134 -05:00 [INF] Executing OkObjectResult, writing value of type 'System.Collections.Generic.List`1[[StudentRegistration.Application.DTOs.SubjectDto, StudentRegistration.Application, Version=1.0.0.0, Culture=neutral, PublicKeyToken=null]]'.
2026-05-03 19:07:11.134 -05:00 [INF] Executing OkObjectResult, writing value of type 'StudentRegistration.Application.DTOs.StudentDto'.
2026-05-03 19:07:11.135 -05:00 [INF] Executed action StudentRegistration.Presentation.Controllers.SubjectsController.GetAll (StudentRegistration.Presentation) in 26.5485ms
2026-05-03 19:07:11.136 -05:00 [INF] Executed action StudentRegistration.Presentation.Controllers.StudentsController.GetById (StudentRegistration.Presentation) in 26.3277ms
2026-05-03 19:07:11.137 -05:00 [INF] Executed endpoint 'StudentRegistration.Presentation.Controllers.SubjectsController.GetAll (StudentRegistration.Presentation)'
2026-05-03 19:07:11.139 -05:00 [INF] Executed endpoint 'StudentRegistration.Presentation.Controllers.StudentsController.GetById (StudentRegistration.Presentation)'
2026-05-03 19:07:11.140 -05:00 [INF] HTTP GET /api/v1/subjects responded 200 in 35.5810 ms
2026-05-03 19:07:11.141 -05:00 [INF] HTTP GET /api/v1/students/78b82ddc-83fd-4529-9765-b4889ffe700c responded 200 in 34.6683 ms
2026-05-03 19:07:11.143 -05:00 [INF] Request finished HTTP/1.1 GET https://localhost:7082/api/v1/subjects - 200 null application/json; charset=utf-8 41.4862ms
2026-05-03 19:07:11.145 -05:00 [INF] Request finished HTTP/1.1 GET https://localhost:7082/api/v1/students/78b82ddc-83fd-4529-9765-b4889ffe700c - 200 null application/json; charset=utf-8 43.4661ms
2026-05-03 19:08:00.199 -05:00 [INF] Request starting HTTP/1.1 GET https://localhost:7082/api/v1/subjects - null null
2026-05-03 19:08:00.201 -05:00 [INF] Request starting HTTP/1.1 GET https://localhost:7082/api/v1/students/78b82ddc-83fd-4529-9765-b4889ffe700c - null null
2026-05-03 19:08:00.206 -05:00 [INF] Executing endpoint 'StudentRegistration.Presentation.Controllers.SubjectsController.GetAll (StudentRegistration.Presentation)'
2026-05-03 19:08:00.208 -05:00 [INF] Executing endpoint 'StudentRegistration.Presentation.Controllers.StudentsController.GetById (StudentRegistration.Presentation)'
2026-05-03 19:08:00.208 -05:00 [INF] Route matched with {action = "GetAll", controller = "Subjects"}. Executing controller action with signature System.Threading.Tasks.Task`1[Microsoft.AspNetCore.Mvc.IActionResult] GetAll(System.Threading.CancellationToken) on controller StudentRegistration.Presentation.Controllers.SubjectsController (StudentRegistration.Presentation).
2026-05-03 19:08:00.209 -05:00 [INF] Route matched with {action = "GetById", controller = "Students"}. Executing controller action with signature System.Threading.Tasks.Task`1[Microsoft.AspNetCore.Mvc.IActionResult] GetById(System.Guid, System.Threading.CancellationToken) on controller StudentRegistration.Presentation.Controllers.StudentsController (StudentRegistration.Presentation).
2026-05-03 19:08:00.211 -05:00 [INF] Getting all subjects
2026-05-03 19:08:00.213 -05:00 [INF] Getting student "78b82ddc-83fd-4529-9765-b4889ffe700c"
2026-05-03 19:08:00.221 -05:00 [INF] Executed DbCommand (5ms) [Parameters=[], CommandType='"Text"', CommandTimeout='30']
SELECT `s`.`subject_id`, `s`.`credits`, `s`.`name`, `s`.`professor_id`, `p`.`professor_id`, `p`.`full_name`
FROM `subjects` AS `s`
INNER JOIN `professors` AS `p` ON `s`.`professor_id` = `p`.`professor_id`
2026-05-03 19:08:00.230 -05:00 [INF] Executed DbCommand (2ms) [Parameters=[@__id_0='?' (DbType = Guid)], CommandType='"Text"', CommandTimeout='30']
SELECT `t`.`student_id`, `t`.`created_at`, `t`.`document_number`, `t`.`email`, `t`.`full_name`, `t`.`is_active`, `t`.`updated_at`, `t0`.`enrollment_id`, `t0`.`enrolled_at`, `t0`.`is_active`, `t0`.`professor_id`, `t0`.`student_id`, `t0`.`subject_id`, `t0`.`subject_id0`, `t0`.`credits`, `t0`.`name`, `t0`.`professor_id0`, `t0`.`professor_id1`, `t0`.`full_name`
FROM (
    SELECT `s`.`student_id`, `s`.`created_at`, `s`.`document_number`, `s`.`email`, `s`.`full_name`, `s`.`is_active`, `s`.`updated_at`
    FROM `students` AS `s`
    WHERE `s`.`student_id` = @__id_0
    LIMIT 1
) AS `t`
LEFT JOIN (
    SELECT `e`.`enrollment_id`, `e`.`enrolled_at`, `e`.`is_active`, `e`.`professor_id`, `e`.`student_id`, `e`.`subject_id`, `s0`.`subject_id` AS `subject_id0`, `s0`.`credits`, `s0`.`name`, `s0`.`professor_id` AS `professor_id0`, `p`.`professor_id` AS `professor_id1`, `p`.`full_name`
    FROM `enrollments` AS `e`
    INNER JOIN `subjects` AS `s0` ON `e`.`subject_id` = `s0`.`subject_id`
    INNER JOIN `professors` AS `p` ON `s0`.`professor_id` = `p`.`professor_id`
) AS `t0` ON `t`.`student_id` = `t0`.`student_id`
ORDER BY `t`.`student_id`, `t0`.`enrollment_id`, `t0`.`subject_id0`
2026-05-03 19:08:00.231 -05:00 [INF] Found 10 subjects
2026-05-03 19:08:00.232 -05:00 [INF] Student "78b82ddc-83fd-4529-9765-b4889ffe700c" retrieved
2026-05-03 19:08:00.234 -05:00 [INF] Executing OkObjectResult, writing value of type 'System.Collections.Generic.List`1[[StudentRegistration.Application.DTOs.SubjectDto, StudentRegistration.Application, Version=1.0.0.0, Culture=neutral, PublicKeyToken=null]]'.
2026-05-03 19:08:00.234 -05:00 [INF] Executing OkObjectResult, writing value of type 'StudentRegistration.Application.DTOs.StudentDto'.
2026-05-03 19:08:00.236 -05:00 [INF] Executed action StudentRegistration.Presentation.Controllers.SubjectsController.GetAll (StudentRegistration.Presentation) in 24.7293ms
2026-05-03 19:08:00.237 -05:00 [INF] Executed action StudentRegistration.Presentation.Controllers.StudentsController.GetById (StudentRegistration.Presentation) in 24.3857ms
2026-05-03 19:08:00.238 -05:00 [INF] Executed endpoint 'StudentRegistration.Presentation.Controllers.SubjectsController.GetAll (StudentRegistration.Presentation)'
2026-05-03 19:08:00.239 -05:00 [INF] Executed endpoint 'StudentRegistration.Presentation.Controllers.StudentsController.GetById (StudentRegistration.Presentation)'
2026-05-03 19:08:00.240 -05:00 [INF] HTTP GET /api/v1/subjects responded 200 in 33.9090 ms
2026-05-03 19:08:00.241 -05:00 [INF] HTTP GET /api/v1/students/78b82ddc-83fd-4529-9765-b4889ffe700c responded 200 in 33.3084 ms
2026-05-03 19:08:00.243 -05:00 [INF] Request finished HTTP/1.1 GET https://localhost:7082/api/v1/subjects - 200 null application/json; charset=utf-8 44.7311ms
2026-05-03 19:08:00.245 -05:00 [INF] Request finished HTTP/1.1 GET https://localhost:7082/api/v1/students/78b82ddc-83fd-4529-9765-b4889ffe700c - 200 null application/json; charset=utf-8 44.5455ms
2026-05-03 19:08:48.565 -05:00 [INF] Request starting HTTP/1.1 GET https://localhost:7082/api/v1/subjects - null null
2026-05-03 19:08:48.565 -05:00 [INF] Request starting HTTP/1.1 GET https://localhost:7082/api/v1/students/78b82ddc-83fd-4529-9765-b4889ffe700c - null null
2026-05-03 19:08:48.579 -05:00 [INF] Executing endpoint 'StudentRegistration.Presentation.Controllers.SubjectsController.GetAll (StudentRegistration.Presentation)'
2026-05-03 19:08:48.583 -05:00 [INF] Executing endpoint 'StudentRegistration.Presentation.Controllers.StudentsController.GetById (StudentRegistration.Presentation)'
2026-05-03 19:08:48.589 -05:00 [INF] Route matched with {action = "GetAll", controller = "Subjects"}. Executing controller action with signature System.Threading.Tasks.Task`1[Microsoft.AspNetCore.Mvc.IActionResult] GetAll(System.Threading.CancellationToken) on controller StudentRegistration.Presentation.Controllers.SubjectsController (StudentRegistration.Presentation).
2026-05-03 19:08:48.591 -05:00 [INF] Route matched with {action = "GetById", controller = "Students"}. Executing controller action with signature System.Threading.Tasks.Task`1[Microsoft.AspNetCore.Mvc.IActionResult] GetById(System.Guid, System.Threading.CancellationToken) on controller StudentRegistration.Presentation.Controllers.StudentsController (StudentRegistration.Presentation).
2026-05-03 19:08:48.593 -05:00 [INF] Getting all subjects
2026-05-03 19:08:48.596 -05:00 [INF] Getting student "78b82ddc-83fd-4529-9765-b4889ffe700c"
2026-05-03 19:08:48.613 -05:00 [INF] Executed DbCommand (8ms) [Parameters=[], CommandType='"Text"', CommandTimeout='30']
SELECT `s`.`subject_id`, `s`.`credits`, `s`.`name`, `s`.`professor_id`, `p`.`professor_id`, `p`.`full_name`
FROM `subjects` AS `s`
INNER JOIN `professors` AS `p` ON `s`.`professor_id` = `p`.`professor_id`
2026-05-03 19:08:48.619 -05:00 [INF] Executed DbCommand (11ms) [Parameters=[@__id_0='?' (DbType = Guid)], CommandType='"Text"', CommandTimeout='30']
SELECT `t`.`student_id`, `t`.`created_at`, `t`.`document_number`, `t`.`email`, `t`.`full_name`, `t`.`is_active`, `t`.`updated_at`, `t0`.`enrollment_id`, `t0`.`enrolled_at`, `t0`.`is_active`, `t0`.`professor_id`, `t0`.`student_id`, `t0`.`subject_id`, `t0`.`subject_id0`, `t0`.`credits`, `t0`.`name`, `t0`.`professor_id0`, `t0`.`professor_id1`, `t0`.`full_name`
FROM (
    SELECT `s`.`student_id`, `s`.`created_at`, `s`.`document_number`, `s`.`email`, `s`.`full_name`, `s`.`is_active`, `s`.`updated_at`
    FROM `students` AS `s`
    WHERE `s`.`student_id` = @__id_0
    LIMIT 1
) AS `t`
LEFT JOIN (
    SELECT `e`.`enrollment_id`, `e`.`enrolled_at`, `e`.`is_active`, `e`.`professor_id`, `e`.`student_id`, `e`.`subject_id`, `s0`.`subject_id` AS `subject_id0`, `s0`.`credits`, `s0`.`name`, `s0`.`professor_id` AS `professor_id0`, `p`.`professor_id` AS `professor_id1`, `p`.`full_name`
    FROM `enrollments` AS `e`
    INNER JOIN `subjects` AS `s0` ON `e`.`subject_id` = `s0`.`subject_id`
    INNER JOIN `professors` AS `p` ON `s0`.`professor_id` = `p`.`professor_id`
) AS `t0` ON `t`.`student_id` = `t0`.`student_id`
ORDER BY `t`.`student_id`, `t0`.`enrollment_id`, `t0`.`subject_id0`
2026-05-03 19:08:48.624 -05:00 [INF] Found 10 subjects
2026-05-03 19:08:48.630 -05:00 [INF] Student "78b82ddc-83fd-4529-9765-b4889ffe700c" retrieved
2026-05-03 19:08:48.632 -05:00 [INF] Executing OkObjectResult, writing value of type 'System.Collections.Generic.List`1[[StudentRegistration.Application.DTOs.SubjectDto, StudentRegistration.Application, Version=1.0.0.0, Culture=neutral, PublicKeyToken=null]]'.
2026-05-03 19:08:48.647 -05:00 [INF] Executed action StudentRegistration.Presentation.Controllers.SubjectsController.GetAll (StudentRegistration.Presentation) in 54.0882ms
2026-05-03 19:08:48.642 -05:00 [INF] Executing OkObjectResult, writing value of type 'StudentRegistration.Application.DTOs.StudentDto'.
2026-05-03 19:08:48.681 -05:00 [INF] Executed action StudentRegistration.Presentation.Controllers.StudentsController.GetById (StudentRegistration.Presentation) in 85.592ms
2026-05-03 19:08:48.686 -05:00 [INF] Executed endpoint 'StudentRegistration.Presentation.Controllers.StudentsController.GetById (StudentRegistration.Presentation)'
2026-05-03 19:08:48.665 -05:00 [INF] Executed endpoint 'StudentRegistration.Presentation.Controllers.SubjectsController.GetAll (StudentRegistration.Presentation)'
2026-05-03 19:08:48.690 -05:00 [INF] HTTP GET /api/v1/students/78b82ddc-83fd-4529-9765-b4889ffe700c responded 200 in 107.8736 ms
2026-05-03 19:08:48.695 -05:00 [INF] HTTP GET /api/v1/subjects responded 200 in 116.4591 ms
2026-05-03 19:08:48.704 -05:00 [INF] Request finished HTTP/1.1 GET https://localhost:7082/api/v1/students/78b82ddc-83fd-4529-9765-b4889ffe700c - 200 null application/json; charset=utf-8 138.4672ms
2026-05-03 19:08:48.707 -05:00 [INF] Request finished HTTP/1.1 GET https://localhost:7082/api/v1/subjects - 200 null application/json; charset=utf-8 141.5612ms
2026-05-03 19:10:55.098 -05:00 [INF] Request starting HTTP/1.1 GET https://localhost:7082/api/v1/subjects - null null
2026-05-03 19:10:55.098 -05:00 [INF] Request starting HTTP/1.1 GET https://localhost:7082/api/v1/students/78b82ddc-83fd-4529-9765-b4889ffe700c - null null
2026-05-03 19:10:55.106 -05:00 [INF] Executing endpoint 'StudentRegistration.Presentation.Controllers.SubjectsController.GetAll (StudentRegistration.Presentation)'
2026-05-03 19:10:55.108 -05:00 [INF] Executing endpoint 'StudentRegistration.Presentation.Controllers.StudentsController.GetById (StudentRegistration.Presentation)'
2026-05-03 19:10:55.109 -05:00 [INF] Route matched with {action = "GetAll", controller = "Subjects"}. Executing controller action with signature System.Threading.Tasks.Task`1[Microsoft.AspNetCore.Mvc.IActionResult] GetAll(System.Threading.CancellationToken) on controller StudentRegistration.Presentation.Controllers.SubjectsController (StudentRegistration.Presentation).
2026-05-03 19:10:55.110 -05:00 [INF] Route matched with {action = "GetById", controller = "Students"}. Executing controller action with signature System.Threading.Tasks.Task`1[Microsoft.AspNetCore.Mvc.IActionResult] GetById(System.Guid, System.Threading.CancellationToken) on controller StudentRegistration.Presentation.Controllers.StudentsController (StudentRegistration.Presentation).
2026-05-03 19:10:55.112 -05:00 [INF] Getting all subjects
2026-05-03 19:10:55.113 -05:00 [INF] Getting student "78b82ddc-83fd-4529-9765-b4889ffe700c"
2026-05-03 19:10:55.118 -05:00 [INF] Executed DbCommand (2ms) [Parameters=[], CommandType='"Text"', CommandTimeout='30']
SELECT `s`.`subject_id`, `s`.`credits`, `s`.`name`, `s`.`professor_id`, `p`.`professor_id`, `p`.`full_name`
FROM `subjects` AS `s`
INNER JOIN `professors` AS `p` ON `s`.`professor_id` = `p`.`professor_id`
2026-05-03 19:10:55.120 -05:00 [INF] Executed DbCommand (2ms) [Parameters=[@__id_0='?' (DbType = Guid)], CommandType='"Text"', CommandTimeout='30']
SELECT `t`.`student_id`, `t`.`created_at`, `t`.`document_number`, `t`.`email`, `t`.`full_name`, `t`.`is_active`, `t`.`updated_at`, `t0`.`enrollment_id`, `t0`.`enrolled_at`, `t0`.`is_active`, `t0`.`professor_id`, `t0`.`student_id`, `t0`.`subject_id`, `t0`.`subject_id0`, `t0`.`credits`, `t0`.`name`, `t0`.`professor_id0`, `t0`.`professor_id1`, `t0`.`full_name`
FROM (
    SELECT `s`.`student_id`, `s`.`created_at`, `s`.`document_number`, `s`.`email`, `s`.`full_name`, `s`.`is_active`, `s`.`updated_at`
    FROM `students` AS `s`
    WHERE `s`.`student_id` = @__id_0
    LIMIT 1
) AS `t`
LEFT JOIN (
    SELECT `e`.`enrollment_id`, `e`.`enrolled_at`, `e`.`is_active`, `e`.`professor_id`, `e`.`student_id`, `e`.`subject_id`, `s0`.`subject_id` AS `subject_id0`, `s0`.`credits`, `s0`.`name`, `s0`.`professor_id` AS `professor_id0`, `p`.`professor_id` AS `professor_id1`, `p`.`full_name`
    FROM `enrollments` AS `e`
    INNER JOIN `subjects` AS `s0` ON `e`.`subject_id` = `s0`.`subject_id`
    INNER JOIN `professors` AS `p` ON `s0`.`professor_id` = `p`.`professor_id`
) AS `t0` ON `t`.`student_id` = `t0`.`student_id`
ORDER BY `t`.`student_id`, `t0`.`enrollment_id`, `t0`.`subject_id0`
2026-05-03 19:10:55.127 -05:00 [INF] Found 10 subjects
2026-05-03 19:10:55.129 -05:00 [INF] Student "78b82ddc-83fd-4529-9765-b4889ffe700c" retrieved
2026-05-03 19:10:55.129 -05:00 [INF] Executing OkObjectResult, writing value of type 'System.Collections.Generic.List`1[[StudentRegistration.Application.DTOs.SubjectDto, StudentRegistration.Application, Version=1.0.0.0, Culture=neutral, PublicKeyToken=null]]'.
2026-05-03 19:10:55.130 -05:00 [INF] Executing OkObjectResult, writing value of type 'StudentRegistration.Application.DTOs.StudentDto'.
2026-05-03 19:10:55.131 -05:00 [INF] Executed action StudentRegistration.Presentation.Controllers.SubjectsController.GetAll (StudentRegistration.Presentation) in 19.5967ms
2026-05-03 19:10:55.132 -05:00 [INF] Executed action StudentRegistration.Presentation.Controllers.StudentsController.GetById (StudentRegistration.Presentation) in 19.1007ms
2026-05-03 19:10:55.134 -05:00 [INF] Executed endpoint 'StudentRegistration.Presentation.Controllers.SubjectsController.GetAll (StudentRegistration.Presentation)'
2026-05-03 19:10:55.135 -05:00 [INF] Executed endpoint 'StudentRegistration.Presentation.Controllers.StudentsController.GetById (StudentRegistration.Presentation)'
2026-05-03 19:10:55.136 -05:00 [INF] HTTP GET /api/v1/subjects responded 200 in 29.5612 ms
2026-05-03 19:10:55.137 -05:00 [INF] HTTP GET /api/v1/students/78b82ddc-83fd-4529-9765-b4889ffe700c responded 200 in 28.6843 ms
2026-05-03 19:10:55.138 -05:00 [INF] Request finished HTTP/1.1 GET https://localhost:7082/api/v1/subjects - 200 null application/json; charset=utf-8 40.9254ms
2026-05-03 19:10:55.140 -05:00 [INF] Request finished HTTP/1.1 GET https://localhost:7082/api/v1/students/78b82ddc-83fd-4529-9765-b4889ffe700c - 200 null application/json; charset=utf-8 42.9745ms
2026-05-03 19:10:55.829 -05:00 [INF] Request starting HTTP/1.1 GET https://localhost:7082/api/v1/students/78b82ddc-83fd-4529-9765-b4889ffe700c - null null
2026-05-03 19:10:55.829 -05:00 [INF] Request starting HTTP/1.1 GET https://localhost:7082/api/v1/subjects - null null
2026-05-03 19:10:55.831 -05:00 [INF] Executing endpoint 'StudentRegistration.Presentation.Controllers.StudentsController.GetById (StudentRegistration.Presentation)'
2026-05-03 19:10:55.832 -05:00 [INF] Executing endpoint 'StudentRegistration.Presentation.Controllers.SubjectsController.GetAll (StudentRegistration.Presentation)'
2026-05-03 19:10:55.833 -05:00 [INF] Route matched with {action = "GetById", controller = "Students"}. Executing controller action with signature System.Threading.Tasks.Task`1[Microsoft.AspNetCore.Mvc.IActionResult] GetById(System.Guid, System.Threading.CancellationToken) on controller StudentRegistration.Presentation.Controllers.StudentsController (StudentRegistration.Presentation).
2026-05-03 19:10:55.834 -05:00 [INF] Route matched with {action = "GetAll", controller = "Subjects"}. Executing controller action with signature System.Threading.Tasks.Task`1[Microsoft.AspNetCore.Mvc.IActionResult] GetAll(System.Threading.CancellationToken) on controller StudentRegistration.Presentation.Controllers.SubjectsController (StudentRegistration.Presentation).
2026-05-03 19:10:55.836 -05:00 [INF] Getting student "78b82ddc-83fd-4529-9765-b4889ffe700c"
2026-05-03 19:10:55.839 -05:00 [INF] Getting all subjects
2026-05-03 19:10:55.845 -05:00 [INF] Executed DbCommand (2ms) [Parameters=[], CommandType='"Text"', CommandTimeout='30']
SELECT `s`.`subject_id`, `s`.`credits`, `s`.`name`, `s`.`professor_id`, `p`.`professor_id`, `p`.`full_name`
FROM `subjects` AS `s`
INNER JOIN `professors` AS `p` ON `s`.`professor_id` = `p`.`professor_id`
2026-05-03 19:10:55.845 -05:00 [INF] Executed DbCommand (3ms) [Parameters=[@__id_0='?' (DbType = Guid)], CommandType='"Text"', CommandTimeout='30']
SELECT `t`.`student_id`, `t`.`created_at`, `t`.`document_number`, `t`.`email`, `t`.`full_name`, `t`.`is_active`, `t`.`updated_at`, `t0`.`enrollment_id`, `t0`.`enrolled_at`, `t0`.`is_active`, `t0`.`professor_id`, `t0`.`student_id`, `t0`.`subject_id`, `t0`.`subject_id0`, `t0`.`credits`, `t0`.`name`, `t0`.`professor_id0`, `t0`.`professor_id1`, `t0`.`full_name`
FROM (
    SELECT `s`.`student_id`, `s`.`created_at`, `s`.`document_number`, `s`.`email`, `s`.`full_name`, `s`.`is_active`, `s`.`updated_at`
    FROM `students` AS `s`
    WHERE `s`.`student_id` = @__id_0
    LIMIT 1
) AS `t`
LEFT JOIN (
    SELECT `e`.`enrollment_id`, `e`.`enrolled_at`, `e`.`is_active`, `e`.`professor_id`, `e`.`student_id`, `e`.`subject_id`, `s0`.`subject_id` AS `subject_id0`, `s0`.`credits`, `s0`.`name`, `s0`.`professor_id` AS `professor_id0`, `p`.`professor_id` AS `professor_id1`, `p`.`full_name`
    FROM `enrollments` AS `e`
    INNER JOIN `subjects` AS `s0` ON `e`.`subject_id` = `s0`.`subject_id`
    INNER JOIN `professors` AS `p` ON `s0`.`professor_id` = `p`.`professor_id`
) AS `t0` ON `t`.`student_id` = `t0`.`student_id`
ORDER BY `t`.`student_id`, `t0`.`enrollment_id`, `t0`.`subject_id0`
2026-05-03 19:10:55.852 -05:00 [INF] Found 10 subjects
2026-05-03 19:10:55.853 -05:00 [INF] Student "78b82ddc-83fd-4529-9765-b4889ffe700c" retrieved
2026-05-03 19:10:55.854 -05:00 [INF] Executing OkObjectResult, writing value of type 'System.Collections.Generic.List`1[[StudentRegistration.Application.DTOs.SubjectDto, StudentRegistration.Application, Version=1.0.0.0, Culture=neutral, PublicKeyToken=null]]'.
2026-05-03 19:10:55.855 -05:00 [INF] Executing OkObjectResult, writing value of type 'StudentRegistration.Application.DTOs.StudentDto'.
2026-05-03 19:10:55.857 -05:00 [INF] Executed action StudentRegistration.Presentation.Controllers.SubjectsController.GetAll (StudentRegistration.Presentation) in 18.1188ms
2026-05-03 19:10:55.858 -05:00 [INF] Executed action StudentRegistration.Presentation.Controllers.StudentsController.GetById (StudentRegistration.Presentation) in 21.9983ms
2026-05-03 19:10:55.859 -05:00 [INF] Executed endpoint 'StudentRegistration.Presentation.Controllers.SubjectsController.GetAll (StudentRegistration.Presentation)'
2026-05-03 19:10:55.860 -05:00 [INF] Executed endpoint 'StudentRegistration.Presentation.Controllers.StudentsController.GetById (StudentRegistration.Presentation)'
2026-05-03 19:10:55.861 -05:00 [INF] HTTP GET /api/v1/subjects responded 200 in 28.2747 ms
2026-05-03 19:10:55.862 -05:00 [INF] HTTP GET /api/v1/students/78b82ddc-83fd-4529-9765-b4889ffe700c responded 200 in 30.9158 ms
2026-05-03 19:10:55.863 -05:00 [INF] Request finished HTTP/1.1 GET https://localhost:7082/api/v1/subjects - 200 null application/json; charset=utf-8 33.9477ms
2026-05-03 19:10:55.865 -05:00 [INF] Request finished HTTP/1.1 GET https://localhost:7082/api/v1/students/78b82ddc-83fd-4529-9765-b4889ffe700c - 200 null application/json; charset=utf-8 36.1083ms
2026-05-03 19:11:45.429 -05:00 [INF] Request starting HTTP/1.1 GET https://localhost:7082/api/v1/students/78b82ddc-83fd-4529-9765-b4889ffe700c - null null
2026-05-03 19:11:45.429 -05:00 [INF] Request starting HTTP/1.1 GET https://localhost:7082/api/v1/subjects - null null
2026-05-03 19:11:45.435 -05:00 [INF] Executing endpoint 'StudentRegistration.Presentation.Controllers.StudentsController.GetById (StudentRegistration.Presentation)'
2026-05-03 19:11:45.438 -05:00 [INF] Executing endpoint 'StudentRegistration.Presentation.Controllers.SubjectsController.GetAll (StudentRegistration.Presentation)'
2026-05-03 19:11:45.439 -05:00 [INF] Route matched with {action = "GetById", controller = "Students"}. Executing controller action with signature System.Threading.Tasks.Task`1[Microsoft.AspNetCore.Mvc.IActionResult] GetById(System.Guid, System.Threading.CancellationToken) on controller StudentRegistration.Presentation.Controllers.StudentsController (StudentRegistration.Presentation).
2026-05-03 19:11:45.441 -05:00 [INF] Route matched with {action = "GetAll", controller = "Subjects"}. Executing controller action with signature System.Threading.Tasks.Task`1[Microsoft.AspNetCore.Mvc.IActionResult] GetAll(System.Threading.CancellationToken) on controller StudentRegistration.Presentation.Controllers.SubjectsController (StudentRegistration.Presentation).
2026-05-03 19:11:45.443 -05:00 [INF] Getting student "78b82ddc-83fd-4529-9765-b4889ffe700c"
2026-05-03 19:11:45.444 -05:00 [INF] Getting all subjects
2026-05-03 19:11:45.449 -05:00 [INF] Executed DbCommand (3ms) [Parameters=[@__id_0='?' (DbType = Guid)], CommandType='"Text"', CommandTimeout='30']
SELECT `t`.`student_id`, `t`.`created_at`, `t`.`document_number`, `t`.`email`, `t`.`full_name`, `t`.`is_active`, `t`.`updated_at`, `t0`.`enrollment_id`, `t0`.`enrolled_at`, `t0`.`is_active`, `t0`.`professor_id`, `t0`.`student_id`, `t0`.`subject_id`, `t0`.`subject_id0`, `t0`.`credits`, `t0`.`name`, `t0`.`professor_id0`, `t0`.`professor_id1`, `t0`.`full_name`
FROM (
    SELECT `s`.`student_id`, `s`.`created_at`, `s`.`document_number`, `s`.`email`, `s`.`full_name`, `s`.`is_active`, `s`.`updated_at`
    FROM `students` AS `s`
    WHERE `s`.`student_id` = @__id_0
    LIMIT 1
) AS `t`
LEFT JOIN (
    SELECT `e`.`enrollment_id`, `e`.`enrolled_at`, `e`.`is_active`, `e`.`professor_id`, `e`.`student_id`, `e`.`subject_id`, `s0`.`subject_id` AS `subject_id0`, `s0`.`credits`, `s0`.`name`, `s0`.`professor_id` AS `professor_id0`, `p`.`professor_id` AS `professor_id1`, `p`.`full_name`
    FROM `enrollments` AS `e`
    INNER JOIN `subjects` AS `s0` ON `e`.`subject_id` = `s0`.`subject_id`
    INNER JOIN `professors` AS `p` ON `s0`.`professor_id` = `p`.`professor_id`
) AS `t0` ON `t`.`student_id` = `t0`.`student_id`
ORDER BY `t`.`student_id`, `t0`.`enrollment_id`, `t0`.`subject_id0`
2026-05-03 19:11:45.449 -05:00 [INF] Executed DbCommand (1ms) [Parameters=[], CommandType='"Text"', CommandTimeout='30']
SELECT `s`.`subject_id`, `s`.`credits`, `s`.`name`, `s`.`professor_id`, `p`.`professor_id`, `p`.`full_name`
FROM `subjects` AS `s`
INNER JOIN `professors` AS `p` ON `s`.`professor_id` = `p`.`professor_id`
2026-05-03 19:11:45.456 -05:00 [INF] Student "78b82ddc-83fd-4529-9765-b4889ffe700c" retrieved
2026-05-03 19:11:45.458 -05:00 [INF] Found 10 subjects
2026-05-03 19:11:45.458 -05:00 [INF] Executing OkObjectResult, writing value of type 'StudentRegistration.Application.DTOs.StudentDto'.
2026-05-03 19:11:45.459 -05:00 [INF] Executing OkObjectResult, writing value of type 'System.Collections.Generic.List`1[[StudentRegistration.Application.DTOs.SubjectDto, StudentRegistration.Application, Version=1.0.0.0, Culture=neutral, PublicKeyToken=null]]'.
2026-05-03 19:11:45.460 -05:00 [INF] Executed action StudentRegistration.Presentation.Controllers.StudentsController.GetById (StudentRegistration.Presentation) in 17.3466ms
2026-05-03 19:11:45.461 -05:00 [INF] Executed action StudentRegistration.Presentation.Controllers.SubjectsController.GetAll (StudentRegistration.Presentation) in 17.1288ms
2026-05-03 19:11:45.464 -05:00 [INF] Executed endpoint 'StudentRegistration.Presentation.Controllers.StudentsController.GetById (StudentRegistration.Presentation)'
2026-05-03 19:11:45.465 -05:00 [INF] Executed endpoint 'StudentRegistration.Presentation.Controllers.SubjectsController.GetAll (StudentRegistration.Presentation)'
2026-05-03 19:11:45.466 -05:00 [INF] HTTP GET /api/v1/students/78b82ddc-83fd-4529-9765-b4889ffe700c responded 200 in 31.0020 ms
2026-05-03 19:11:45.467 -05:00 [INF] HTTP GET /api/v1/subjects responded 200 in 29.3329 ms
2026-05-03 19:11:45.468 -05:00 [INF] Request finished HTTP/1.1 GET https://localhost:7082/api/v1/students/78b82ddc-83fd-4529-9765-b4889ffe700c - 200 null application/json; charset=utf-8 38.9541ms
2026-05-03 19:11:45.470 -05:00 [INF] Request finished HTTP/1.1 GET https://localhost:7082/api/v1/subjects - 200 null application/json; charset=utf-8 40.3723ms
2026-05-03 19:13:24.272 -05:00 [INF] Request starting HTTP/1.1 GET https://localhost:7082/api/v1/subjects - null null
2026-05-03 19:13:24.283 -05:00 [INF] Request starting HTTP/1.1 GET https://localhost:7082/api/v1/students/78b82ddc-83fd-4529-9765-b4889ffe700c - null null
2026-05-03 19:13:24.290 -05:00 [INF] Executing endpoint 'StudentRegistration.Presentation.Controllers.SubjectsController.GetAll (StudentRegistration.Presentation)'
2026-05-03 19:13:24.293 -05:00 [INF] Executing endpoint 'StudentRegistration.Presentation.Controllers.StudentsController.GetById (StudentRegistration.Presentation)'
2026-05-03 19:13:24.294 -05:00 [INF] Route matched with {action = "GetAll", controller = "Subjects"}. Executing controller action with signature System.Threading.Tasks.Task`1[Microsoft.AspNetCore.Mvc.IActionResult] GetAll(System.Threading.CancellationToken) on controller StudentRegistration.Presentation.Controllers.SubjectsController (StudentRegistration.Presentation).
2026-05-03 19:13:24.295 -05:00 [INF] Route matched with {action = "GetById", controller = "Students"}. Executing controller action with signature System.Threading.Tasks.Task`1[Microsoft.AspNetCore.Mvc.IActionResult] GetById(System.Guid, System.Threading.CancellationToken) on controller StudentRegistration.Presentation.Controllers.StudentsController (StudentRegistration.Presentation).
2026-05-03 19:13:24.302 -05:00 [INF] Getting all subjects
2026-05-03 19:13:24.304 -05:00 [INF] Getting student "78b82ddc-83fd-4529-9765-b4889ffe700c"
2026-05-03 19:13:24.327 -05:00 [INF] Executed DbCommand (16ms) [Parameters=[], CommandType='"Text"', CommandTimeout='30']
SELECT `s`.`subject_id`, `s`.`credits`, `s`.`name`, `s`.`professor_id`, `p`.`professor_id`, `p`.`full_name`
FROM `subjects` AS `s`
INNER JOIN `professors` AS `p` ON `s`.`professor_id` = `p`.`professor_id`
2026-05-03 19:13:24.329 -05:00 [INF] Executed DbCommand (2ms) [Parameters=[@__id_0='?' (DbType = Guid)], CommandType='"Text"', CommandTimeout='30']
SELECT `t`.`student_id`, `t`.`created_at`, `t`.`document_number`, `t`.`email`, `t`.`full_name`, `t`.`is_active`, `t`.`updated_at`, `t0`.`enrollment_id`, `t0`.`enrolled_at`, `t0`.`is_active`, `t0`.`professor_id`, `t0`.`student_id`, `t0`.`subject_id`, `t0`.`subject_id0`, `t0`.`credits`, `t0`.`name`, `t0`.`professor_id0`, `t0`.`professor_id1`, `t0`.`full_name`
FROM (
    SELECT `s`.`student_id`, `s`.`created_at`, `s`.`document_number`, `s`.`email`, `s`.`full_name`, `s`.`is_active`, `s`.`updated_at`
    FROM `students` AS `s`
    WHERE `s`.`student_id` = @__id_0
    LIMIT 1
) AS `t`
LEFT JOIN (
    SELECT `e`.`enrollment_id`, `e`.`enrolled_at`, `e`.`is_active`, `e`.`professor_id`, `e`.`student_id`, `e`.`subject_id`, `s0`.`subject_id` AS `subject_id0`, `s0`.`credits`, `s0`.`name`, `s0`.`professor_id` AS `professor_id0`, `p`.`professor_id` AS `professor_id1`, `p`.`full_name`
    FROM `enrollments` AS `e`
    INNER JOIN `subjects` AS `s0` ON `e`.`subject_id` = `s0`.`subject_id`
    INNER JOIN `professors` AS `p` ON `s0`.`professor_id` = `p`.`professor_id`
) AS `t0` ON `t`.`student_id` = `t0`.`student_id`
ORDER BY `t`.`student_id`, `t0`.`enrollment_id`, `t0`.`subject_id0`
2026-05-03 19:13:24.330 -05:00 [INF] Found 10 subjects
2026-05-03 19:13:24.333 -05:00 [INF] Student "78b82ddc-83fd-4529-9765-b4889ffe700c" retrieved
2026-05-03 19:13:24.334 -05:00 [INF] Executing OkObjectResult, writing value of type 'System.Collections.Generic.List`1[[StudentRegistration.Application.DTOs.SubjectDto, StudentRegistration.Application, Version=1.0.0.0, Culture=neutral, PublicKeyToken=null]]'.
2026-05-03 19:13:24.335 -05:00 [INF] Executing OkObjectResult, writing value of type 'StudentRegistration.Application.DTOs.StudentDto'.
2026-05-03 19:13:24.336 -05:00 [INF] Executed action StudentRegistration.Presentation.Controllers.SubjectsController.GetAll (StudentRegistration.Presentation) in 34.8203ms
2026-05-03 19:13:24.337 -05:00 [INF] Executed action StudentRegistration.Presentation.Controllers.StudentsController.GetById (StudentRegistration.Presentation) in 33.8602ms
2026-05-03 19:13:24.338 -05:00 [INF] Executed endpoint 'StudentRegistration.Presentation.Controllers.SubjectsController.GetAll (StudentRegistration.Presentation)'
2026-05-03 19:13:24.340 -05:00 [INF] Executed endpoint 'StudentRegistration.Presentation.Controllers.StudentsController.GetById (StudentRegistration.Presentation)'
2026-05-03 19:13:24.340 -05:00 [INF] HTTP GET /api/v1/subjects responded 200 in 50.1830 ms
2026-05-03 19:13:24.343 -05:00 [INF] HTTP GET /api/v1/students/78b82ddc-83fd-4529-9765-b4889ffe700c responded 200 in 49.5239 ms
2026-05-03 19:13:24.344 -05:00 [INF] Request finished HTTP/1.1 GET https://localhost:7082/api/v1/subjects - 200 null application/json; charset=utf-8 71.9439ms
2026-05-03 19:13:24.346 -05:00 [INF] Request finished HTTP/1.1 GET https://localhost:7082/api/v1/students/78b82ddc-83fd-4529-9765-b4889ffe700c - 200 null application/json; charset=utf-8 63.1915ms
2026-05-03 19:13:26.216 -05:00 [INF] Request starting HTTP/1.1 GET https://localhost:7082/api/v1/students/78b82ddc-83fd-4529-9765-b4889ffe700c - null null
2026-05-03 19:13:26.217 -05:00 [INF] Request starting HTTP/1.1 GET https://localhost:7082/api/v1/subjects - null null
2026-05-03 19:13:26.219 -05:00 [INF] Executing endpoint 'StudentRegistration.Presentation.Controllers.StudentsController.GetById (StudentRegistration.Presentation)'
2026-05-03 19:13:26.221 -05:00 [INF] Executing endpoint 'StudentRegistration.Presentation.Controllers.SubjectsController.GetAll (StudentRegistration.Presentation)'
2026-05-03 19:13:26.222 -05:00 [INF] Route matched with {action = "GetById", controller = "Students"}. Executing controller action with signature System.Threading.Tasks.Task`1[Microsoft.AspNetCore.Mvc.IActionResult] GetById(System.Guid, System.Threading.CancellationToken) on controller StudentRegistration.Presentation.Controllers.StudentsController (StudentRegistration.Presentation).
2026-05-03 19:13:26.228 -05:00 [INF] Getting student "78b82ddc-83fd-4529-9765-b4889ffe700c"
2026-05-03 19:13:26.223 -05:00 [INF] Route matched with {action = "GetAll", controller = "Subjects"}. Executing controller action with signature System.Threading.Tasks.Task`1[Microsoft.AspNetCore.Mvc.IActionResult] GetAll(System.Threading.CancellationToken) on controller StudentRegistration.Presentation.Controllers.SubjectsController (StudentRegistration.Presentation).
2026-05-03 19:13:26.236 -05:00 [INF] Getting all subjects
2026-05-03 19:13:26.237 -05:00 [INF] Executed DbCommand (5ms) [Parameters=[@__id_0='?' (DbType = Guid)], CommandType='"Text"', CommandTimeout='30']
SELECT `t`.`student_id`, `t`.`created_at`, `t`.`document_number`, `t`.`email`, `t`.`full_name`, `t`.`is_active`, `t`.`updated_at`, `t0`.`enrollment_id`, `t0`.`enrolled_at`, `t0`.`is_active`, `t0`.`professor_id`, `t0`.`student_id`, `t0`.`subject_id`, `t0`.`subject_id0`, `t0`.`credits`, `t0`.`name`, `t0`.`professor_id0`, `t0`.`professor_id1`, `t0`.`full_name`
FROM (
    SELECT `s`.`student_id`, `s`.`created_at`, `s`.`document_number`, `s`.`email`, `s`.`full_name`, `s`.`is_active`, `s`.`updated_at`
    FROM `students` AS `s`
    WHERE `s`.`student_id` = @__id_0
    LIMIT 1
) AS `t`
LEFT JOIN (
    SELECT `e`.`enrollment_id`, `e`.`enrolled_at`, `e`.`is_active`, `e`.`professor_id`, `e`.`student_id`, `e`.`subject_id`, `s0`.`subject_id` AS `subject_id0`, `s0`.`credits`, `s0`.`name`, `s0`.`professor_id` AS `professor_id0`, `p`.`professor_id` AS `professor_id1`, `p`.`full_name`
    FROM `enrollments` AS `e`
    INNER JOIN `subjects` AS `s0` ON `e`.`subject_id` = `s0`.`subject_id`
    INNER JOIN `professors` AS `p` ON `s0`.`professor_id` = `p`.`professor_id`
) AS `t0` ON `t`.`student_id` = `t0`.`student_id`
ORDER BY `t`.`student_id`, `t0`.`enrollment_id`, `t0`.`subject_id0`
2026-05-03 19:13:26.240 -05:00 [INF] Executed DbCommand (1ms) [Parameters=[], CommandType='"Text"', CommandTimeout='30']
SELECT `s`.`subject_id`, `s`.`credits`, `s`.`name`, `s`.`professor_id`, `p`.`professor_id`, `p`.`full_name`
FROM `subjects` AS `s`
INNER JOIN `professors` AS `p` ON `s`.`professor_id` = `p`.`professor_id`
2026-05-03 19:13:26.244 -05:00 [INF] Student "78b82ddc-83fd-4529-9765-b4889ffe700c" retrieved
2026-05-03 19:13:26.247 -05:00 [INF] Found 10 subjects
2026-05-03 19:13:26.248 -05:00 [INF] Executing OkObjectResult, writing value of type 'StudentRegistration.Application.DTOs.StudentDto'.
2026-05-03 19:13:26.249 -05:00 [INF] Executing OkObjectResult, writing value of type 'System.Collections.Generic.List`1[[StudentRegistration.Application.DTOs.SubjectDto, StudentRegistration.Application, Version=1.0.0.0, Culture=neutral, PublicKeyToken=null]]'.
2026-05-03 19:13:26.250 -05:00 [INF] Executed action StudentRegistration.Presentation.Controllers.StudentsController.GetById (StudentRegistration.Presentation) in 22.424ms
2026-05-03 19:13:26.251 -05:00 [INF] Executed action StudentRegistration.Presentation.Controllers.SubjectsController.GetAll (StudentRegistration.Presentation) in 15.8442ms
2026-05-03 19:13:26.253 -05:00 [INF] Executed endpoint 'StudentRegistration.Presentation.Controllers.StudentsController.GetById (StudentRegistration.Presentation)'
2026-05-03 19:13:26.254 -05:00 [INF] Executed endpoint 'StudentRegistration.Presentation.Controllers.SubjectsController.GetAll (StudentRegistration.Presentation)'
2026-05-03 19:13:26.255 -05:00 [INF] HTTP GET /api/v1/students/78b82ddc-83fd-4529-9765-b4889ffe700c responded 200 in 35.4680 ms
2026-05-03 19:13:26.256 -05:00 [INF] HTTP GET /api/v1/subjects responded 200 in 34.6260 ms
2026-05-03 19:13:26.257 -05:00 [INF] Request finished HTTP/1.1 GET https://localhost:7082/api/v1/students/78b82ddc-83fd-4529-9765-b4889ffe700c - 200 null application/json; charset=utf-8 42.4404ms
2026-05-03 19:13:26.260 -05:00 [INF] Request finished HTTP/1.1 GET https://localhost:7082/api/v1/subjects - 200 null application/json; charset=utf-8 43.1272ms
2026-05-03 19:18:22.070 -05:00 [INF] Request starting HTTP/1.1 GET https://localhost:7082/api/v1/students/78b82ddc-83fd-4529-9765-b4889ffe700c - null null
2026-05-03 19:18:22.071 -05:00 [INF] Request starting HTTP/1.1 GET https://localhost:7082/api/v1/subjects - null null
2026-05-03 19:18:22.077 -05:00 [INF] Executing endpoint 'StudentRegistration.Presentation.Controllers.StudentsController.GetById (StudentRegistration.Presentation)'
2026-05-03 19:18:22.079 -05:00 [INF] Executing endpoint 'StudentRegistration.Presentation.Controllers.SubjectsController.GetAll (StudentRegistration.Presentation)'
2026-05-03 19:18:22.080 -05:00 [INF] Route matched with {action = "GetById", controller = "Students"}. Executing controller action with signature System.Threading.Tasks.Task`1[Microsoft.AspNetCore.Mvc.IActionResult] GetById(System.Guid, System.Threading.CancellationToken) on controller StudentRegistration.Presentation.Controllers.StudentsController (StudentRegistration.Presentation).
2026-05-03 19:18:22.083 -05:00 [INF] Route matched with {action = "GetAll", controller = "Subjects"}. Executing controller action with signature System.Threading.Tasks.Task`1[Microsoft.AspNetCore.Mvc.IActionResult] GetAll(System.Threading.CancellationToken) on controller StudentRegistration.Presentation.Controllers.SubjectsController (StudentRegistration.Presentation).
2026-05-03 19:18:22.086 -05:00 [INF] Getting student "78b82ddc-83fd-4529-9765-b4889ffe700c"
2026-05-03 19:18:22.091 -05:00 [INF] Getting all subjects
2026-05-03 19:18:22.113 -05:00 [INF] Executed DbCommand (9ms) [Parameters=[@__id_0='?' (DbType = Guid)], CommandType='"Text"', CommandTimeout='30']
SELECT `t`.`student_id`, `t`.`created_at`, `t`.`document_number`, `t`.`email`, `t`.`full_name`, `t`.`is_active`, `t`.`updated_at`, `t0`.`enrollment_id`, `t0`.`enrolled_at`, `t0`.`is_active`, `t0`.`professor_id`, `t0`.`student_id`, `t0`.`subject_id`, `t0`.`subject_id0`, `t0`.`credits`, `t0`.`name`, `t0`.`professor_id0`, `t0`.`professor_id1`, `t0`.`full_name`
FROM (
    SELECT `s`.`student_id`, `s`.`created_at`, `s`.`document_number`, `s`.`email`, `s`.`full_name`, `s`.`is_active`, `s`.`updated_at`
    FROM `students` AS `s`
    WHERE `s`.`student_id` = @__id_0
    LIMIT 1
) AS `t`
LEFT JOIN (
    SELECT `e`.`enrollment_id`, `e`.`enrolled_at`, `e`.`is_active`, `e`.`professor_id`, `e`.`student_id`, `e`.`subject_id`, `s0`.`subject_id` AS `subject_id0`, `s0`.`credits`, `s0`.`name`, `s0`.`professor_id` AS `professor_id0`, `p`.`professor_id` AS `professor_id1`, `p`.`full_name`
    FROM `enrollments` AS `e`
    INNER JOIN `subjects` AS `s0` ON `e`.`subject_id` = `s0`.`subject_id`
    INNER JOIN `professors` AS `p` ON `s0`.`professor_id` = `p`.`professor_id`
) AS `t0` ON `t`.`student_id` = `t0`.`student_id`
ORDER BY `t`.`student_id`, `t0`.`enrollment_id`, `t0`.`subject_id0`
2026-05-03 19:18:22.114 -05:00 [INF] Executed DbCommand (1ms) [Parameters=[], CommandType='"Text"', CommandTimeout='30']
SELECT `s`.`subject_id`, `s`.`credits`, `s`.`name`, `s`.`professor_id`, `p`.`professor_id`, `p`.`full_name`
FROM `subjects` AS `s`
INNER JOIN `professors` AS `p` ON `s`.`professor_id` = `p`.`professor_id`
2026-05-03 19:18:22.115 -05:00 [INF] Student "78b82ddc-83fd-4529-9765-b4889ffe700c" retrieved
2026-05-03 19:18:22.117 -05:00 [INF] Found 10 subjects
2026-05-03 19:18:22.118 -05:00 [INF] Executing OkObjectResult, writing value of type 'StudentRegistration.Application.DTOs.StudentDto'.
2026-05-03 19:18:22.119 -05:00 [INF] Executing OkObjectResult, writing value of type 'System.Collections.Generic.List`1[[StudentRegistration.Application.DTOs.SubjectDto, StudentRegistration.Application, Version=1.0.0.0, Culture=neutral, PublicKeyToken=null]]'.
2026-05-03 19:18:22.120 -05:00 [INF] Executed action StudentRegistration.Presentation.Controllers.StudentsController.GetById (StudentRegistration.Presentation) in 34.694ms
2026-05-03 19:18:22.121 -05:00 [INF] Executed action StudentRegistration.Presentation.Controllers.SubjectsController.GetAll (StudentRegistration.Presentation) in 30.4928ms
2026-05-03 19:18:22.122 -05:00 [INF] Executed endpoint 'StudentRegistration.Presentation.Controllers.StudentsController.GetById (StudentRegistration.Presentation)'
2026-05-03 19:18:22.123 -05:00 [INF] Executed endpoint 'StudentRegistration.Presentation.Controllers.SubjectsController.GetAll (StudentRegistration.Presentation)'
2026-05-03 19:18:22.124 -05:00 [INF] HTTP GET /api/v1/students/78b82ddc-83fd-4529-9765-b4889ffe700c responded 200 in 47.3379 ms
2026-05-03 19:18:22.125 -05:00 [INF] HTTP GET /api/v1/subjects responded 200 in 45.5449 ms
2026-05-03 19:18:22.126 -05:00 [INF] Request finished HTTP/1.1 GET https://localhost:7082/api/v1/students/78b82ddc-83fd-4529-9765-b4889ffe700c - 200 null application/json; charset=utf-8 55.4313ms
2026-05-03 19:18:22.128 -05:00 [INF] Request finished HTTP/1.1 GET https://localhost:7082/api/v1/subjects - 200 null application/json; charset=utf-8 57.8037ms
2026-05-03 19:19:10.908 -05:00 [INF] Request starting HTTP/1.1 GET https://localhost:7082/api/v1/students - null null
2026-05-03 19:19:10.911 -05:00 [INF] Executing endpoint 'StudentRegistration.Presentation.Controllers.StudentsController.GetAll (StudentRegistration.Presentation)'
2026-05-03 19:19:10.911 -05:00 [INF] Route matched with {action = "GetAll", controller = "Students"}. Executing controller action with signature System.Threading.Tasks.Task`1[Microsoft.AspNetCore.Mvc.IActionResult] GetAll(System.Threading.CancellationToken) on controller StudentRegistration.Presentation.Controllers.StudentsController (StudentRegistration.Presentation).
2026-05-03 19:19:10.913 -05:00 [INF] Getting all active students
2026-05-03 19:19:10.917 -05:00 [INF] Executed DbCommand (2ms) [Parameters=[], CommandType='"Text"', CommandTimeout='30']
SELECT `s`.`student_id`, `s`.`created_at`, `s`.`document_number`, `s`.`email`, `s`.`full_name`, `s`.`is_active`, `s`.`updated_at`, `e`.`enrollment_id`, `e`.`enrolled_at`, `e`.`is_active`, `e`.`professor_id`, `e`.`student_id`, `e`.`subject_id`
FROM `students` AS `s`
LEFT JOIN `enrollments` AS `e` ON `s`.`student_id` = `e`.`student_id`
ORDER BY `s`.`student_id`
2026-05-03 19:19:10.925 -05:00 [INF] Found 3 active students
2026-05-03 19:19:10.926 -05:00 [INF] Executing OkObjectResult, writing value of type 'System.Collections.Generic.List`1[[StudentRegistration.Application.DTOs.StudentSummaryDto, StudentRegistration.Application, Version=1.0.0.0, Culture=neutral, PublicKeyToken=null]]'.
2026-05-03 19:19:10.927 -05:00 [INF] Executed action StudentRegistration.Presentation.Controllers.StudentsController.GetAll (StudentRegistration.Presentation) in 14.1832ms
2026-05-03 19:19:10.928 -05:00 [INF] Executed endpoint 'StudentRegistration.Presentation.Controllers.StudentsController.GetAll (StudentRegistration.Presentation)'
2026-05-03 19:19:10.929 -05:00 [INF] HTTP GET /api/v1/students responded 200 in 18.2101 ms
2026-05-03 19:19:10.930 -05:00 [INF] Request finished HTTP/1.1 GET https://localhost:7082/api/v1/students - 200 null application/json; charset=utf-8 22.7853ms
2026-05-03 19:19:45.348 -05:00 [INF] Request starting HTTP/1.1 GET https://localhost:7082/api/v1/students - null null
2026-05-03 19:19:45.350 -05:00 [INF] Executing endpoint 'StudentRegistration.Presentation.Controllers.StudentsController.GetAll (StudentRegistration.Presentation)'
2026-05-03 19:19:45.351 -05:00 [INF] Route matched with {action = "GetAll", controller = "Students"}. Executing controller action with signature System.Threading.Tasks.Task`1[Microsoft.AspNetCore.Mvc.IActionResult] GetAll(System.Threading.CancellationToken) on controller StudentRegistration.Presentation.Controllers.StudentsController (StudentRegistration.Presentation).
2026-05-03 19:19:45.353 -05:00 [INF] Getting all active students
2026-05-03 19:19:45.356 -05:00 [INF] Executed DbCommand (2ms) [Parameters=[], CommandType='"Text"', CommandTimeout='30']
SELECT `s`.`student_id`, `s`.`created_at`, `s`.`document_number`, `s`.`email`, `s`.`full_name`, `s`.`is_active`, `s`.`updated_at`, `e`.`enrollment_id`, `e`.`enrolled_at`, `e`.`is_active`, `e`.`professor_id`, `e`.`student_id`, `e`.`subject_id`
FROM `students` AS `s`
LEFT JOIN `enrollments` AS `e` ON `s`.`student_id` = `e`.`student_id`
ORDER BY `s`.`student_id`
2026-05-03 19:19:45.359 -05:00 [INF] Found 3 active students
2026-05-03 19:19:45.360 -05:00 [INF] Executing OkObjectResult, writing value of type 'System.Collections.Generic.List`1[[StudentRegistration.Application.DTOs.StudentSummaryDto, StudentRegistration.Application, Version=1.0.0.0, Culture=neutral, PublicKeyToken=null]]'.
2026-05-03 19:19:45.361 -05:00 [INF] Executed action StudentRegistration.Presentation.Controllers.StudentsController.GetAll (StudentRegistration.Presentation) in 8.2741ms
2026-05-03 19:19:45.362 -05:00 [INF] Executed endpoint 'StudentRegistration.Presentation.Controllers.StudentsController.GetAll (StudentRegistration.Presentation)'
2026-05-03 19:19:45.362 -05:00 [INF] HTTP GET /api/v1/students responded 200 in 12.6217 ms
2026-05-03 19:19:45.364 -05:00 [INF] Request finished HTTP/1.1 GET https://localhost:7082/api/v1/students - 200 null application/json; charset=utf-8 16.288ms
2026-05-03 19:19:50.494 -05:00 [INF] Request starting HTTP/1.1 GET https://localhost:7082/api/v1/students - null null
2026-05-03 19:19:50.496 -05:00 [INF] Executing endpoint 'StudentRegistration.Presentation.Controllers.StudentsController.GetAll (StudentRegistration.Presentation)'
2026-05-03 19:19:50.497 -05:00 [INF] Route matched with {action = "GetAll", controller = "Students"}. Executing controller action with signature System.Threading.Tasks.Task`1[Microsoft.AspNetCore.Mvc.IActionResult] GetAll(System.Threading.CancellationToken) on controller StudentRegistration.Presentation.Controllers.StudentsController (StudentRegistration.Presentation).
2026-05-03 19:19:50.498 -05:00 [INF] Getting all active students
2026-05-03 19:19:50.503 -05:00 [INF] Executed DbCommand (2ms) [Parameters=[], CommandType='"Text"', CommandTimeout='30']
SELECT `s`.`student_id`, `s`.`created_at`, `s`.`document_number`, `s`.`email`, `s`.`full_name`, `s`.`is_active`, `s`.`updated_at`, `e`.`enrollment_id`, `e`.`enrolled_at`, `e`.`is_active`, `e`.`professor_id`, `e`.`student_id`, `e`.`subject_id`
FROM `students` AS `s`
LEFT JOIN `enrollments` AS `e` ON `s`.`student_id` = `e`.`student_id`
ORDER BY `s`.`student_id`
2026-05-03 19:19:50.505 -05:00 [INF] Found 3 active students
2026-05-03 19:19:50.506 -05:00 [INF] Executing OkObjectResult, writing value of type 'System.Collections.Generic.List`1[[StudentRegistration.Application.DTOs.StudentSummaryDto, StudentRegistration.Application, Version=1.0.0.0, Culture=neutral, PublicKeyToken=null]]'.
2026-05-03 19:19:50.507 -05:00 [INF] Executed action StudentRegistration.Presentation.Controllers.StudentsController.GetAll (StudentRegistration.Presentation) in 8.8412ms
2026-05-03 19:19:50.508 -05:00 [INF] Executed endpoint 'StudentRegistration.Presentation.Controllers.StudentsController.GetAll (StudentRegistration.Presentation)'
2026-05-03 19:19:50.509 -05:00 [INF] HTTP GET /api/v1/students responded 200 in 12.8441 ms
2026-05-03 19:19:50.511 -05:00 [INF] Request finished HTTP/1.1 GET https://localhost:7082/api/v1/students - 200 null application/json; charset=utf-8 16.6282ms
2026-05-03 19:19:50.974 -05:00 [INF] Request starting HTTP/1.1 GET https://localhost:7082/api/v1/subjects - null null
2026-05-03 19:19:50.976 -05:00 [INF] Executing endpoint 'StudentRegistration.Presentation.Controllers.SubjectsController.GetAll (StudentRegistration.Presentation)'
2026-05-03 19:19:50.977 -05:00 [INF] Route matched with {action = "GetAll", controller = "Subjects"}. Executing controller action with signature System.Threading.Tasks.Task`1[Microsoft.AspNetCore.Mvc.IActionResult] GetAll(System.Threading.CancellationToken) on controller StudentRegistration.Presentation.Controllers.SubjectsController (StudentRegistration.Presentation).
2026-05-03 19:19:50.978 -05:00 [INF] Getting all subjects
2026-05-03 19:19:50.982 -05:00 [INF] Executed DbCommand (2ms) [Parameters=[], CommandType='"Text"', CommandTimeout='30']
SELECT `s`.`subject_id`, `s`.`credits`, `s`.`name`, `s`.`professor_id`, `p`.`professor_id`, `p`.`full_name`
FROM `subjects` AS `s`
INNER JOIN `professors` AS `p` ON `s`.`professor_id` = `p`.`professor_id`
2026-05-03 19:19:50.985 -05:00 [INF] Found 10 subjects
2026-05-03 19:19:50.986 -05:00 [INF] Executing OkObjectResult, writing value of type 'System.Collections.Generic.List`1[[StudentRegistration.Application.DTOs.SubjectDto, StudentRegistration.Application, Version=1.0.0.0, Culture=neutral, PublicKeyToken=null]]'.
2026-05-03 19:19:50.987 -05:00 [INF] Executed action StudentRegistration.Presentation.Controllers.SubjectsController.GetAll (StudentRegistration.Presentation) in 8.8589ms
2026-05-03 19:19:50.988 -05:00 [INF] Executed endpoint 'StudentRegistration.Presentation.Controllers.SubjectsController.GetAll (StudentRegistration.Presentation)'
2026-05-03 19:19:50.989 -05:00 [INF] HTTP GET /api/v1/subjects responded 200 in 13.2024 ms
2026-05-03 19:19:50.990 -05:00 [INF] Request finished HTTP/1.1 GET https://localhost:7082/api/v1/subjects - 200 null application/json; charset=utf-8 16.4807ms
2026-05-03 19:19:52.296 -05:00 [INF] Request starting HTTP/1.1 GET https://localhost:7082/api/v1/students - null null
2026-05-03 19:19:52.298 -05:00 [INF] Executing endpoint 'StudentRegistration.Presentation.Controllers.StudentsController.GetAll (StudentRegistration.Presentation)'
2026-05-03 19:19:52.299 -05:00 [INF] Route matched with {action = "GetAll", controller = "Students"}. Executing controller action with signature System.Threading.Tasks.Task`1[Microsoft.AspNetCore.Mvc.IActionResult] GetAll(System.Threading.CancellationToken) on controller StudentRegistration.Presentation.Controllers.StudentsController (StudentRegistration.Presentation).
2026-05-03 19:19:52.301 -05:00 [INF] Getting all active students
2026-05-03 19:19:52.305 -05:00 [INF] Executed DbCommand (1ms) [Parameters=[], CommandType='"Text"', CommandTimeout='30']
SELECT `s`.`student_id`, `s`.`created_at`, `s`.`document_number`, `s`.`email`, `s`.`full_name`, `s`.`is_active`, `s`.`updated_at`, `e`.`enrollment_id`, `e`.`enrolled_at`, `e`.`is_active`, `e`.`professor_id`, `e`.`student_id`, `e`.`subject_id`
FROM `students` AS `s`
LEFT JOIN `enrollments` AS `e` ON `s`.`student_id` = `e`.`student_id`
ORDER BY `s`.`student_id`
2026-05-03 19:19:52.308 -05:00 [INF] Found 3 active students
2026-05-03 19:19:52.309 -05:00 [INF] Executing OkObjectResult, writing value of type 'System.Collections.Generic.List`1[[StudentRegistration.Application.DTOs.StudentSummaryDto, StudentRegistration.Application, Version=1.0.0.0, Culture=neutral, PublicKeyToken=null]]'.
2026-05-03 19:19:52.310 -05:00 [INF] Executed action StudentRegistration.Presentation.Controllers.StudentsController.GetAll (StudentRegistration.Presentation) in 8.9784ms
2026-05-03 19:19:52.312 -05:00 [INF] Executed endpoint 'StudentRegistration.Presentation.Controllers.StudentsController.GetAll (StudentRegistration.Presentation)'
2026-05-03 19:19:52.336 -05:00 [INF] HTTP GET /api/v1/students responded 200 in 37.6543 ms
2026-05-03 19:19:52.338 -05:00 [INF] Request finished HTTP/1.1 GET https://localhost:7082/api/v1/students - 200 null application/json; charset=utf-8 41.8683ms
2026-05-03 19:19:53.876 -05:00 [INF] Request starting HTTP/1.1 GET https://localhost:7082/api/v1/students/78b82ddc-83fd-4529-9765-b4889ffe700c - null null
2026-05-03 19:19:53.878 -05:00 [INF] Request starting HTTP/1.1 GET https://localhost:7082/api/v1/subjects - null null
2026-05-03 19:19:53.878 -05:00 [INF] Executing endpoint 'StudentRegistration.Presentation.Controllers.StudentsController.GetById (StudentRegistration.Presentation)'
2026-05-03 19:19:53.880 -05:00 [INF] Executing endpoint 'StudentRegistration.Presentation.Controllers.SubjectsController.GetAll (StudentRegistration.Presentation)'
2026-05-03 19:19:53.881 -05:00 [INF] Route matched with {action = "GetById", controller = "Students"}. Executing controller action with signature System.Threading.Tasks.Task`1[Microsoft.AspNetCore.Mvc.IActionResult] GetById(System.Guid, System.Threading.CancellationToken) on controller StudentRegistration.Presentation.Controllers.StudentsController (StudentRegistration.Presentation).
2026-05-03 19:19:53.882 -05:00 [INF] Route matched with {action = "GetAll", controller = "Subjects"}. Executing controller action with signature System.Threading.Tasks.Task`1[Microsoft.AspNetCore.Mvc.IActionResult] GetAll(System.Threading.CancellationToken) on controller StudentRegistration.Presentation.Controllers.SubjectsController (StudentRegistration.Presentation).
2026-05-03 19:19:53.884 -05:00 [INF] Getting student "78b82ddc-83fd-4529-9765-b4889ffe700c"
2026-05-03 19:19:53.885 -05:00 [INF] Getting all subjects
2026-05-03 19:19:53.890 -05:00 [INF] Executed DbCommand (2ms) [Parameters=[@__id_0='?' (DbType = Guid)], CommandType='"Text"', CommandTimeout='30']
SELECT `t`.`student_id`, `t`.`created_at`, `t`.`document_number`, `t`.`email`, `t`.`full_name`, `t`.`is_active`, `t`.`updated_at`, `t0`.`enrollment_id`, `t0`.`enrolled_at`, `t0`.`is_active`, `t0`.`professor_id`, `t0`.`student_id`, `t0`.`subject_id`, `t0`.`subject_id0`, `t0`.`credits`, `t0`.`name`, `t0`.`professor_id0`, `t0`.`professor_id1`, `t0`.`full_name`
FROM (
    SELECT `s`.`student_id`, `s`.`created_at`, `s`.`document_number`, `s`.`email`, `s`.`full_name`, `s`.`is_active`, `s`.`updated_at`
    FROM `students` AS `s`
    WHERE `s`.`student_id` = @__id_0
    LIMIT 1
) AS `t`
LEFT JOIN (
    SELECT `e`.`enrollment_id`, `e`.`enrolled_at`, `e`.`is_active`, `e`.`professor_id`, `e`.`student_id`, `e`.`subject_id`, `s0`.`subject_id` AS `subject_id0`, `s0`.`credits`, `s0`.`name`, `s0`.`professor_id` AS `professor_id0`, `p`.`professor_id` AS `professor_id1`, `p`.`full_name`
    FROM `enrollments` AS `e`
    INNER JOIN `subjects` AS `s0` ON `e`.`subject_id` = `s0`.`subject_id`
    INNER JOIN `professors` AS `p` ON `s0`.`professor_id` = `p`.`professor_id`
) AS `t0` ON `t`.`student_id` = `t0`.`student_id`
ORDER BY `t`.`student_id`, `t0`.`enrollment_id`, `t0`.`subject_id0`
2026-05-03 19:19:53.892 -05:00 [INF] Executed DbCommand (2ms) [Parameters=[], CommandType='"Text"', CommandTimeout='30']
SELECT `s`.`subject_id`, `s`.`credits`, `s`.`name`, `s`.`professor_id`, `p`.`professor_id`, `p`.`full_name`
FROM `subjects` AS `s`
INNER JOIN `professors` AS `p` ON `s`.`professor_id` = `p`.`professor_id`
2026-05-03 19:19:53.897 -05:00 [INF] Student "78b82ddc-83fd-4529-9765-b4889ffe700c" retrieved
2026-05-03 19:19:53.898 -05:00 [INF] Found 10 subjects
2026-05-03 19:19:53.899 -05:00 [INF] Executing OkObjectResult, writing value of type 'StudentRegistration.Application.DTOs.StudentDto'.
2026-05-03 19:19:53.900 -05:00 [INF] Executing OkObjectResult, writing value of type 'System.Collections.Generic.List`1[[StudentRegistration.Application.DTOs.SubjectDto, StudentRegistration.Application, Version=1.0.0.0, Culture=neutral, PublicKeyToken=null]]'.
2026-05-03 19:19:53.901 -05:00 [INF] Executed action StudentRegistration.Presentation.Controllers.StudentsController.GetById (StudentRegistration.Presentation) in 17.6389ms
2026-05-03 19:19:53.902 -05:00 [INF] Executed action StudentRegistration.Presentation.Controllers.SubjectsController.GetAll (StudentRegistration.Presentation) in 17.2967ms
2026-05-03 19:19:53.903 -05:00 [INF] Executed endpoint 'StudentRegistration.Presentation.Controllers.StudentsController.GetById (StudentRegistration.Presentation)'
2026-05-03 19:19:53.904 -05:00 [INF] Executed endpoint 'StudentRegistration.Presentation.Controllers.SubjectsController.GetAll (StudentRegistration.Presentation)'
2026-05-03 19:19:53.905 -05:00 [INF] HTTP GET /api/v1/students/78b82ddc-83fd-4529-9765-b4889ffe700c responded 200 in 26.5573 ms
2026-05-03 19:19:53.906 -05:00 [INF] HTTP GET /api/v1/subjects responded 200 in 25.6732 ms
2026-05-03 19:19:53.907 -05:00 [INF] Request finished HTTP/1.1 GET https://localhost:7082/api/v1/students/78b82ddc-83fd-4529-9765-b4889ffe700c - 200 null application/json; charset=utf-8 31.1744ms
2026-05-03 19:19:53.908 -05:00 [INF] Request finished HTTP/1.1 GET https://localhost:7082/api/v1/subjects - 200 null application/json; charset=utf-8 30.2089ms
2026-05-03 19:19:56.481 -05:00 [INF] Request starting HTTP/1.1 GET https://localhost:7082/api/v1/students - null null
2026-05-03 19:19:56.484 -05:00 [INF] Executing endpoint 'StudentRegistration.Presentation.Controllers.StudentsController.GetAll (StudentRegistration.Presentation)'
2026-05-03 19:19:56.485 -05:00 [INF] Route matched with {action = "GetAll", controller = "Students"}. Executing controller action with signature System.Threading.Tasks.Task`1[Microsoft.AspNetCore.Mvc.IActionResult] GetAll(System.Threading.CancellationToken) on controller StudentRegistration.Presentation.Controllers.StudentsController (StudentRegistration.Presentation).
2026-05-03 19:19:56.486 -05:00 [INF] Getting all active students
2026-05-03 19:19:56.490 -05:00 [INF] Executed DbCommand (1ms) [Parameters=[], CommandType='"Text"', CommandTimeout='30']
SELECT `s`.`student_id`, `s`.`created_at`, `s`.`document_number`, `s`.`email`, `s`.`full_name`, `s`.`is_active`, `s`.`updated_at`, `e`.`enrollment_id`, `e`.`enrolled_at`, `e`.`is_active`, `e`.`professor_id`, `e`.`student_id`, `e`.`subject_id`
FROM `students` AS `s`
LEFT JOIN `enrollments` AS `e` ON `s`.`student_id` = `e`.`student_id`
ORDER BY `s`.`student_id`
2026-05-03 19:19:56.492 -05:00 [INF] Found 3 active students
2026-05-03 19:19:56.493 -05:00 [INF] Executing OkObjectResult, writing value of type 'System.Collections.Generic.List`1[[StudentRegistration.Application.DTOs.StudentSummaryDto, StudentRegistration.Application, Version=1.0.0.0, Culture=neutral, PublicKeyToken=null]]'.
2026-05-03 19:19:56.495 -05:00 [INF] Executed action StudentRegistration.Presentation.Controllers.StudentsController.GetAll (StudentRegistration.Presentation) in 8.7299ms
2026-05-03 19:19:56.496 -05:00 [INF] Executed endpoint 'StudentRegistration.Presentation.Controllers.StudentsController.GetAll (StudentRegistration.Presentation)'
2026-05-03 19:19:56.497 -05:00 [INF] HTTP GET /api/v1/students responded 200 in 13.2146 ms
2026-05-03 19:19:56.498 -05:00 [INF] Request finished HTTP/1.1 GET https://localhost:7082/api/v1/students - 200 null application/json; charset=utf-8 17.4008ms
2026-05-03 19:20:27.590 -05:00 [INF] Request starting HTTP/1.1 GET https://localhost:7082/api/v1/subjects - null null
2026-05-03 19:20:27.593 -05:00 [INF] Executing endpoint 'StudentRegistration.Presentation.Controllers.SubjectsController.GetAll (StudentRegistration.Presentation)'
2026-05-03 19:20:27.594 -05:00 [INF] Route matched with {action = "GetAll", controller = "Subjects"}. Executing controller action with signature System.Threading.Tasks.Task`1[Microsoft.AspNetCore.Mvc.IActionResult] GetAll(System.Threading.CancellationToken) on controller StudentRegistration.Presentation.Controllers.SubjectsController (StudentRegistration.Presentation).
2026-05-03 19:20:27.596 -05:00 [INF] Getting all subjects
2026-05-03 19:20:27.600 -05:00 [INF] Executed DbCommand (2ms) [Parameters=[], CommandType='"Text"', CommandTimeout='30']
SELECT `s`.`subject_id`, `s`.`credits`, `s`.`name`, `s`.`professor_id`, `p`.`professor_id`, `p`.`full_name`
FROM `subjects` AS `s`
INNER JOIN `professors` AS `p` ON `s`.`professor_id` = `p`.`professor_id`
2026-05-03 19:20:27.605 -05:00 [INF] Found 10 subjects
2026-05-03 19:20:27.606 -05:00 [INF] Executing OkObjectResult, writing value of type 'System.Collections.Generic.List`1[[StudentRegistration.Application.DTOs.SubjectDto, StudentRegistration.Application, Version=1.0.0.0, Culture=neutral, PublicKeyToken=null]]'.
2026-05-03 19:20:27.607 -05:00 [INF] Executed action StudentRegistration.Presentation.Controllers.SubjectsController.GetAll (StudentRegistration.Presentation) in 11.0912ms
2026-05-03 19:20:27.608 -05:00 [INF] Executed endpoint 'StudentRegistration.Presentation.Controllers.SubjectsController.GetAll (StudentRegistration.Presentation)'
2026-05-03 19:20:27.609 -05:00 [INF] HTTP GET /api/v1/subjects responded 200 in 15.4453 ms
2026-05-03 19:20:27.610 -05:00 [INF] Request finished HTTP/1.1 GET https://localhost:7082/api/v1/subjects - 200 null application/json; charset=utf-8 20.4656ms
2026-05-03 19:20:30.687 -05:00 [INF] Request starting HTTP/1.1 GET https://localhost:7082/api/v1/students - null null
2026-05-03 19:20:30.689 -05:00 [INF] Executing endpoint 'StudentRegistration.Presentation.Controllers.StudentsController.GetAll (StudentRegistration.Presentation)'
2026-05-03 19:20:30.690 -05:00 [INF] Route matched with {action = "GetAll", controller = "Students"}. Executing controller action with signature System.Threading.Tasks.Task`1[Microsoft.AspNetCore.Mvc.IActionResult] GetAll(System.Threading.CancellationToken) on controller StudentRegistration.Presentation.Controllers.StudentsController (StudentRegistration.Presentation).
2026-05-03 19:20:30.691 -05:00 [INF] Getting all active students
2026-05-03 19:20:30.695 -05:00 [INF] Executed DbCommand (2ms) [Parameters=[], CommandType='"Text"', CommandTimeout='30']
SELECT `s`.`student_id`, `s`.`created_at`, `s`.`document_number`, `s`.`email`, `s`.`full_name`, `s`.`is_active`, `s`.`updated_at`, `e`.`enrollment_id`, `e`.`enrolled_at`, `e`.`is_active`, `e`.`professor_id`, `e`.`student_id`, `e`.`subject_id`
FROM `students` AS `s`
LEFT JOIN `enrollments` AS `e` ON `s`.`student_id` = `e`.`student_id`
ORDER BY `s`.`student_id`
2026-05-03 19:20:30.706 -05:00 [INF] Found 3 active students
2026-05-03 19:20:30.710 -05:00 [INF] Executing OkObjectResult, writing value of type 'System.Collections.Generic.List`1[[StudentRegistration.Application.DTOs.StudentSummaryDto, StudentRegistration.Application, Version=1.0.0.0, Culture=neutral, PublicKeyToken=null]]'.
2026-05-03 19:20:30.718 -05:00 [INF] Executed action StudentRegistration.Presentation.Controllers.StudentsController.GetAll (StudentRegistration.Presentation) in 27.0837ms
2026-05-03 19:20:30.719 -05:00 [INF] Executed endpoint 'StudentRegistration.Presentation.Controllers.StudentsController.GetAll (StudentRegistration.Presentation)'
2026-05-03 19:20:30.721 -05:00 [INF] HTTP GET /api/v1/students responded 200 in 31.8337 ms
2026-05-03 19:20:30.722 -05:00 [INF] Request finished HTTP/1.1 GET https://localhost:7082/api/v1/students - 200 null application/json; charset=utf-8 35.2283ms
2026-05-03 19:20:53.153 -05:00 [INF] Request starting HTTP/1.1 POST https://localhost:7082/api/v1/students - application/json 86
2026-05-03 19:20:53.155 -05:00 [INF] No CORS policy found for the specified request.
2026-05-03 19:20:53.156 -05:00 [INF] Executing endpoint 'StudentRegistration.Presentation.Controllers.StudentsController.Register (StudentRegistration.Presentation)'
2026-05-03 19:20:53.157 -05:00 [INF] Route matched with {action = "Register", controller = "Students"}. Executing controller action with signature System.Threading.Tasks.Task`1[Microsoft.AspNetCore.Mvc.IActionResult] Register(StudentRegistration.Application.Commands.RegisterStudentCommand, System.Threading.CancellationToken) on controller StudentRegistration.Presentation.Controllers.StudentsController (StudentRegistration.Presentation).
2026-05-03 19:20:53.159 -05:00 [INF] Registering student with email martha@gmail.com
2026-05-03 19:20:53.163 -05:00 [INF] Executed DbCommand (2ms) [Parameters=[@__email_0='?' (Size = 255)], CommandType='"Text"', CommandTimeout='30']
SELECT `s`.`student_id`, `s`.`created_at`, `s`.`document_number`, `s`.`email`, `s`.`full_name`, `s`.`is_active`, `s`.`updated_at`
FROM `students` AS `s`
WHERE `s`.`email` = @__email_0
LIMIT 1
2026-05-03 19:20:53.171 -05:00 [INF] Executed DbCommand (1ms) [Parameters=[@__documentNumber_0='?' (Size = 20)], CommandType='"Text"', CommandTimeout='30']
SELECT `s`.`student_id`, `s`.`created_at`, `s`.`document_number`, `s`.`email`, `s`.`full_name`, `s`.`is_active`, `s`.`updated_at`
FROM `students` AS `s`
WHERE `s`.`document_number` = @__documentNumber_0
LIMIT 1
2026-05-03 19:20:53.177 -05:00 [INF] Executed DbCommand (1ms) [Parameters=[@p0='?' (DbType = Guid), @p1='?' (DbType = DateTime), @p2='?' (Size = 20), @p3='?' (Size = 255), @p4='?' (Size = 150), @p5='?' (DbType = DateTime)], CommandType='"Text"', CommandTimeout='30']
INSERT INTO `students` (`student_id`, `created_at`, `document_number`, `email`, `full_name`, `updated_at`)
VALUES (@p0, @p1, @p2, @p3, @p4, @p5);
SELECT `is_active`
FROM `students`
WHERE ROW_COUNT() = 1 AND `student_id` = @p0;
2026-05-03 19:20:53.181 -05:00 [INF] Student "77e354a0-a13e-4fa1-b576-a5b9e0782214" registered successfully
2026-05-03 19:20:53.182 -05:00 [INF] Executing CreatedAtActionResult, writing value of type 'StudentRegistration.Application.DTOs.StudentDto'.
2026-05-03 19:20:53.184 -05:00 [INF] Executed action StudentRegistration.Presentation.Controllers.StudentsController.Register (StudentRegistration.Presentation) in 25.9314ms
2026-05-03 19:20:53.186 -05:00 [INF] Executed endpoint 'StudentRegistration.Presentation.Controllers.StudentsController.Register (StudentRegistration.Presentation)'
2026-05-03 19:20:53.187 -05:00 [INF] HTTP POST /api/v1/students responded 201 in 31.0302 ms
2026-05-03 19:20:53.189 -05:00 [INF] Request finished HTTP/1.1 POST https://localhost:7082/api/v1/students - 201 null application/json; charset=utf-8 36.5669ms
2026-05-03 19:20:53.196 -05:00 [INF] Request starting HTTP/1.1 GET https://localhost:7082/api/v1/students - null null
2026-05-03 19:20:53.198 -05:00 [INF] Executing endpoint 'StudentRegistration.Presentation.Controllers.StudentsController.GetAll (StudentRegistration.Presentation)'
2026-05-03 19:20:53.199 -05:00 [INF] Route matched with {action = "GetAll", controller = "Students"}. Executing controller action with signature System.Threading.Tasks.Task`1[Microsoft.AspNetCore.Mvc.IActionResult] GetAll(System.Threading.CancellationToken) on controller StudentRegistration.Presentation.Controllers.StudentsController (StudentRegistration.Presentation).
2026-05-03 19:20:53.200 -05:00 [INF] Getting all active students
2026-05-03 19:20:53.205 -05:00 [INF] Executed DbCommand (1ms) [Parameters=[], CommandType='"Text"', CommandTimeout='30']
SELECT `s`.`student_id`, `s`.`created_at`, `s`.`document_number`, `s`.`email`, `s`.`full_name`, `s`.`is_active`, `s`.`updated_at`, `e`.`enrollment_id`, `e`.`enrolled_at`, `e`.`is_active`, `e`.`professor_id`, `e`.`student_id`, `e`.`subject_id`
FROM `students` AS `s`
LEFT JOIN `enrollments` AS `e` ON `s`.`student_id` = `e`.`student_id`
ORDER BY `s`.`student_id`
2026-05-03 19:20:53.207 -05:00 [INF] Found 4 active students
2026-05-03 19:20:53.208 -05:00 [INF] Executing OkObjectResult, writing value of type 'System.Collections.Generic.List`1[[StudentRegistration.Application.DTOs.StudentSummaryDto, StudentRegistration.Application, Version=1.0.0.0, Culture=neutral, PublicKeyToken=null]]'.
2026-05-03 19:20:53.209 -05:00 [INF] Executed action StudentRegistration.Presentation.Controllers.StudentsController.GetAll (StudentRegistration.Presentation) in 9.3521ms
2026-05-03 19:20:53.210 -05:00 [INF] Executed endpoint 'StudentRegistration.Presentation.Controllers.StudentsController.GetAll (StudentRegistration.Presentation)'
2026-05-03 19:20:53.211 -05:00 [INF] HTTP GET /api/v1/students responded 200 in 13.5477 ms
2026-05-03 19:20:53.213 -05:00 [INF] Request finished HTTP/1.1 GET https://localhost:7082/api/v1/students - 200 null application/json; charset=utf-8 16.7438ms
2026-05-03 19:20:54.790 -05:00 [INF] Request starting HTTP/1.1 GET https://localhost:7082/api/v1/students/77e354a0-a13e-4fa1-b576-a5b9e0782214 - null null
2026-05-03 19:20:54.790 -05:00 [INF] Request starting HTTP/1.1 GET https://localhost:7082/api/v1/subjects - null null
2026-05-03 19:20:54.792 -05:00 [INF] Executing endpoint 'StudentRegistration.Presentation.Controllers.StudentsController.GetById (StudentRegistration.Presentation)'
2026-05-03 19:20:54.793 -05:00 [INF] Executing endpoint 'StudentRegistration.Presentation.Controllers.SubjectsController.GetAll (StudentRegistration.Presentation)'
2026-05-03 19:20:54.794 -05:00 [INF] Route matched with {action = "GetById", controller = "Students"}. Executing controller action with signature System.Threading.Tasks.Task`1[Microsoft.AspNetCore.Mvc.IActionResult] GetById(System.Guid, System.Threading.CancellationToken) on controller StudentRegistration.Presentation.Controllers.StudentsController (StudentRegistration.Presentation).
2026-05-03 19:20:54.797 -05:00 [INF] Getting student "77e354a0-a13e-4fa1-b576-a5b9e0782214"
2026-05-03 19:20:54.795 -05:00 [INF] Route matched with {action = "GetAll", controller = "Subjects"}. Executing controller action with signature System.Threading.Tasks.Task`1[Microsoft.AspNetCore.Mvc.IActionResult] GetAll(System.Threading.CancellationToken) on controller StudentRegistration.Presentation.Controllers.SubjectsController (StudentRegistration.Presentation).
2026-05-03 19:20:54.819 -05:00 [INF] Executed DbCommand (3ms) [Parameters=[@__id_0='?' (DbType = Guid)], CommandType='"Text"', CommandTimeout='30']
SELECT `t`.`student_id`, `t`.`created_at`, `t`.`document_number`, `t`.`email`, `t`.`full_name`, `t`.`is_active`, `t`.`updated_at`, `t0`.`enrollment_id`, `t0`.`enrolled_at`, `t0`.`is_active`, `t0`.`professor_id`, `t0`.`student_id`, `t0`.`subject_id`, `t0`.`subject_id0`, `t0`.`credits`, `t0`.`name`, `t0`.`professor_id0`, `t0`.`professor_id1`, `t0`.`full_name`
FROM (
    SELECT `s`.`student_id`, `s`.`created_at`, `s`.`document_number`, `s`.`email`, `s`.`full_name`, `s`.`is_active`, `s`.`updated_at`
    FROM `students` AS `s`
    WHERE `s`.`student_id` = @__id_0
    LIMIT 1
) AS `t`
LEFT JOIN (
    SELECT `e`.`enrollment_id`, `e`.`enrolled_at`, `e`.`is_active`, `e`.`professor_id`, `e`.`student_id`, `e`.`subject_id`, `s0`.`subject_id` AS `subject_id0`, `s0`.`credits`, `s0`.`name`, `s0`.`professor_id` AS `professor_id0`, `p`.`professor_id` AS `professor_id1`, `p`.`full_name`
    FROM `enrollments` AS `e`
    INNER JOIN `subjects` AS `s0` ON `e`.`subject_id` = `s0`.`subject_id`
    INNER JOIN `professors` AS `p` ON `s0`.`professor_id` = `p`.`professor_id`
) AS `t0` ON `t`.`student_id` = `t0`.`student_id`
ORDER BY `t`.`student_id`, `t0`.`enrollment_id`, `t0`.`subject_id0`
2026-05-03 19:20:54.819 -05:00 [INF] Getting all subjects
2026-05-03 19:20:54.822 -05:00 [INF] Student "77e354a0-a13e-4fa1-b576-a5b9e0782214" retrieved
2026-05-03 19:20:54.823 -05:00 [INF] Executing OkObjectResult, writing value of type 'StudentRegistration.Application.DTOs.StudentDto'.
2026-05-03 19:20:54.826 -05:00 [INF] Executed DbCommand (2ms) [Parameters=[], CommandType='"Text"', CommandTimeout='30']
SELECT `s`.`subject_id`, `s`.`credits`, `s`.`name`, `s`.`professor_id`, `p`.`professor_id`, `p`.`full_name`
FROM `subjects` AS `s`
INNER JOIN `professors` AS `p` ON `s`.`professor_id` = `p`.`professor_id`
2026-05-03 19:20:54.827 -05:00 [INF] Executed action StudentRegistration.Presentation.Controllers.StudentsController.GetById (StudentRegistration.Presentation) in 30.0977ms
2026-05-03 19:20:54.829 -05:00 [INF] Found 10 subjects
2026-05-03 19:20:54.830 -05:00 [INF] Executed endpoint 'StudentRegistration.Presentation.Controllers.StudentsController.GetById (StudentRegistration.Presentation)'
2026-05-03 19:20:54.831 -05:00 [INF] Executing OkObjectResult, writing value of type 'System.Collections.Generic.List`1[[StudentRegistration.Application.DTOs.SubjectDto, StudentRegistration.Application, Version=1.0.0.0, Culture=neutral, PublicKeyToken=null]]'.
2026-05-03 19:20:54.832 -05:00 [INF] HTTP GET /api/v1/students/77e354a0-a13e-4fa1-b576-a5b9e0782214 responded 200 in 40.0071 ms
2026-05-03 19:20:54.833 -05:00 [INF] Executed action StudentRegistration.Presentation.Controllers.SubjectsController.GetAll (StudentRegistration.Presentation) in 13.6689ms
2026-05-03 19:20:54.836 -05:00 [INF] Request finished HTTP/1.1 GET https://localhost:7082/api/v1/students/77e354a0-a13e-4fa1-b576-a5b9e0782214 - 200 null application/json; charset=utf-8 46.2247ms
2026-05-03 19:20:54.837 -05:00 [INF] Executed endpoint 'StudentRegistration.Presentation.Controllers.SubjectsController.GetAll (StudentRegistration.Presentation)'
2026-05-03 19:20:54.841 -05:00 [INF] HTTP GET /api/v1/subjects responded 200 in 47.4026 ms
2026-05-03 19:20:54.843 -05:00 [INF] Request finished HTTP/1.1 GET https://localhost:7082/api/v1/subjects - 200 null application/json; charset=utf-8 53.0177ms
2026-05-03 19:21:07.012 -05:00 [INF] Request starting HTTP/1.1 POST https://localhost:7082/api/v1/students/77e354a0-a13e-4fa1-b576-a5b9e0782214/enrollments - application/json 52
2026-05-03 19:21:07.014 -05:00 [INF] No CORS policy found for the specified request.
2026-05-03 19:21:07.015 -05:00 [INF] Executing endpoint 'StudentRegistration.Presentation.Controllers.EnrollmentsController.Enroll (StudentRegistration.Presentation)'
2026-05-03 19:21:07.016 -05:00 [INF] Route matched with {action = "Enroll", controller = "Enrollments"}. Executing controller action with signature System.Threading.Tasks.Task`1[Microsoft.AspNetCore.Mvc.IActionResult] Enroll(System.Guid, StudentRegistration.Application.Commands.EnrollStudentCommand, System.Threading.CancellationToken) on controller StudentRegistration.Presentation.Controllers.EnrollmentsController (StudentRegistration.Presentation).
2026-05-03 19:21:07.017 -05:00 [INF] Enrolling student "77e354a0-a13e-4fa1-b576-a5b9e0782214" in subject "20000000-0000-0000-0000-000000000007"
2026-05-03 19:21:07.022 -05:00 [INF] Executed DbCommand (2ms) [Parameters=[@__id_0='?' (DbType = Guid)], CommandType='"Text"', CommandTimeout='30']
SELECT `t`.`student_id`, `t`.`created_at`, `t`.`document_number`, `t`.`email`, `t`.`full_name`, `t`.`is_active`, `t`.`updated_at`, `t0`.`enrollment_id`, `t0`.`enrolled_at`, `t0`.`is_active`, `t0`.`professor_id`, `t0`.`student_id`, `t0`.`subject_id`, `t0`.`subject_id0`, `t0`.`credits`, `t0`.`name`, `t0`.`professor_id0`, `t0`.`professor_id1`, `t0`.`full_name`
FROM (
    SELECT `s`.`student_id`, `s`.`created_at`, `s`.`document_number`, `s`.`email`, `s`.`full_name`, `s`.`is_active`, `s`.`updated_at`
    FROM `students` AS `s`
    WHERE `s`.`student_id` = @__id_0
    LIMIT 1
) AS `t`
LEFT JOIN (
    SELECT `e`.`enrollment_id`, `e`.`enrolled_at`, `e`.`is_active`, `e`.`professor_id`, `e`.`student_id`, `e`.`subject_id`, `s0`.`subject_id` AS `subject_id0`, `s0`.`credits`, `s0`.`name`, `s0`.`professor_id` AS `professor_id0`, `p`.`professor_id` AS `professor_id1`, `p`.`full_name`
    FROM `enrollments` AS `e`
    INNER JOIN `subjects` AS `s0` ON `e`.`subject_id` = `s0`.`subject_id`
    INNER JOIN `professors` AS `p` ON `s0`.`professor_id` = `p`.`professor_id`
) AS `t0` ON `t`.`student_id` = `t0`.`student_id`
ORDER BY `t`.`student_id`, `t0`.`enrollment_id`, `t0`.`subject_id0`
2026-05-03 19:21:07.027 -05:00 [INF] Executed DbCommand (1ms) [Parameters=[@__id_0='?' (DbType = Guid)], CommandType='"Text"', CommandTimeout='30']
SELECT `s`.`subject_id`, `s`.`credits`, `s`.`name`, `s`.`professor_id`, `p`.`professor_id`, `p`.`full_name`
FROM `subjects` AS `s`
INNER JOIN `professors` AS `p` ON `s`.`professor_id` = `p`.`professor_id`
WHERE `s`.`subject_id` = @__id_0
LIMIT 1
2026-05-03 19:21:07.031 -05:00 [INF] Executed DbCommand (1ms) [Parameters=[@p0='?' (DbType = Guid), @p1='?' (DbType = DateTime), @p2='?' (DbType = Guid), @p3='?' (DbType = Guid), @p4='?' (DbType = Guid), @p11='?' (DbType = Guid), @p5='?' (DbType = DateTime), @p6='?' (Size = 20), @p7='?' (Size = 255), @p8='?' (Size = 150), @p9='?' (DbType = Boolean), @p10='?' (DbType = DateTime)], CommandType='"Text"', CommandTimeout='30']
INSERT INTO `enrollments` (`enrollment_id`, `enrolled_at`, `professor_id`, `student_id`, `subject_id`)
VALUES (@p0, @p1, @p2, @p3, @p4);
SELECT `is_active`
FROM `enrollments`
WHERE ROW_COUNT() = 1 AND `enrollment_id` = @p0;

UPDATE `students` SET `created_at` = @p5, `document_number` = @p6, `email` = @p7, `full_name` = @p8, `is_active` = @p9, `updated_at` = @p10
WHERE `student_id` = @p11;
SELECT ROW_COUNT();
2026-05-03 19:21:07.039 -05:00 [INF] Student "77e354a0-a13e-4fa1-b576-a5b9e0782214" enrolled in subject "20000000-0000-0000-0000-000000000007"
2026-05-03 19:21:07.040 -05:00 [INF] Executing ObjectResult, writing value of type 'StudentRegistration.Application.DTOs.EnrollmentDto'.
2026-05-03 19:21:07.041 -05:00 [INF] Executed action StudentRegistration.Presentation.Controllers.EnrollmentsController.Enroll (StudentRegistration.Presentation) in 24.424ms
2026-05-03 19:21:07.042 -05:00 [INF] Executed endpoint 'StudentRegistration.Presentation.Controllers.EnrollmentsController.Enroll (StudentRegistration.Presentation)'
2026-05-03 19:21:07.043 -05:00 [INF] HTTP POST /api/v1/students/77e354a0-a13e-4fa1-b576-a5b9e0782214/enrollments responded 201 in 28.7327 ms
2026-05-03 19:21:07.045 -05:00 [INF] Request finished HTTP/1.1 POST https://localhost:7082/api/v1/students/77e354a0-a13e-4fa1-b576-a5b9e0782214/enrollments - 201 null application/json; charset=utf-8 33.2406ms
2026-05-03 19:21:07.054 -05:00 [INF] Request starting HTTP/1.1 GET https://localhost:7082/api/v1/students/77e354a0-a13e-4fa1-b576-a5b9e0782214 - null null
2026-05-03 19:21:07.056 -05:00 [INF] Executing endpoint 'StudentRegistration.Presentation.Controllers.StudentsController.GetById (StudentRegistration.Presentation)'
2026-05-03 19:21:07.057 -05:00 [INF] Route matched with {action = "GetById", controller = "Students"}. Executing controller action with signature System.Threading.Tasks.Task`1[Microsoft.AspNetCore.Mvc.IActionResult] GetById(System.Guid, System.Threading.CancellationToken) on controller StudentRegistration.Presentation.Controllers.StudentsController (StudentRegistration.Presentation).
2026-05-03 19:21:07.058 -05:00 [INF] Getting student "77e354a0-a13e-4fa1-b576-a5b9e0782214"
2026-05-03 19:21:07.062 -05:00 [INF] Executed DbCommand (1ms) [Parameters=[@__id_0='?' (DbType = Guid)], CommandType='"Text"', CommandTimeout='30']
SELECT `t`.`student_id`, `t`.`created_at`, `t`.`document_number`, `t`.`email`, `t`.`full_name`, `t`.`is_active`, `t`.`updated_at`, `t0`.`enrollment_id`, `t0`.`enrolled_at`, `t0`.`is_active`, `t0`.`professor_id`, `t0`.`student_id`, `t0`.`subject_id`, `t0`.`subject_id0`, `t0`.`credits`, `t0`.`name`, `t0`.`professor_id0`, `t0`.`professor_id1`, `t0`.`full_name`
FROM (
    SELECT `s`.`student_id`, `s`.`created_at`, `s`.`document_number`, `s`.`email`, `s`.`full_name`, `s`.`is_active`, `s`.`updated_at`
    FROM `students` AS `s`
    WHERE `s`.`student_id` = @__id_0
    LIMIT 1
) AS `t`
LEFT JOIN (
    SELECT `e`.`enrollment_id`, `e`.`enrolled_at`, `e`.`is_active`, `e`.`professor_id`, `e`.`student_id`, `e`.`subject_id`, `s0`.`subject_id` AS `subject_id0`, `s0`.`credits`, `s0`.`name`, `s0`.`professor_id` AS `professor_id0`, `p`.`professor_id` AS `professor_id1`, `p`.`full_name`
    FROM `enrollments` AS `e`
    INNER JOIN `subjects` AS `s0` ON `e`.`subject_id` = `s0`.`subject_id`
    INNER JOIN `professors` AS `p` ON `s0`.`professor_id` = `p`.`professor_id`
) AS `t0` ON `t`.`student_id` = `t0`.`student_id`
ORDER BY `t`.`student_id`, `t0`.`enrollment_id`, `t0`.`subject_id0`
2026-05-03 19:21:07.064 -05:00 [INF] Student "77e354a0-a13e-4fa1-b576-a5b9e0782214" retrieved
2026-05-03 19:21:07.065 -05:00 [INF] Executing OkObjectResult, writing value of type 'StudentRegistration.Application.DTOs.StudentDto'.
2026-05-03 19:21:07.066 -05:00 [INF] Executed action StudentRegistration.Presentation.Controllers.StudentsController.GetById (StudentRegistration.Presentation) in 7.8569ms
2026-05-03 19:21:07.067 -05:00 [INF] Executed endpoint 'StudentRegistration.Presentation.Controllers.StudentsController.GetById (StudentRegistration.Presentation)'
2026-05-03 19:21:07.069 -05:00 [INF] HTTP GET /api/v1/students/77e354a0-a13e-4fa1-b576-a5b9e0782214 responded 200 in 12.8932 ms
2026-05-03 19:21:07.071 -05:00 [INF] Request finished HTTP/1.1 GET https://localhost:7082/api/v1/students/77e354a0-a13e-4fa1-b576-a5b9e0782214 - 200 null application/json; charset=utf-8 17.0388ms
2026-05-03 19:21:08.941 -05:00 [INF] Request starting HTTP/1.1 POST https://localhost:7082/api/v1/students/77e354a0-a13e-4fa1-b576-a5b9e0782214/enrollments - application/json 52
2026-05-03 19:21:08.943 -05:00 [INF] No CORS policy found for the specified request.
2026-05-03 19:21:08.944 -05:00 [INF] Executing endpoint 'StudentRegistration.Presentation.Controllers.EnrollmentsController.Enroll (StudentRegistration.Presentation)'
2026-05-03 19:21:08.945 -05:00 [INF] Route matched with {action = "Enroll", controller = "Enrollments"}. Executing controller action with signature System.Threading.Tasks.Task`1[Microsoft.AspNetCore.Mvc.IActionResult] Enroll(System.Guid, StudentRegistration.Application.Commands.EnrollStudentCommand, System.Threading.CancellationToken) on controller StudentRegistration.Presentation.Controllers.EnrollmentsController (StudentRegistration.Presentation).
2026-05-03 19:21:08.947 -05:00 [INF] Enrolling student "77e354a0-a13e-4fa1-b576-a5b9e0782214" in subject "20000000-0000-0000-0000-000000000002"
2026-05-03 19:21:08.951 -05:00 [INF] Executed DbCommand (2ms) [Parameters=[@__id_0='?' (DbType = Guid)], CommandType='"Text"', CommandTimeout='30']
SELECT `t`.`student_id`, `t`.`created_at`, `t`.`document_number`, `t`.`email`, `t`.`full_name`, `t`.`is_active`, `t`.`updated_at`, `t0`.`enrollment_id`, `t0`.`enrolled_at`, `t0`.`is_active`, `t0`.`professor_id`, `t0`.`student_id`, `t0`.`subject_id`, `t0`.`subject_id0`, `t0`.`credits`, `t0`.`name`, `t0`.`professor_id0`, `t0`.`professor_id1`, `t0`.`full_name`
FROM (
    SELECT `s`.`student_id`, `s`.`created_at`, `s`.`document_number`, `s`.`email`, `s`.`full_name`, `s`.`is_active`, `s`.`updated_at`
    FROM `students` AS `s`
    WHERE `s`.`student_id` = @__id_0
    LIMIT 1
) AS `t`
LEFT JOIN (
    SELECT `e`.`enrollment_id`, `e`.`enrolled_at`, `e`.`is_active`, `e`.`professor_id`, `e`.`student_id`, `e`.`subject_id`, `s0`.`subject_id` AS `subject_id0`, `s0`.`credits`, `s0`.`name`, `s0`.`professor_id` AS `professor_id0`, `p`.`professor_id` AS `professor_id1`, `p`.`full_name`
    FROM `enrollments` AS `e`
    INNER JOIN `subjects` AS `s0` ON `e`.`subject_id` = `s0`.`subject_id`
    INNER JOIN `professors` AS `p` ON `s0`.`professor_id` = `p`.`professor_id`
) AS `t0` ON `t`.`student_id` = `t0`.`student_id`
ORDER BY `t`.`student_id`, `t0`.`enrollment_id`, `t0`.`subject_id0`
2026-05-03 19:21:08.956 -05:00 [INF] Executed DbCommand (1ms) [Parameters=[@__id_0='?' (DbType = Guid)], CommandType='"Text"', CommandTimeout='30']
SELECT `s`.`subject_id`, `s`.`credits`, `s`.`name`, `s`.`professor_id`, `p`.`professor_id`, `p`.`full_name`
FROM `subjects` AS `s`
INNER JOIN `professors` AS `p` ON `s`.`professor_id` = `p`.`professor_id`
WHERE `s`.`subject_id` = @__id_0
LIMIT 1
2026-05-03 19:21:08.961 -05:00 [INF] Executed DbCommand (1ms) [Parameters=[@p0='?' (DbType = Guid), @p1='?' (DbType = DateTime), @p2='?' (DbType = Guid), @p3='?' (DbType = Guid), @p4='?' (DbType = Guid), @p11='?' (DbType = Guid), @p5='?' (DbType = DateTime), @p6='?' (Size = 20), @p7='?' (Size = 255), @p8='?' (Size = 150), @p9='?' (DbType = Boolean), @p10='?' (DbType = DateTime)], CommandType='"Text"', CommandTimeout='30']
INSERT INTO `enrollments` (`enrollment_id`, `enrolled_at`, `professor_id`, `student_id`, `subject_id`)
VALUES (@p0, @p1, @p2, @p3, @p4);
SELECT `is_active`
FROM `enrollments`
WHERE ROW_COUNT() = 1 AND `enrollment_id` = @p0;

UPDATE `students` SET `created_at` = @p5, `document_number` = @p6, `email` = @p7, `full_name` = @p8, `is_active` = @p9, `updated_at` = @p10
WHERE `student_id` = @p11;
SELECT ROW_COUNT();
2026-05-03 19:21:08.966 -05:00 [INF] Student "77e354a0-a13e-4fa1-b576-a5b9e0782214" enrolled in subject "20000000-0000-0000-0000-000000000002"
2026-05-03 19:21:08.967 -05:00 [INF] Executing ObjectResult, writing value of type 'StudentRegistration.Application.DTOs.EnrollmentDto'.
2026-05-03 19:21:08.968 -05:00 [INF] Executed action StudentRegistration.Presentation.Controllers.EnrollmentsController.Enroll (StudentRegistration.Presentation) in 21.3914ms
2026-05-03 19:21:08.969 -05:00 [INF] Executed endpoint 'StudentRegistration.Presentation.Controllers.EnrollmentsController.Enroll (StudentRegistration.Presentation)'
2026-05-03 19:21:08.970 -05:00 [INF] HTTP POST /api/v1/students/77e354a0-a13e-4fa1-b576-a5b9e0782214/enrollments responded 201 in 25.8093 ms
2026-05-03 19:21:08.971 -05:00 [INF] Request finished HTTP/1.1 POST https://localhost:7082/api/v1/students/77e354a0-a13e-4fa1-b576-a5b9e0782214/enrollments - 201 null application/json; charset=utf-8 29.8162ms
2026-05-03 19:21:08.978 -05:00 [INF] Request starting HTTP/1.1 GET https://localhost:7082/api/v1/students/77e354a0-a13e-4fa1-b576-a5b9e0782214 - null null
2026-05-03 19:21:08.979 -05:00 [INF] Executing endpoint 'StudentRegistration.Presentation.Controllers.StudentsController.GetById (StudentRegistration.Presentation)'
2026-05-03 19:21:08.980 -05:00 [INF] Route matched with {action = "GetById", controller = "Students"}. Executing controller action with signature System.Threading.Tasks.Task`1[Microsoft.AspNetCore.Mvc.IActionResult] GetById(System.Guid, System.Threading.CancellationToken) on controller StudentRegistration.Presentation.Controllers.StudentsController (StudentRegistration.Presentation).
2026-05-03 19:21:08.981 -05:00 [INF] Getting student "77e354a0-a13e-4fa1-b576-a5b9e0782214"
2026-05-03 19:21:08.986 -05:00 [INF] Executed DbCommand (2ms) [Parameters=[@__id_0='?' (DbType = Guid)], CommandType='"Text"', CommandTimeout='30']
SELECT `t`.`student_id`, `t`.`created_at`, `t`.`document_number`, `t`.`email`, `t`.`full_name`, `t`.`is_active`, `t`.`updated_at`, `t0`.`enrollment_id`, `t0`.`enrolled_at`, `t0`.`is_active`, `t0`.`professor_id`, `t0`.`student_id`, `t0`.`subject_id`, `t0`.`subject_id0`, `t0`.`credits`, `t0`.`name`, `t0`.`professor_id0`, `t0`.`professor_id1`, `t0`.`full_name`
FROM (
    SELECT `s`.`student_id`, `s`.`created_at`, `s`.`document_number`, `s`.`email`, `s`.`full_name`, `s`.`is_active`, `s`.`updated_at`
    FROM `students` AS `s`
    WHERE `s`.`student_id` = @__id_0
    LIMIT 1
) AS `t`
LEFT JOIN (
    SELECT `e`.`enrollment_id`, `e`.`enrolled_at`, `e`.`is_active`, `e`.`professor_id`, `e`.`student_id`, `e`.`subject_id`, `s0`.`subject_id` AS `subject_id0`, `s0`.`credits`, `s0`.`name`, `s0`.`professor_id` AS `professor_id0`, `p`.`professor_id` AS `professor_id1`, `p`.`full_name`
    FROM `enrollments` AS `e`
    INNER JOIN `subjects` AS `s0` ON `e`.`subject_id` = `s0`.`subject_id`
    INNER JOIN `professors` AS `p` ON `s0`.`professor_id` = `p`.`professor_id`
) AS `t0` ON `t`.`student_id` = `t0`.`student_id`
ORDER BY `t`.`student_id`, `t0`.`enrollment_id`, `t0`.`subject_id0`
2026-05-03 19:21:08.988 -05:00 [INF] Student "77e354a0-a13e-4fa1-b576-a5b9e0782214" retrieved
2026-05-03 19:21:08.989 -05:00 [INF] Executing OkObjectResult, writing value of type 'StudentRegistration.Application.DTOs.StudentDto'.
2026-05-03 19:21:08.990 -05:00 [INF] Executed action StudentRegistration.Presentation.Controllers.StudentsController.GetById (StudentRegistration.Presentation) in 8.4727ms
2026-05-03 19:21:08.991 -05:00 [INF] Executed endpoint 'StudentRegistration.Presentation.Controllers.StudentsController.GetById (StudentRegistration.Presentation)'
2026-05-03 19:21:08.992 -05:00 [INF] HTTP GET /api/v1/students/77e354a0-a13e-4fa1-b576-a5b9e0782214 responded 200 in 12.1547 ms
2026-05-03 19:21:08.993 -05:00 [INF] Request finished HTTP/1.1 GET https://localhost:7082/api/v1/students/77e354a0-a13e-4fa1-b576-a5b9e0782214 - 200 null application/json; charset=utf-8 15.1778ms
2026-05-03 19:21:10.858 -05:00 [INF] Request starting HTTP/1.1 POST https://localhost:7082/api/v1/students/77e354a0-a13e-4fa1-b576-a5b9e0782214/enrollments - application/json 52
2026-05-03 19:21:10.860 -05:00 [INF] No CORS policy found for the specified request.
2026-05-03 19:21:10.861 -05:00 [INF] Executing endpoint 'StudentRegistration.Presentation.Controllers.EnrollmentsController.Enroll (StudentRegistration.Presentation)'
2026-05-03 19:21:10.862 -05:00 [INF] Route matched with {action = "Enroll", controller = "Enrollments"}. Executing controller action with signature System.Threading.Tasks.Task`1[Microsoft.AspNetCore.Mvc.IActionResult] Enroll(System.Guid, StudentRegistration.Application.Commands.EnrollStudentCommand, System.Threading.CancellationToken) on controller StudentRegistration.Presentation.Controllers.EnrollmentsController (StudentRegistration.Presentation).
2026-05-03 19:21:10.863 -05:00 [INF] Enrolling student "77e354a0-a13e-4fa1-b576-a5b9e0782214" in subject "20000000-0000-0000-0000-000000000009"
2026-05-03 19:21:10.867 -05:00 [INF] Executed DbCommand (2ms) [Parameters=[@__id_0='?' (DbType = Guid)], CommandType='"Text"', CommandTimeout='30']
SELECT `t`.`student_id`, `t`.`created_at`, `t`.`document_number`, `t`.`email`, `t`.`full_name`, `t`.`is_active`, `t`.`updated_at`, `t0`.`enrollment_id`, `t0`.`enrolled_at`, `t0`.`is_active`, `t0`.`professor_id`, `t0`.`student_id`, `t0`.`subject_id`, `t0`.`subject_id0`, `t0`.`credits`, `t0`.`name`, `t0`.`professor_id0`, `t0`.`professor_id1`, `t0`.`full_name`
FROM (
    SELECT `s`.`student_id`, `s`.`created_at`, `s`.`document_number`, `s`.`email`, `s`.`full_name`, `s`.`is_active`, `s`.`updated_at`
    FROM `students` AS `s`
    WHERE `s`.`student_id` = @__id_0
    LIMIT 1
) AS `t`
LEFT JOIN (
    SELECT `e`.`enrollment_id`, `e`.`enrolled_at`, `e`.`is_active`, `e`.`professor_id`, `e`.`student_id`, `e`.`subject_id`, `s0`.`subject_id` AS `subject_id0`, `s0`.`credits`, `s0`.`name`, `s0`.`professor_id` AS `professor_id0`, `p`.`professor_id` AS `professor_id1`, `p`.`full_name`
    FROM `enrollments` AS `e`
    INNER JOIN `subjects` AS `s0` ON `e`.`subject_id` = `s0`.`subject_id`
    INNER JOIN `professors` AS `p` ON `s0`.`professor_id` = `p`.`professor_id`
) AS `t0` ON `t`.`student_id` = `t0`.`student_id`
ORDER BY `t`.`student_id`, `t0`.`enrollment_id`, `t0`.`subject_id0`
2026-05-03 19:21:10.872 -05:00 [INF] Executed DbCommand (1ms) [Parameters=[@__id_0='?' (DbType = Guid)], CommandType='"Text"', CommandTimeout='30']
SELECT `s`.`subject_id`, `s`.`credits`, `s`.`name`, `s`.`professor_id`, `p`.`professor_id`, `p`.`full_name`
FROM `subjects` AS `s`
INNER JOIN `professors` AS `p` ON `s`.`professor_id` = `p`.`professor_id`
WHERE `s`.`subject_id` = @__id_0
LIMIT 1
2026-05-03 19:21:10.878 -05:00 [INF] Executed DbCommand (1ms) [Parameters=[@p0='?' (DbType = Guid), @p1='?' (DbType = DateTime), @p2='?' (DbType = Guid), @p3='?' (DbType = Guid), @p4='?' (DbType = Guid), @p11='?' (DbType = Guid), @p5='?' (DbType = DateTime), @p6='?' (Size = 20), @p7='?' (Size = 255), @p8='?' (Size = 150), @p9='?' (DbType = Boolean), @p10='?' (DbType = DateTime)], CommandType='"Text"', CommandTimeout='30']
INSERT INTO `enrollments` (`enrollment_id`, `enrolled_at`, `professor_id`, `student_id`, `subject_id`)
VALUES (@p0, @p1, @p2, @p3, @p4);
SELECT `is_active`
FROM `enrollments`
WHERE ROW_COUNT() = 1 AND `enrollment_id` = @p0;

UPDATE `students` SET `created_at` = @p5, `document_number` = @p6, `email` = @p7, `full_name` = @p8, `is_active` = @p9, `updated_at` = @p10
WHERE `student_id` = @p11;
SELECT ROW_COUNT();
2026-05-03 19:21:10.886 -05:00 [INF] Student "77e354a0-a13e-4fa1-b576-a5b9e0782214" enrolled in subject "20000000-0000-0000-0000-000000000009"
2026-05-03 19:21:10.887 -05:00 [INF] Executing ObjectResult, writing value of type 'StudentRegistration.Application.DTOs.EnrollmentDto'.
2026-05-03 19:21:10.888 -05:00 [INF] Executed action StudentRegistration.Presentation.Controllers.EnrollmentsController.Enroll (StudentRegistration.Presentation) in 24.9857ms
2026-05-03 19:21:10.889 -05:00 [INF] Executed endpoint 'StudentRegistration.Presentation.Controllers.EnrollmentsController.Enroll (StudentRegistration.Presentation)'
2026-05-03 19:21:10.890 -05:00 [INF] HTTP POST /api/v1/students/77e354a0-a13e-4fa1-b576-a5b9e0782214/enrollments responded 201 in 28.7658 ms
2026-05-03 19:21:10.891 -05:00 [INF] Request finished HTTP/1.1 POST https://localhost:7082/api/v1/students/77e354a0-a13e-4fa1-b576-a5b9e0782214/enrollments - 201 null application/json; charset=utf-8 32.8331ms
2026-05-03 19:21:10.898 -05:00 [INF] Request starting HTTP/1.1 GET https://localhost:7082/api/v1/students/77e354a0-a13e-4fa1-b576-a5b9e0782214 - null null
2026-05-03 19:21:10.899 -05:00 [INF] Executing endpoint 'StudentRegistration.Presentation.Controllers.StudentsController.GetById (StudentRegistration.Presentation)'
2026-05-03 19:21:10.900 -05:00 [INF] Route matched with {action = "GetById", controller = "Students"}. Executing controller action with signature System.Threading.Tasks.Task`1[Microsoft.AspNetCore.Mvc.IActionResult] GetById(System.Guid, System.Threading.CancellationToken) on controller StudentRegistration.Presentation.Controllers.StudentsController (StudentRegistration.Presentation).
2026-05-03 19:21:10.902 -05:00 [INF] Getting student "77e354a0-a13e-4fa1-b576-a5b9e0782214"
2026-05-03 19:21:10.906 -05:00 [INF] Executed DbCommand (2ms) [Parameters=[@__id_0='?' (DbType = Guid)], CommandType='"Text"', CommandTimeout='30']
SELECT `t`.`student_id`, `t`.`created_at`, `t`.`document_number`, `t`.`email`, `t`.`full_name`, `t`.`is_active`, `t`.`updated_at`, `t0`.`enrollment_id`, `t0`.`enrolled_at`, `t0`.`is_active`, `t0`.`professor_id`, `t0`.`student_id`, `t0`.`subject_id`, `t0`.`subject_id0`, `t0`.`credits`, `t0`.`name`, `t0`.`professor_id0`, `t0`.`professor_id1`, `t0`.`full_name`
FROM (
    SELECT `s`.`student_id`, `s`.`created_at`, `s`.`document_number`, `s`.`email`, `s`.`full_name`, `s`.`is_active`, `s`.`updated_at`
    FROM `students` AS `s`
    WHERE `s`.`student_id` = @__id_0
    LIMIT 1
) AS `t`
LEFT JOIN (
    SELECT `e`.`enrollment_id`, `e`.`enrolled_at`, `e`.`is_active`, `e`.`professor_id`, `e`.`student_id`, `e`.`subject_id`, `s0`.`subject_id` AS `subject_id0`, `s0`.`credits`, `s0`.`name`, `s0`.`professor_id` AS `professor_id0`, `p`.`professor_id` AS `professor_id1`, `p`.`full_name`
    FROM `enrollments` AS `e`
    INNER JOIN `subjects` AS `s0` ON `e`.`subject_id` = `s0`.`subject_id`
    INNER JOIN `professors` AS `p` ON `s0`.`professor_id` = `p`.`professor_id`
) AS `t0` ON `t`.`student_id` = `t0`.`student_id`
ORDER BY `t`.`student_id`, `t0`.`enrollment_id`, `t0`.`subject_id0`
2026-05-03 19:21:10.908 -05:00 [INF] Student "77e354a0-a13e-4fa1-b576-a5b9e0782214" retrieved
2026-05-03 19:21:10.909 -05:00 [INF] Executing OkObjectResult, writing value of type 'StudentRegistration.Application.DTOs.StudentDto'.
2026-05-03 19:21:10.910 -05:00 [INF] Executed action StudentRegistration.Presentation.Controllers.StudentsController.GetById (StudentRegistration.Presentation) in 8.3191ms
2026-05-03 19:21:10.911 -05:00 [INF] Executed endpoint 'StudentRegistration.Presentation.Controllers.StudentsController.GetById (StudentRegistration.Presentation)'
2026-05-03 19:21:10.912 -05:00 [INF] HTTP GET /api/v1/students/77e354a0-a13e-4fa1-b576-a5b9e0782214 responded 200 in 12.8929 ms
2026-05-03 19:21:10.914 -05:00 [INF] Request finished HTTP/1.1 GET https://localhost:7082/api/v1/students/77e354a0-a13e-4fa1-b576-a5b9e0782214 - 200 null application/json; charset=utf-8 15.9669ms
2026-05-03 19:21:12.269 -05:00 [INF] Request starting HTTP/1.1 POST https://localhost:7082/api/v1/students/77e354a0-a13e-4fa1-b576-a5b9e0782214/enrollments - application/json 52
2026-05-03 19:21:12.271 -05:00 [INF] No CORS policy found for the specified request.
2026-05-03 19:21:12.271 -05:00 [INF] Executing endpoint 'StudentRegistration.Presentation.Controllers.EnrollmentsController.Enroll (StudentRegistration.Presentation)'
2026-05-03 19:21:12.272 -05:00 [INF] Route matched with {action = "Enroll", controller = "Enrollments"}. Executing controller action with signature System.Threading.Tasks.Task`1[Microsoft.AspNetCore.Mvc.IActionResult] Enroll(System.Guid, StudentRegistration.Application.Commands.EnrollStudentCommand, System.Threading.CancellationToken) on controller StudentRegistration.Presentation.Controllers.EnrollmentsController (StudentRegistration.Presentation).
2026-05-03 19:21:12.274 -05:00 [INF] Enrolling student "77e354a0-a13e-4fa1-b576-a5b9e0782214" in subject "20000000-0000-0000-0000-000000000005"
2026-05-03 19:21:12.278 -05:00 [INF] Executed DbCommand (2ms) [Parameters=[@__id_0='?' (DbType = Guid)], CommandType='"Text"', CommandTimeout='30']
SELECT `t`.`student_id`, `t`.`created_at`, `t`.`document_number`, `t`.`email`, `t`.`full_name`, `t`.`is_active`, `t`.`updated_at`, `t0`.`enrollment_id`, `t0`.`enrolled_at`, `t0`.`is_active`, `t0`.`professor_id`, `t0`.`student_id`, `t0`.`subject_id`, `t0`.`subject_id0`, `t0`.`credits`, `t0`.`name`, `t0`.`professor_id0`, `t0`.`professor_id1`, `t0`.`full_name`
FROM (
    SELECT `s`.`student_id`, `s`.`created_at`, `s`.`document_number`, `s`.`email`, `s`.`full_name`, `s`.`is_active`, `s`.`updated_at`
    FROM `students` AS `s`
    WHERE `s`.`student_id` = @__id_0
    LIMIT 1
) AS `t`
LEFT JOIN (
    SELECT `e`.`enrollment_id`, `e`.`enrolled_at`, `e`.`is_active`, `e`.`professor_id`, `e`.`student_id`, `e`.`subject_id`, `s0`.`subject_id` AS `subject_id0`, `s0`.`credits`, `s0`.`name`, `s0`.`professor_id` AS `professor_id0`, `p`.`professor_id` AS `professor_id1`, `p`.`full_name`
    FROM `enrollments` AS `e`
    INNER JOIN `subjects` AS `s0` ON `e`.`subject_id` = `s0`.`subject_id`
    INNER JOIN `professors` AS `p` ON `s0`.`professor_id` = `p`.`professor_id`
) AS `t0` ON `t`.`student_id` = `t0`.`student_id`
ORDER BY `t`.`student_id`, `t0`.`enrollment_id`, `t0`.`subject_id0`
2026-05-03 19:21:12.283 -05:00 [INF] Executed DbCommand (1ms) [Parameters=[@__id_0='?' (DbType = Guid)], CommandType='"Text"', CommandTimeout='30']
SELECT `s`.`subject_id`, `s`.`credits`, `s`.`name`, `s`.`professor_id`, `p`.`professor_id`, `p`.`full_name`
FROM `subjects` AS `s`
INNER JOIN `professors` AS `p` ON `s`.`professor_id` = `p`.`professor_id`
WHERE `s`.`subject_id` = @__id_0
LIMIT 1
2026-05-03 19:21:12.337 -05:00 [INF] Executed action StudentRegistration.Presentation.Controllers.EnrollmentsController.Enroll (StudentRegistration.Presentation) in 63.5998ms
2026-05-03 19:21:12.338 -05:00 [INF] Executed endpoint 'StudentRegistration.Presentation.Controllers.EnrollmentsController.Enroll (StudentRegistration.Presentation)'
2026-05-03 19:21:12.340 -05:00 [ERR] HTTP POST /api/v1/students/77e354a0-a13e-4fa1-b576-a5b9e0782214/enrollments responded 500 in 68.7328 ms
StudentRegistration.Domain.Exceptions.MaxEnrollmentsExceededException: El estudiante ya tiene 3 materias inscritas.
   at StudentRegistration.Domain.Entities.Student.AddEnrollment(Subject subject) in C:\Users\VALERIA\source\repos\StudentRegistration.API\StudentRegistration.Domain\Entities\Student.cs:line 102
   at StudentRegistration.Application.UseCases.EnrollStudentUseCase.ExecuteAsync(EnrollStudentCommand request, CancellationToken ct)
   at StudentRegistration.Presentation.Controllers.EnrollmentsController.Enroll(Guid studentId, EnrollStudentCommand command, CancellationToken ct)
   at Microsoft.AspNetCore.Mvc.Infrastructure.ActionMethodExecutor.TaskOfIActionResultExecutor.Execute(ActionContext actionContext, IActionResultTypeMapper mapper, ObjectMethodExecutor executor, Object controller, Object[] arguments)
   at Microsoft.AspNetCore.Mvc.Infrastructure.ControllerActionInvoker.<InvokeActionMethodAsync>g__Awaited|12_0(ControllerActionInvoker invoker, ValueTask`1 actionResultValueTask)
   at Microsoft.AspNetCore.Mvc.Infrastructure.ControllerActionInvoker.<InvokeNextActionFilterAsync>g__Awaited|10_0(ControllerActionInvoker invoker, Task lastTask, State next, Scope scope, Object state, Boolean isCompleted)
   at Microsoft.AspNetCore.Mvc.Infrastructure.ControllerActionInvoker.Rethrow(ActionExecutedContextSealed context)
   at Microsoft.AspNetCore.Mvc.Infrastructure.ControllerActionInvoker.Next(State& next, Scope& scope, Object& state, Boolean& isCompleted)
   at Microsoft.AspNetCore.Mvc.Infrastructure.ControllerActionInvoker.<InvokeInnerFilterAsync>g__Awaited|13_0(ControllerActionInvoker invoker, Task lastTask, State next, Scope scope, Object state, Boolean isCompleted)
   at Microsoft.AspNetCore.Mvc.Infrastructure.ResourceInvoker.<InvokeFilterPipelineAsync>g__Awaited|20_0(ResourceInvoker invoker, Task lastTask, State next, Scope scope, Object state, Boolean isCompleted)
   at Microsoft.AspNetCore.Mvc.Infrastructure.ResourceInvoker.<InvokeAsync>g__Logged|17_1(ResourceInvoker invoker)
   at Microsoft.AspNetCore.Mvc.Infrastructure.ResourceInvoker.<InvokeAsync>g__Logged|17_1(ResourceInvoker invoker)
   at Microsoft.AspNetCore.Routing.EndpointMiddleware.<Invoke>g__AwaitRequestTask|7_0(Endpoint endpoint, Task requestTask, ILogger logger)
   at Microsoft.AspNetCore.Authorization.AuthorizationMiddleware.Invoke(HttpContext context)
   at Swashbuckle.AspNetCore.SwaggerUI.SwaggerUIMiddleware.Invoke(HttpContext httpContext)
   at Swashbuckle.AspNetCore.Swagger.SwaggerMiddleware.Invoke(HttpContext httpContext, ISwaggerProvider swaggerProvider)
   at Serilog.AspNetCore.RequestLoggingMiddleware.Invoke(HttpContext httpContext)
2026-05-03 19:21:12.408 -05:00 [WRN] Domain exception: El estudiante ya tiene 3 materias inscritas.. TraceId: 0HNL9BU891P3O:00000001
2026-05-03 19:21:12.411 -05:00 [INF] Request finished HTTP/1.1 POST https://localhost:7082/api/v1/students/77e354a0-a13e-4fa1-b576-a5b9e0782214/enrollments - 422 null application/json 142.4933ms
2026-05-03 19:22:21.841 -05:00 [INF] Request starting HTTP/1.1 GET https://localhost:7082/api/v1/students/77e354a0-a13e-4fa1-b576-a5b9e0782214 - null null
2026-05-03 19:22:21.843 -05:00 [INF] Request starting HTTP/1.1 GET https://localhost:7082/api/v1/subjects - null null
2026-05-03 19:22:21.846 -05:00 [INF] Executing endpoint 'StudentRegistration.Presentation.Controllers.StudentsController.GetById (StudentRegistration.Presentation)'
2026-05-03 19:22:21.848 -05:00 [INF] Executing endpoint 'StudentRegistration.Presentation.Controllers.SubjectsController.GetAll (StudentRegistration.Presentation)'
2026-05-03 19:22:21.849 -05:00 [INF] Route matched with {action = "GetById", controller = "Students"}. Executing controller action with signature System.Threading.Tasks.Task`1[Microsoft.AspNetCore.Mvc.IActionResult] GetById(System.Guid, System.Threading.CancellationToken) on controller StudentRegistration.Presentation.Controllers.StudentsController (StudentRegistration.Presentation).
2026-05-03 19:22:21.850 -05:00 [INF] Route matched with {action = "GetAll", controller = "Subjects"}. Executing controller action with signature System.Threading.Tasks.Task`1[Microsoft.AspNetCore.Mvc.IActionResult] GetAll(System.Threading.CancellationToken) on controller StudentRegistration.Presentation.Controllers.SubjectsController (StudentRegistration.Presentation).
2026-05-03 19:22:21.852 -05:00 [INF] Getting student "77e354a0-a13e-4fa1-b576-a5b9e0782214"
2026-05-03 19:22:21.853 -05:00 [INF] Getting all subjects
2026-05-03 19:22:21.860 -05:00 [INF] Executed DbCommand (3ms) [Parameters=[@__id_0='?' (DbType = Guid)], CommandType='"Text"', CommandTimeout='30']
SELECT `t`.`student_id`, `t`.`created_at`, `t`.`document_number`, `t`.`email`, `t`.`full_name`, `t`.`is_active`, `t`.`updated_at`, `t0`.`enrollment_id`, `t0`.`enrolled_at`, `t0`.`is_active`, `t0`.`professor_id`, `t0`.`student_id`, `t0`.`subject_id`, `t0`.`subject_id0`, `t0`.`credits`, `t0`.`name`, `t0`.`professor_id0`, `t0`.`professor_id1`, `t0`.`full_name`
FROM (
    SELECT `s`.`student_id`, `s`.`created_at`, `s`.`document_number`, `s`.`email`, `s`.`full_name`, `s`.`is_active`, `s`.`updated_at`
    FROM `students` AS `s`
    WHERE `s`.`student_id` = @__id_0
    LIMIT 1
) AS `t`
LEFT JOIN (
    SELECT `e`.`enrollment_id`, `e`.`enrolled_at`, `e`.`is_active`, `e`.`professor_id`, `e`.`student_id`, `e`.`subject_id`, `s0`.`subject_id` AS `subject_id0`, `s0`.`credits`, `s0`.`name`, `s0`.`professor_id` AS `professor_id0`, `p`.`professor_id` AS `professor_id1`, `p`.`full_name`
    FROM `enrollments` AS `e`
    INNER JOIN `subjects` AS `s0` ON `e`.`subject_id` = `s0`.`subject_id`
    INNER JOIN `professors` AS `p` ON `s0`.`professor_id` = `p`.`professor_id`
) AS `t0` ON `t`.`student_id` = `t0`.`student_id`
ORDER BY `t`.`student_id`, `t0`.`enrollment_id`, `t0`.`subject_id0`
2026-05-03 19:22:21.871 -05:00 [INF] Executed DbCommand (2ms) [Parameters=[], CommandType='"Text"', CommandTimeout='30']
SELECT `s`.`subject_id`, `s`.`credits`, `s`.`name`, `s`.`professor_id`, `p`.`professor_id`, `p`.`full_name`
FROM `subjects` AS `s`
INNER JOIN `professors` AS `p` ON `s`.`professor_id` = `p`.`professor_id`
2026-05-03 19:22:21.872 -05:00 [INF] Student "77e354a0-a13e-4fa1-b576-a5b9e0782214" retrieved
2026-05-03 19:22:21.876 -05:00 [INF] Found 10 subjects
2026-05-03 19:22:21.877 -05:00 [INF] Executing OkObjectResult, writing value of type 'StudentRegistration.Application.DTOs.StudentDto'.
2026-05-03 19:22:21.877 -05:00 [INF] Executing OkObjectResult, writing value of type 'System.Collections.Generic.List`1[[StudentRegistration.Application.DTOs.SubjectDto, StudentRegistration.Application, Version=1.0.0.0, Culture=neutral, PublicKeyToken=null]]'.
2026-05-03 19:22:21.879 -05:00 [INF] Executed action StudentRegistration.Presentation.Controllers.StudentsController.GetById (StudentRegistration.Presentation) in 26.6808ms
2026-05-03 19:22:21.879 -05:00 [INF] Executed action StudentRegistration.Presentation.Controllers.SubjectsController.GetAll (StudentRegistration.Presentation) in 25.992ms
2026-05-03 19:22:21.880 -05:00 [INF] Executed endpoint 'StudentRegistration.Presentation.Controllers.StudentsController.GetById (StudentRegistration.Presentation)'
2026-05-03 19:22:21.882 -05:00 [INF] Executed endpoint 'StudentRegistration.Presentation.Controllers.SubjectsController.GetAll (StudentRegistration.Presentation)'
2026-05-03 19:22:21.883 -05:00 [INF] HTTP GET /api/v1/students/77e354a0-a13e-4fa1-b576-a5b9e0782214 responded 200 in 37.0188 ms
2026-05-03 19:22:21.884 -05:00 [INF] HTTP GET /api/v1/subjects responded 200 in 35.8257 ms
2026-05-03 19:22:21.887 -05:00 [INF] Request finished HTTP/1.1 GET https://localhost:7082/api/v1/students/77e354a0-a13e-4fa1-b576-a5b9e0782214 - 200 null application/json; charset=utf-8 46.6846ms
2026-05-03 19:22:21.889 -05:00 [INF] Request finished HTTP/1.1 GET https://localhost:7082/api/v1/subjects - 200 null application/json; charset=utf-8 48.255ms
2026-05-03 19:22:25.595 -05:00 [INF] Request starting HTTP/1.1 POST https://localhost:7082/api/v1/students/77e354a0-a13e-4fa1-b576-a5b9e0782214/enrollments - application/json 52
2026-05-03 19:22:25.597 -05:00 [INF] No CORS policy found for the specified request.
2026-05-03 19:22:25.598 -05:00 [INF] Executing endpoint 'StudentRegistration.Presentation.Controllers.EnrollmentsController.Enroll (StudentRegistration.Presentation)'
2026-05-03 19:22:25.599 -05:00 [INF] Route matched with {action = "Enroll", controller = "Enrollments"}. Executing controller action with signature System.Threading.Tasks.Task`1[Microsoft.AspNetCore.Mvc.IActionResult] Enroll(System.Guid, StudentRegistration.Application.Commands.EnrollStudentCommand, System.Threading.CancellationToken) on controller StudentRegistration.Presentation.Controllers.EnrollmentsController (StudentRegistration.Presentation).
2026-05-03 19:22:25.601 -05:00 [INF] Enrolling student "77e354a0-a13e-4fa1-b576-a5b9e0782214" in subject "20000000-0000-0000-0000-000000000004"
2026-05-03 19:22:25.605 -05:00 [INF] Executed DbCommand (1ms) [Parameters=[@__id_0='?' (DbType = Guid)], CommandType='"Text"', CommandTimeout='30']
SELECT `t`.`student_id`, `t`.`created_at`, `t`.`document_number`, `t`.`email`, `t`.`full_name`, `t`.`is_active`, `t`.`updated_at`, `t0`.`enrollment_id`, `t0`.`enrolled_at`, `t0`.`is_active`, `t0`.`professor_id`, `t0`.`student_id`, `t0`.`subject_id`, `t0`.`subject_id0`, `t0`.`credits`, `t0`.`name`, `t0`.`professor_id0`, `t0`.`professor_id1`, `t0`.`full_name`
FROM (
    SELECT `s`.`student_id`, `s`.`created_at`, `s`.`document_number`, `s`.`email`, `s`.`full_name`, `s`.`is_active`, `s`.`updated_at`
    FROM `students` AS `s`
    WHERE `s`.`student_id` = @__id_0
    LIMIT 1
) AS `t`
LEFT JOIN (
    SELECT `e`.`enrollment_id`, `e`.`enrolled_at`, `e`.`is_active`, `e`.`professor_id`, `e`.`student_id`, `e`.`subject_id`, `s0`.`subject_id` AS `subject_id0`, `s0`.`credits`, `s0`.`name`, `s0`.`professor_id` AS `professor_id0`, `p`.`professor_id` AS `professor_id1`, `p`.`full_name`
    FROM `enrollments` AS `e`
    INNER JOIN `subjects` AS `s0` ON `e`.`subject_id` = `s0`.`subject_id`
    INNER JOIN `professors` AS `p` ON `s0`.`professor_id` = `p`.`professor_id`
) AS `t0` ON `t`.`student_id` = `t0`.`student_id`
ORDER BY `t`.`student_id`, `t0`.`enrollment_id`, `t0`.`subject_id0`
2026-05-03 19:22:25.610 -05:00 [INF] Executed DbCommand (1ms) [Parameters=[@__id_0='?' (DbType = Guid)], CommandType='"Text"', CommandTimeout='30']
SELECT `s`.`subject_id`, `s`.`credits`, `s`.`name`, `s`.`professor_id`, `p`.`professor_id`, `p`.`full_name`
FROM `subjects` AS `s`
INNER JOIN `professors` AS `p` ON `s`.`professor_id` = `p`.`professor_id`
WHERE `s`.`subject_id` = @__id_0
LIMIT 1
2026-05-03 19:22:25.659 -05:00 [INF] Executed action StudentRegistration.Presentation.Controllers.EnrollmentsController.Enroll (StudentRegistration.Presentation) in 59.3522ms
2026-05-03 19:22:25.661 -05:00 [INF] Executed endpoint 'StudentRegistration.Presentation.Controllers.EnrollmentsController.Enroll (StudentRegistration.Presentation)'
2026-05-03 19:22:25.663 -05:00 [ERR] HTTP POST /api/v1/students/77e354a0-a13e-4fa1-b576-a5b9e0782214/enrollments responded 500 in 64.5715 ms
StudentRegistration.Domain.Exceptions.MaxEnrollmentsExceededException: El estudiante ya tiene 3 materias inscritas.
   at StudentRegistration.Domain.Entities.Student.AddEnrollment(Subject subject) in C:\Users\VALERIA\source\repos\StudentRegistration.API\StudentRegistration.Domain\Entities\Student.cs:line 102
   at StudentRegistration.Application.UseCases.EnrollStudentUseCase.ExecuteAsync(EnrollStudentCommand request, CancellationToken ct)
   at StudentRegistration.Presentation.Controllers.EnrollmentsController.Enroll(Guid studentId, EnrollStudentCommand command, CancellationToken ct)
   at Microsoft.AspNetCore.Mvc.Infrastructure.ActionMethodExecutor.TaskOfIActionResultExecutor.Execute(ActionContext actionContext, IActionResultTypeMapper mapper, ObjectMethodExecutor executor, Object controller, Object[] arguments)
   at Microsoft.AspNetCore.Mvc.Infrastructure.ControllerActionInvoker.<InvokeActionMethodAsync>g__Awaited|12_0(ControllerActionInvoker invoker, ValueTask`1 actionResultValueTask)
   at Microsoft.AspNetCore.Mvc.Infrastructure.ControllerActionInvoker.<InvokeNextActionFilterAsync>g__Awaited|10_0(ControllerActionInvoker invoker, Task lastTask, State next, Scope scope, Object state, Boolean isCompleted)
   at Microsoft.AspNetCore.Mvc.Infrastructure.ControllerActionInvoker.Rethrow(ActionExecutedContextSealed context)
   at Microsoft.AspNetCore.Mvc.Infrastructure.ControllerActionInvoker.Next(State& next, Scope& scope, Object& state, Boolean& isCompleted)
   at Microsoft.AspNetCore.Mvc.Infrastructure.ControllerActionInvoker.<InvokeInnerFilterAsync>g__Awaited|13_0(ControllerActionInvoker invoker, Task lastTask, State next, Scope scope, Object state, Boolean isCompleted)
   at Microsoft.AspNetCore.Mvc.Infrastructure.ResourceInvoker.<InvokeFilterPipelineAsync>g__Awaited|20_0(ResourceInvoker invoker, Task lastTask, State next, Scope scope, Object state, Boolean isCompleted)
   at Microsoft.AspNetCore.Mvc.Infrastructure.ResourceInvoker.<InvokeAsync>g__Logged|17_1(ResourceInvoker invoker)
   at Microsoft.AspNetCore.Mvc.Infrastructure.ResourceInvoker.<InvokeAsync>g__Logged|17_1(ResourceInvoker invoker)
   at Microsoft.AspNetCore.Routing.EndpointMiddleware.<Invoke>g__AwaitRequestTask|7_0(Endpoint endpoint, Task requestTask, ILogger logger)
   at Microsoft.AspNetCore.Authorization.AuthorizationMiddleware.Invoke(HttpContext context)
   at Swashbuckle.AspNetCore.SwaggerUI.SwaggerUIMiddleware.Invoke(HttpContext httpContext)
   at Swashbuckle.AspNetCore.Swagger.SwaggerMiddleware.Invoke(HttpContext httpContext, ISwaggerProvider swaggerProvider)
   at Serilog.AspNetCore.RequestLoggingMiddleware.Invoke(HttpContext httpContext)
2026-05-03 19:22:25.727 -05:00 [WRN] Domain exception: El estudiante ya tiene 3 materias inscritas.. TraceId: 0HNL9BU891P3R:00000001
2026-05-03 19:22:25.728 -05:00 [INF] Request finished HTTP/1.1 POST https://localhost:7082/api/v1/students/77e354a0-a13e-4fa1-b576-a5b9e0782214/enrollments - 422 null application/json 133.2527ms
2026-05-03 19:23:39.189 -05:00 [INF] Request starting HTTP/1.1 GET https://localhost:7082/api/v1/students/77e354a0-a13e-4fa1-b576-a5b9e0782214 - null null
2026-05-03 19:23:39.196 -05:00 [INF] Request starting HTTP/1.1 GET https://localhost:7082/api/v1/subjects - null null
2026-05-03 19:23:39.215 -05:00 [INF] Executing endpoint 'StudentRegistration.Presentation.Controllers.StudentsController.GetById (StudentRegistration.Presentation)'
2026-05-03 19:23:39.218 -05:00 [INF] Executing endpoint 'StudentRegistration.Presentation.Controllers.SubjectsController.GetAll (StudentRegistration.Presentation)'
2026-05-03 19:23:39.218 -05:00 [INF] Route matched with {action = "GetById", controller = "Students"}. Executing controller action with signature System.Threading.Tasks.Task`1[Microsoft.AspNetCore.Mvc.IActionResult] GetById(System.Guid, System.Threading.CancellationToken) on controller StudentRegistration.Presentation.Controllers.StudentsController (StudentRegistration.Presentation).
2026-05-03 19:23:39.226 -05:00 [INF] Route matched with {action = "GetAll", controller = "Subjects"}. Executing controller action with signature System.Threading.Tasks.Task`1[Microsoft.AspNetCore.Mvc.IActionResult] GetAll(System.Threading.CancellationToken) on controller StudentRegistration.Presentation.Controllers.SubjectsController (StudentRegistration.Presentation).
2026-05-03 19:23:39.230 -05:00 [INF] Getting student "77e354a0-a13e-4fa1-b576-a5b9e0782214"
2026-05-03 19:23:39.248 -05:00 [INF] Getting all subjects
2026-05-03 19:23:39.253 -05:00 [INF] Executed DbCommand (2ms) [Parameters=[@__id_0='?' (DbType = Guid)], CommandType='"Text"', CommandTimeout='30']
SELECT `t`.`student_id`, `t`.`created_at`, `t`.`document_number`, `t`.`email`, `t`.`full_name`, `t`.`is_active`, `t`.`updated_at`, `t0`.`enrollment_id`, `t0`.`enrolled_at`, `t0`.`is_active`, `t0`.`professor_id`, `t0`.`student_id`, `t0`.`subject_id`, `t0`.`subject_id0`, `t0`.`credits`, `t0`.`name`, `t0`.`professor_id0`, `t0`.`professor_id1`, `t0`.`full_name`
FROM (
    SELECT `s`.`student_id`, `s`.`created_at`, `s`.`document_number`, `s`.`email`, `s`.`full_name`, `s`.`is_active`, `s`.`updated_at`
    FROM `students` AS `s`
    WHERE `s`.`student_id` = @__id_0
    LIMIT 1
) AS `t`
LEFT JOIN (
    SELECT `e`.`enrollment_id`, `e`.`enrolled_at`, `e`.`is_active`, `e`.`professor_id`, `e`.`student_id`, `e`.`subject_id`, `s0`.`subject_id` AS `subject_id0`, `s0`.`credits`, `s0`.`name`, `s0`.`professor_id` AS `professor_id0`, `p`.`professor_id` AS `professor_id1`, `p`.`full_name`
    FROM `enrollments` AS `e`
    INNER JOIN `subjects` AS `s0` ON `e`.`subject_id` = `s0`.`subject_id`
    INNER JOIN `professors` AS `p` ON `s0`.`professor_id` = `p`.`professor_id`
) AS `t0` ON `t`.`student_id` = `t0`.`student_id`
ORDER BY `t`.`student_id`, `t0`.`enrollment_id`, `t0`.`subject_id0`
2026-05-03 19:23:39.257 -05:00 [INF] Executed DbCommand (3ms) [Parameters=[], CommandType='"Text"', CommandTimeout='30']
SELECT `s`.`subject_id`, `s`.`credits`, `s`.`name`, `s`.`professor_id`, `p`.`professor_id`, `p`.`full_name`
FROM `subjects` AS `s`
INNER JOIN `professors` AS `p` ON `s`.`professor_id` = `p`.`professor_id`
2026-05-03 19:23:39.259 -05:00 [INF] Student "77e354a0-a13e-4fa1-b576-a5b9e0782214" retrieved
2026-05-03 19:23:39.261 -05:00 [INF] Found 10 subjects
2026-05-03 19:23:39.273 -05:00 [INF] Executing OkObjectResult, writing value of type 'System.Collections.Generic.List`1[[StudentRegistration.Application.DTOs.SubjectDto, StudentRegistration.Application, Version=1.0.0.0, Culture=neutral, PublicKeyToken=null]]'.
2026-05-03 19:23:39.272 -05:00 [INF] Executing OkObjectResult, writing value of type 'StudentRegistration.Application.DTOs.StudentDto'.
2026-05-03 19:23:39.274 -05:00 [INF] Executed action StudentRegistration.Presentation.Controllers.SubjectsController.GetAll (StudentRegistration.Presentation) in 26.7718ms
2026-05-03 19:23:39.276 -05:00 [INF] Executed action StudentRegistration.Presentation.Controllers.StudentsController.GetById (StudentRegistration.Presentation) in 46.0345ms
2026-05-03 19:23:39.277 -05:00 [INF] Executed endpoint 'StudentRegistration.Presentation.Controllers.SubjectsController.GetAll (StudentRegistration.Presentation)'
2026-05-03 19:23:39.278 -05:00 [INF] Executed endpoint 'StudentRegistration.Presentation.Controllers.StudentsController.GetById (StudentRegistration.Presentation)'
2026-05-03 19:23:39.279 -05:00 [INF] HTTP GET /api/v1/subjects responded 200 in 61.5379 ms
2026-05-03 19:23:39.280 -05:00 [INF] HTTP GET /api/v1/students/77e354a0-a13e-4fa1-b576-a5b9e0782214 responded 200 in 66.0637 ms
2026-05-03 19:23:39.282 -05:00 [INF] Request finished HTTP/1.1 GET https://localhost:7082/api/v1/subjects - 200 null application/json; charset=utf-8 85.6825ms
2026-05-03 19:23:39.285 -05:00 [INF] Request finished HTTP/1.1 GET https://localhost:7082/api/v1/students/77e354a0-a13e-4fa1-b576-a5b9e0782214 - 200 null application/json; charset=utf-8 96.1285ms
2026-05-03 19:23:42.647 -05:00 [INF] Request starting HTTP/1.1 POST https://localhost:7082/api/v1/students/77e354a0-a13e-4fa1-b576-a5b9e0782214/enrollments - application/json 52
2026-05-03 19:23:42.650 -05:00 [INF] No CORS policy found for the specified request.
2026-05-03 19:23:42.651 -05:00 [INF] Executing endpoint 'StudentRegistration.Presentation.Controllers.EnrollmentsController.Enroll (StudentRegistration.Presentation)'
2026-05-03 19:23:42.651 -05:00 [INF] Route matched with {action = "Enroll", controller = "Enrollments"}. Executing controller action with signature System.Threading.Tasks.Task`1[Microsoft.AspNetCore.Mvc.IActionResult] Enroll(System.Guid, StudentRegistration.Application.Commands.EnrollStudentCommand, System.Threading.CancellationToken) on controller StudentRegistration.Presentation.Controllers.EnrollmentsController (StudentRegistration.Presentation).
2026-05-03 19:23:42.653 -05:00 [INF] Enrolling student "77e354a0-a13e-4fa1-b576-a5b9e0782214" in subject "20000000-0000-0000-0000-000000000006"
2026-05-03 19:23:42.658 -05:00 [INF] Executed DbCommand (2ms) [Parameters=[@__id_0='?' (DbType = Guid)], CommandType='"Text"', CommandTimeout='30']
SELECT `t`.`student_id`, `t`.`created_at`, `t`.`document_number`, `t`.`email`, `t`.`full_name`, `t`.`is_active`, `t`.`updated_at`, `t0`.`enrollment_id`, `t0`.`enrolled_at`, `t0`.`is_active`, `t0`.`professor_id`, `t0`.`student_id`, `t0`.`subject_id`, `t0`.`subject_id0`, `t0`.`credits`, `t0`.`name`, `t0`.`professor_id0`, `t0`.`professor_id1`, `t0`.`full_name`
FROM (
    SELECT `s`.`student_id`, `s`.`created_at`, `s`.`document_number`, `s`.`email`, `s`.`full_name`, `s`.`is_active`, `s`.`updated_at`
    FROM `students` AS `s`
    WHERE `s`.`student_id` = @__id_0
    LIMIT 1
) AS `t`
LEFT JOIN (
    SELECT `e`.`enrollment_id`, `e`.`enrolled_at`, `e`.`is_active`, `e`.`professor_id`, `e`.`student_id`, `e`.`subject_id`, `s0`.`subject_id` AS `subject_id0`, `s0`.`credits`, `s0`.`name`, `s0`.`professor_id` AS `professor_id0`, `p`.`professor_id` AS `professor_id1`, `p`.`full_name`
    FROM `enrollments` AS `e`
    INNER JOIN `subjects` AS `s0` ON `e`.`subject_id` = `s0`.`subject_id`
    INNER JOIN `professors` AS `p` ON `s0`.`professor_id` = `p`.`professor_id`
) AS `t0` ON `t`.`student_id` = `t0`.`student_id`
ORDER BY `t`.`student_id`, `t0`.`enrollment_id`, `t0`.`subject_id0`
2026-05-03 19:23:42.663 -05:00 [INF] Executed DbCommand (1ms) [Parameters=[@__id_0='?' (DbType = Guid)], CommandType='"Text"', CommandTimeout='30']
SELECT `s`.`subject_id`, `s`.`credits`, `s`.`name`, `s`.`professor_id`, `p`.`professor_id`, `p`.`full_name`
FROM `subjects` AS `s`
INNER JOIN `professors` AS `p` ON `s`.`professor_id` = `p`.`professor_id`
WHERE `s`.`subject_id` = @__id_0
LIMIT 1
2026-05-03 19:23:42.726 -05:00 [INF] Executed action StudentRegistration.Presentation.Controllers.EnrollmentsController.Enroll (StudentRegistration.Presentation) in 73.3394ms
2026-05-03 19:23:42.728 -05:00 [INF] Executed endpoint 'StudentRegistration.Presentation.Controllers.EnrollmentsController.Enroll (StudentRegistration.Presentation)'
2026-05-03 19:23:42.729 -05:00 [ERR] HTTP POST /api/v1/students/77e354a0-a13e-4fa1-b576-a5b9e0782214/enrollments responded 500 in 78.8425 ms
StudentRegistration.Domain.Exceptions.MaxEnrollmentsExceededException: El estudiante ya tiene 3 materias inscritas.
   at StudentRegistration.Domain.Entities.Student.AddEnrollment(Subject subject) in C:\Users\VALERIA\source\repos\StudentRegistration.API\StudentRegistration.Domain\Entities\Student.cs:line 102
   at StudentRegistration.Application.UseCases.EnrollStudentUseCase.ExecuteAsync(EnrollStudentCommand request, CancellationToken ct)
   at StudentRegistration.Presentation.Controllers.EnrollmentsController.Enroll(Guid studentId, EnrollStudentCommand command, CancellationToken ct)
   at Microsoft.AspNetCore.Mvc.Infrastructure.ActionMethodExecutor.TaskOfIActionResultExecutor.Execute(ActionContext actionContext, IActionResultTypeMapper mapper, ObjectMethodExecutor executor, Object controller, Object[] arguments)
   at Microsoft.AspNetCore.Mvc.Infrastructure.ControllerActionInvoker.<InvokeActionMethodAsync>g__Awaited|12_0(ControllerActionInvoker invoker, ValueTask`1 actionResultValueTask)
   at Microsoft.AspNetCore.Mvc.Infrastructure.ControllerActionInvoker.<InvokeNextActionFilterAsync>g__Awaited|10_0(ControllerActionInvoker invoker, Task lastTask, State next, Scope scope, Object state, Boolean isCompleted)
   at Microsoft.AspNetCore.Mvc.Infrastructure.ControllerActionInvoker.Rethrow(ActionExecutedContextSealed context)
   at Microsoft.AspNetCore.Mvc.Infrastructure.ControllerActionInvoker.Next(State& next, Scope& scope, Object& state, Boolean& isCompleted)
   at Microsoft.AspNetCore.Mvc.Infrastructure.ControllerActionInvoker.<InvokeInnerFilterAsync>g__Awaited|13_0(ControllerActionInvoker invoker, Task lastTask, State next, Scope scope, Object state, Boolean isCompleted)
   at Microsoft.AspNetCore.Mvc.Infrastructure.ResourceInvoker.<InvokeFilterPipelineAsync>g__Awaited|20_0(ResourceInvoker invoker, Task lastTask, State next, Scope scope, Object state, Boolean isCompleted)
   at Microsoft.AspNetCore.Mvc.Infrastructure.ResourceInvoker.<InvokeAsync>g__Logged|17_1(ResourceInvoker invoker)
   at Microsoft.AspNetCore.Mvc.Infrastructure.ResourceInvoker.<InvokeAsync>g__Logged|17_1(ResourceInvoker invoker)
   at Microsoft.AspNetCore.Routing.EndpointMiddleware.<Invoke>g__AwaitRequestTask|7_0(Endpoint endpoint, Task requestTask, ILogger logger)
   at Microsoft.AspNetCore.Authorization.AuthorizationMiddleware.Invoke(HttpContext context)
   at Swashbuckle.AspNetCore.SwaggerUI.SwaggerUIMiddleware.Invoke(HttpContext httpContext)
   at Swashbuckle.AspNetCore.Swagger.SwaggerMiddleware.Invoke(HttpContext httpContext, ISwaggerProvider swaggerProvider)
   at Serilog.AspNetCore.RequestLoggingMiddleware.Invoke(HttpContext httpContext)
2026-05-03 19:23:42.801 -05:00 [WRN] Domain exception: El estudiante ya tiene 3 materias inscritas.. TraceId: 0HNL9BU891P3U:00000001
2026-05-03 19:23:42.803 -05:00 [INF] Request finished HTTP/1.1 POST https://localhost:7082/api/v1/students/77e354a0-a13e-4fa1-b576-a5b9e0782214/enrollments - 422 null application/json 155.2302ms
2026-05-03 19:23:59.020 -05:00 [INF] Request starting HTTP/1.1 GET https://localhost:7082/api/v1/subjects - null null
2026-05-03 19:23:59.023 -05:00 [INF] Executing endpoint 'StudentRegistration.Presentation.Controllers.SubjectsController.GetAll (StudentRegistration.Presentation)'
2026-05-03 19:23:59.024 -05:00 [INF] Request starting HTTP/1.1 GET https://localhost:7082/api/v1/students/77e354a0-a13e-4fa1-b576-a5b9e0782214 - null null
2026-05-03 19:23:59.024 -05:00 [INF] Route matched with {action = "GetAll", controller = "Subjects"}. Executing controller action with signature System.Threading.Tasks.Task`1[Microsoft.AspNetCore.Mvc.IActionResult] GetAll(System.Threading.CancellationToken) on controller StudentRegistration.Presentation.Controllers.SubjectsController (StudentRegistration.Presentation).
2026-05-03 19:23:59.027 -05:00 [INF] Executing endpoint 'StudentRegistration.Presentation.Controllers.StudentsController.GetById (StudentRegistration.Presentation)'
2026-05-03 19:23:59.029 -05:00 [INF] Getting all subjects
2026-05-03 19:23:59.029 -05:00 [INF] Route matched with {action = "GetById", controller = "Students"}. Executing controller action with signature System.Threading.Tasks.Task`1[Microsoft.AspNetCore.Mvc.IActionResult] GetById(System.Guid, System.Threading.CancellationToken) on controller StudentRegistration.Presentation.Controllers.StudentsController (StudentRegistration.Presentation).
2026-05-03 19:23:59.035 -05:00 [INF] Executed DbCommand (2ms) [Parameters=[], CommandType='"Text"', CommandTimeout='30']
SELECT `s`.`subject_id`, `s`.`credits`, `s`.`name`, `s`.`professor_id`, `p`.`professor_id`, `p`.`full_name`
FROM `subjects` AS `s`
INNER JOIN `professors` AS `p` ON `s`.`professor_id` = `p`.`professor_id`
2026-05-03 19:23:59.035 -05:00 [INF] Getting student "77e354a0-a13e-4fa1-b576-a5b9e0782214"
2026-05-03 19:23:59.037 -05:00 [INF] Found 10 subjects
2026-05-03 19:23:59.040 -05:00 [INF] Executing OkObjectResult, writing value of type 'System.Collections.Generic.List`1[[StudentRegistration.Application.DTOs.SubjectDto, StudentRegistration.Application, Version=1.0.0.0, Culture=neutral, PublicKeyToken=null]]'.
2026-05-03 19:23:59.041 -05:00 [INF] Executed DbCommand (2ms) [Parameters=[@__id_0='?' (DbType = Guid)], CommandType='"Text"', CommandTimeout='30']
SELECT `t`.`student_id`, `t`.`created_at`, `t`.`document_number`, `t`.`email`, `t`.`full_name`, `t`.`is_active`, `t`.`updated_at`, `t0`.`enrollment_id`, `t0`.`enrolled_at`, `t0`.`is_active`, `t0`.`professor_id`, `t0`.`student_id`, `t0`.`subject_id`, `t0`.`subject_id0`, `t0`.`credits`, `t0`.`name`, `t0`.`professor_id0`, `t0`.`professor_id1`, `t0`.`full_name`
FROM (
    SELECT `s`.`student_id`, `s`.`created_at`, `s`.`document_number`, `s`.`email`, `s`.`full_name`, `s`.`is_active`, `s`.`updated_at`
    FROM `students` AS `s`
    WHERE `s`.`student_id` = @__id_0
    LIMIT 1
) AS `t`
LEFT JOIN (
    SELECT `e`.`enrollment_id`, `e`.`enrolled_at`, `e`.`is_active`, `e`.`professor_id`, `e`.`student_id`, `e`.`subject_id`, `s0`.`subject_id` AS `subject_id0`, `s0`.`credits`, `s0`.`name`, `s0`.`professor_id` AS `professor_id0`, `p`.`professor_id` AS `professor_id1`, `p`.`full_name`
    FROM `enrollments` AS `e`
    INNER JOIN `subjects` AS `s0` ON `e`.`subject_id` = `s0`.`subject_id`
    INNER JOIN `professors` AS `p` ON `s0`.`professor_id` = `p`.`professor_id`
) AS `t0` ON `t`.`student_id` = `t0`.`student_id`
ORDER BY `t`.`student_id`, `t0`.`enrollment_id`, `t0`.`subject_id0`
2026-05-03 19:23:59.044 -05:00 [INF] Executed action StudentRegistration.Presentation.Controllers.SubjectsController.GetAll (StudentRegistration.Presentation) in 14.8828ms
2026-05-03 19:23:59.046 -05:00 [INF] Student "77e354a0-a13e-4fa1-b576-a5b9e0782214" retrieved
2026-05-03 19:23:59.047 -05:00 [INF] Executed endpoint 'StudentRegistration.Presentation.Controllers.SubjectsController.GetAll (StudentRegistration.Presentation)'
2026-05-03 19:23:59.048 -05:00 [INF] Executing OkObjectResult, writing value of type 'StudentRegistration.Application.DTOs.StudentDto'.
2026-05-03 19:23:59.049 -05:00 [INF] HTTP GET /api/v1/subjects responded 200 in 25.7097 ms
2026-05-03 19:23:59.050 -05:00 [INF] Executed action StudentRegistration.Presentation.Controllers.StudentsController.GetById (StudentRegistration.Presentation) in 15.1027ms
2026-05-03 19:23:59.053 -05:00 [INF] Request finished HTTP/1.1 GET https://localhost:7082/api/v1/subjects - 200 null application/json; charset=utf-8 32.6944ms
2026-05-03 19:23:59.054 -05:00 [INF] Executed endpoint 'StudentRegistration.Presentation.Controllers.StudentsController.GetById (StudentRegistration.Presentation)'
2026-05-03 19:23:59.058 -05:00 [INF] HTTP GET /api/v1/students/77e354a0-a13e-4fa1-b576-a5b9e0782214 responded 200 in 31.1037 ms
2026-05-03 19:23:59.060 -05:00 [INF] Request finished HTTP/1.1 GET https://localhost:7082/api/v1/students/77e354a0-a13e-4fa1-b576-a5b9e0782214 - 200 null application/json; charset=utf-8 35.7019ms
2026-05-03 19:23:59.833 -05:00 [INF] Request starting HTTP/1.1 GET https://localhost:7082/api/v1/students/77e354a0-a13e-4fa1-b576-a5b9e0782214 - null null
2026-05-03 19:23:59.834 -05:00 [INF] Request starting HTTP/1.1 GET https://localhost:7082/api/v1/subjects - null null
2026-05-03 19:23:59.836 -05:00 [INF] Executing endpoint 'StudentRegistration.Presentation.Controllers.StudentsController.GetById (StudentRegistration.Presentation)'
2026-05-03 19:23:59.839 -05:00 [INF] Executing endpoint 'StudentRegistration.Presentation.Controllers.SubjectsController.GetAll (StudentRegistration.Presentation)'
2026-05-03 19:23:59.840 -05:00 [INF] Route matched with {action = "GetById", controller = "Students"}. Executing controller action with signature System.Threading.Tasks.Task`1[Microsoft.AspNetCore.Mvc.IActionResult] GetById(System.Guid, System.Threading.CancellationToken) on controller StudentRegistration.Presentation.Controllers.StudentsController (StudentRegistration.Presentation).
2026-05-03 19:23:59.841 -05:00 [INF] Route matched with {action = "GetAll", controller = "Subjects"}. Executing controller action with signature System.Threading.Tasks.Task`1[Microsoft.AspNetCore.Mvc.IActionResult] GetAll(System.Threading.CancellationToken) on controller StudentRegistration.Presentation.Controllers.SubjectsController (StudentRegistration.Presentation).
2026-05-03 19:23:59.842 -05:00 [INF] Getting student "77e354a0-a13e-4fa1-b576-a5b9e0782214"
2026-05-03 19:23:59.844 -05:00 [INF] Getting all subjects
2026-05-03 19:23:59.848 -05:00 [INF] Executed DbCommand (2ms) [Parameters=[@__id_0='?' (DbType = Guid)], CommandType='"Text"', CommandTimeout='30']
SELECT `t`.`student_id`, `t`.`created_at`, `t`.`document_number`, `t`.`email`, `t`.`full_name`, `t`.`is_active`, `t`.`updated_at`, `t0`.`enrollment_id`, `t0`.`enrolled_at`, `t0`.`is_active`, `t0`.`professor_id`, `t0`.`student_id`, `t0`.`subject_id`, `t0`.`subject_id0`, `t0`.`credits`, `t0`.`name`, `t0`.`professor_id0`, `t0`.`professor_id1`, `t0`.`full_name`
FROM (
    SELECT `s`.`student_id`, `s`.`created_at`, `s`.`document_number`, `s`.`email`, `s`.`full_name`, `s`.`is_active`, `s`.`updated_at`
    FROM `students` AS `s`
    WHERE `s`.`student_id` = @__id_0
    LIMIT 1
) AS `t`
LEFT JOIN (
    SELECT `e`.`enrollment_id`, `e`.`enrolled_at`, `e`.`is_active`, `e`.`professor_id`, `e`.`student_id`, `e`.`subject_id`, `s0`.`subject_id` AS `subject_id0`, `s0`.`credits`, `s0`.`name`, `s0`.`professor_id` AS `professor_id0`, `p`.`professor_id` AS `professor_id1`, `p`.`full_name`
    FROM `enrollments` AS `e`
    INNER JOIN `subjects` AS `s0` ON `e`.`subject_id` = `s0`.`subject_id`
    INNER JOIN `professors` AS `p` ON `s0`.`professor_id` = `p`.`professor_id`
) AS `t0` ON `t`.`student_id` = `t0`.`student_id`
ORDER BY `t`.`student_id`, `t0`.`enrollment_id`, `t0`.`subject_id0`
2026-05-03 19:23:59.851 -05:00 [INF] Executed DbCommand (2ms) [Parameters=[], CommandType='"Text"', CommandTimeout='30']
SELECT `s`.`subject_id`, `s`.`credits`, `s`.`name`, `s`.`professor_id`, `p`.`professor_id`, `p`.`full_name`
FROM `subjects` AS `s`
INNER JOIN `professors` AS `p` ON `s`.`professor_id` = `p`.`professor_id`
2026-05-03 19:23:59.853 -05:00 [INF] Student "77e354a0-a13e-4fa1-b576-a5b9e0782214" retrieved
2026-05-03 19:23:59.855 -05:00 [INF] Found 10 subjects
2026-05-03 19:23:59.856 -05:00 [INF] Executing OkObjectResult, writing value of type 'StudentRegistration.Application.DTOs.StudentDto'.
2026-05-03 19:23:59.858 -05:00 [INF] Executing OkObjectResult, writing value of type 'System.Collections.Generic.List`1[[StudentRegistration.Application.DTOs.SubjectDto, StudentRegistration.Application, Version=1.0.0.0, Culture=neutral, PublicKeyToken=null]]'.
2026-05-03 19:23:59.859 -05:00 [INF] Executed action StudentRegistration.Presentation.Controllers.StudentsController.GetById (StudentRegistration.Presentation) in 16.8602ms
2026-05-03 19:23:59.860 -05:00 [INF] Executed action StudentRegistration.Presentation.Controllers.SubjectsController.GetAll (StudentRegistration.Presentation) in 16.6356ms
2026-05-03 19:23:59.862 -05:00 [INF] Executed endpoint 'StudentRegistration.Presentation.Controllers.StudentsController.GetById (StudentRegistration.Presentation)'
2026-05-03 19:23:59.863 -05:00 [INF] Executed endpoint 'StudentRegistration.Presentation.Controllers.SubjectsController.GetAll (StudentRegistration.Presentation)'
2026-05-03 19:23:59.864 -05:00 [INF] HTTP GET /api/v1/students/77e354a0-a13e-4fa1-b576-a5b9e0782214 responded 200 in 27.5388 ms
2026-05-03 19:23:59.865 -05:00 [INF] HTTP GET /api/v1/subjects responded 200 in 26.3363 ms
2026-05-03 19:23:59.867 -05:00 [INF] Request finished HTTP/1.1 GET https://localhost:7082/api/v1/students/77e354a0-a13e-4fa1-b576-a5b9e0782214 - 200 null application/json; charset=utf-8 33.566ms
2026-05-03 19:23:59.869 -05:00 [INF] Request finished HTTP/1.1 GET https://localhost:7082/api/v1/subjects - 200 null application/json; charset=utf-8 35.7399ms
2026-05-03 19:24:03.580 -05:00 [INF] Request starting HTTP/1.1 POST https://localhost:7082/api/v1/students/77e354a0-a13e-4fa1-b576-a5b9e0782214/enrollments - application/json 52
2026-05-03 19:24:03.582 -05:00 [INF] No CORS policy found for the specified request.
2026-05-03 19:24:03.583 -05:00 [INF] Executing endpoint 'StudentRegistration.Presentation.Controllers.EnrollmentsController.Enroll (StudentRegistration.Presentation)'
2026-05-03 19:24:03.584 -05:00 [INF] Route matched with {action = "Enroll", controller = "Enrollments"}. Executing controller action with signature System.Threading.Tasks.Task`1[Microsoft.AspNetCore.Mvc.IActionResult] Enroll(System.Guid, StudentRegistration.Application.Commands.EnrollStudentCommand, System.Threading.CancellationToken) on controller StudentRegistration.Presentation.Controllers.EnrollmentsController (StudentRegistration.Presentation).
2026-05-03 19:24:03.585 -05:00 [INF] Enrolling student "77e354a0-a13e-4fa1-b576-a5b9e0782214" in subject "20000000-0000-0000-0000-000000000003"
2026-05-03 19:24:03.590 -05:00 [INF] Executed DbCommand (2ms) [Parameters=[@__id_0='?' (DbType = Guid)], CommandType='"Text"', CommandTimeout='30']
SELECT `t`.`student_id`, `t`.`created_at`, `t`.`document_number`, `t`.`email`, `t`.`full_name`, `t`.`is_active`, `t`.`updated_at`, `t0`.`enrollment_id`, `t0`.`enrolled_at`, `t0`.`is_active`, `t0`.`professor_id`, `t0`.`student_id`, `t0`.`subject_id`, `t0`.`subject_id0`, `t0`.`credits`, `t0`.`name`, `t0`.`professor_id0`, `t0`.`professor_id1`, `t0`.`full_name`
FROM (
    SELECT `s`.`student_id`, `s`.`created_at`, `s`.`document_number`, `s`.`email`, `s`.`full_name`, `s`.`is_active`, `s`.`updated_at`
    FROM `students` AS `s`
    WHERE `s`.`student_id` = @__id_0
    LIMIT 1
) AS `t`
LEFT JOIN (
    SELECT `e`.`enrollment_id`, `e`.`enrolled_at`, `e`.`is_active`, `e`.`professor_id`, `e`.`student_id`, `e`.`subject_id`, `s0`.`subject_id` AS `subject_id0`, `s0`.`credits`, `s0`.`name`, `s0`.`professor_id` AS `professor_id0`, `p`.`professor_id` AS `professor_id1`, `p`.`full_name`
    FROM `enrollments` AS `e`
    INNER JOIN `subjects` AS `s0` ON `e`.`subject_id` = `s0`.`subject_id`
    INNER JOIN `professors` AS `p` ON `s0`.`professor_id` = `p`.`professor_id`
) AS `t0` ON `t`.`student_id` = `t0`.`student_id`
ORDER BY `t`.`student_id`, `t0`.`enrollment_id`, `t0`.`subject_id0`
2026-05-03 19:24:03.594 -05:00 [INF] Executed DbCommand (1ms) [Parameters=[@__id_0='?' (DbType = Guid)], CommandType='"Text"', CommandTimeout='30']
SELECT `s`.`subject_id`, `s`.`credits`, `s`.`name`, `s`.`professor_id`, `p`.`professor_id`, `p`.`full_name`
FROM `subjects` AS `s`
INNER JOIN `professors` AS `p` ON `s`.`professor_id` = `p`.`professor_id`
WHERE `s`.`subject_id` = @__id_0
LIMIT 1
2026-05-03 19:24:03.649 -05:00 [INF] Executed action StudentRegistration.Presentation.Controllers.EnrollmentsController.Enroll (StudentRegistration.Presentation) in 64.3205ms
2026-05-03 19:24:03.650 -05:00 [INF] Executed endpoint 'StudentRegistration.Presentation.Controllers.EnrollmentsController.Enroll (StudentRegistration.Presentation)'
2026-05-03 19:24:03.652 -05:00 [ERR] HTTP POST /api/v1/students/77e354a0-a13e-4fa1-b576-a5b9e0782214/enrollments responded 500 in 68.7983 ms
StudentRegistration.Domain.Exceptions.MaxEnrollmentsExceededException: El estudiante ya tiene 3 materias inscritas.
   at StudentRegistration.Domain.Entities.Student.AddEnrollment(Subject subject) in C:\Users\VALERIA\source\repos\StudentRegistration.API\StudentRegistration.Domain\Entities\Student.cs:line 102
   at StudentRegistration.Application.UseCases.EnrollStudentUseCase.ExecuteAsync(EnrollStudentCommand request, CancellationToken ct)
   at StudentRegistration.Presentation.Controllers.EnrollmentsController.Enroll(Guid studentId, EnrollStudentCommand command, CancellationToken ct)
   at Microsoft.AspNetCore.Mvc.Infrastructure.ActionMethodExecutor.TaskOfIActionResultExecutor.Execute(ActionContext actionContext, IActionResultTypeMapper mapper, ObjectMethodExecutor executor, Object controller, Object[] arguments)
   at Microsoft.AspNetCore.Mvc.Infrastructure.ControllerActionInvoker.<InvokeActionMethodAsync>g__Awaited|12_0(ControllerActionInvoker invoker, ValueTask`1 actionResultValueTask)
   at Microsoft.AspNetCore.Mvc.Infrastructure.ControllerActionInvoker.<InvokeNextActionFilterAsync>g__Awaited|10_0(ControllerActionInvoker invoker, Task lastTask, State next, Scope scope, Object state, Boolean isCompleted)
   at Microsoft.AspNetCore.Mvc.Infrastructure.ControllerActionInvoker.Rethrow(ActionExecutedContextSealed context)
   at Microsoft.AspNetCore.Mvc.Infrastructure.ControllerActionInvoker.Next(State& next, Scope& scope, Object& state, Boolean& isCompleted)
   at Microsoft.AspNetCore.Mvc.Infrastructure.ControllerActionInvoker.<InvokeInnerFilterAsync>g__Awaited|13_0(ControllerActionInvoker invoker, Task lastTask, State next, Scope scope, Object state, Boolean isCompleted)
   at Microsoft.AspNetCore.Mvc.Infrastructure.ResourceInvoker.<InvokeFilterPipelineAsync>g__Awaited|20_0(ResourceInvoker invoker, Task lastTask, State next, Scope scope, Object state, Boolean isCompleted)
   at Microsoft.AspNetCore.Mvc.Infrastructure.ResourceInvoker.<InvokeAsync>g__Logged|17_1(ResourceInvoker invoker)
   at Microsoft.AspNetCore.Mvc.Infrastructure.ResourceInvoker.<InvokeAsync>g__Logged|17_1(ResourceInvoker invoker)
   at Microsoft.AspNetCore.Routing.EndpointMiddleware.<Invoke>g__AwaitRequestTask|7_0(Endpoint endpoint, Task requestTask, ILogger logger)
   at Microsoft.AspNetCore.Authorization.AuthorizationMiddleware.Invoke(HttpContext context)
   at Swashbuckle.AspNetCore.SwaggerUI.SwaggerUIMiddleware.Invoke(HttpContext httpContext)
   at Swashbuckle.AspNetCore.Swagger.SwaggerMiddleware.Invoke(HttpContext httpContext, ISwaggerProvider swaggerProvider)
   at Serilog.AspNetCore.RequestLoggingMiddleware.Invoke(HttpContext httpContext)
2026-05-03 19:24:03.711 -05:00 [WRN] Domain exception: El estudiante ya tiene 3 materias inscritas.. TraceId: 0HNL9BU891P43:00000001
2026-05-03 19:24:03.713 -05:00 [INF] Request finished HTTP/1.1 POST https://localhost:7082/api/v1/students/77e354a0-a13e-4fa1-b576-a5b9e0782214/enrollments - 422 null application/json 133.0401ms
2026-05-03 19:27:34.445 -05:00 [INF] Request starting HTTP/1.1 GET https://localhost:7082/api/v1/subjects - null null
2026-05-03 19:27:34.445 -05:00 [INF] Request starting HTTP/1.1 GET https://localhost:7082/api/v1/students/77e354a0-a13e-4fa1-b576-a5b9e0782214 - null null
2026-05-03 19:27:34.449 -05:00 [INF] Executing endpoint 'StudentRegistration.Presentation.Controllers.SubjectsController.GetAll (StudentRegistration.Presentation)'
2026-05-03 19:27:34.452 -05:00 [INF] Executing endpoint 'StudentRegistration.Presentation.Controllers.StudentsController.GetById (StudentRegistration.Presentation)'
2026-05-03 19:27:34.454 -05:00 [INF] Route matched with {action = "GetById", controller = "Students"}. Executing controller action with signature System.Threading.Tasks.Task`1[Microsoft.AspNetCore.Mvc.IActionResult] GetById(System.Guid, System.Threading.CancellationToken) on controller StudentRegistration.Presentation.Controllers.StudentsController (StudentRegistration.Presentation).
2026-05-03 19:27:34.453 -05:00 [INF] Route matched with {action = "GetAll", controller = "Subjects"}. Executing controller action with signature System.Threading.Tasks.Task`1[Microsoft.AspNetCore.Mvc.IActionResult] GetAll(System.Threading.CancellationToken) on controller StudentRegistration.Presentation.Controllers.SubjectsController (StudentRegistration.Presentation).
2026-05-03 19:27:34.456 -05:00 [INF] Getting student "77e354a0-a13e-4fa1-b576-a5b9e0782214"
2026-05-03 19:27:34.459 -05:00 [INF] Getting all subjects
2026-05-03 19:27:34.481 -05:00 [INF] Executed DbCommand (15ms) [Parameters=[@__id_0='?' (DbType = Guid)], CommandType='"Text"', CommandTimeout='30']
SELECT `t`.`student_id`, `t`.`created_at`, `t`.`document_number`, `t`.`email`, `t`.`full_name`, `t`.`is_active`, `t`.`updated_at`, `t0`.`enrollment_id`, `t0`.`enrolled_at`, `t0`.`is_active`, `t0`.`professor_id`, `t0`.`student_id`, `t0`.`subject_id`, `t0`.`subject_id0`, `t0`.`credits`, `t0`.`name`, `t0`.`professor_id0`, `t0`.`professor_id1`, `t0`.`full_name`
FROM (
    SELECT `s`.`student_id`, `s`.`created_at`, `s`.`document_number`, `s`.`email`, `s`.`full_name`, `s`.`is_active`, `s`.`updated_at`
    FROM `students` AS `s`
    WHERE `s`.`student_id` = @__id_0
    LIMIT 1
) AS `t`
LEFT JOIN (
    SELECT `e`.`enrollment_id`, `e`.`enrolled_at`, `e`.`is_active`, `e`.`professor_id`, `e`.`student_id`, `e`.`subject_id`, `s0`.`subject_id` AS `subject_id0`, `s0`.`credits`, `s0`.`name`, `s0`.`professor_id` AS `professor_id0`, `p`.`professor_id` AS `professor_id1`, `p`.`full_name`
    FROM `enrollments` AS `e`
    INNER JOIN `subjects` AS `s0` ON `e`.`subject_id` = `s0`.`subject_id`
    INNER JOIN `professors` AS `p` ON `s0`.`professor_id` = `p`.`professor_id`
) AS `t0` ON `t`.`student_id` = `t0`.`student_id`
ORDER BY `t`.`student_id`, `t0`.`enrollment_id`, `t0`.`subject_id0`
2026-05-03 19:27:34.483 -05:00 [INF] Executed DbCommand (1ms) [Parameters=[], CommandType='"Text"', CommandTimeout='30']
SELECT `s`.`subject_id`, `s`.`credits`, `s`.`name`, `s`.`professor_id`, `p`.`professor_id`, `p`.`full_name`
FROM `subjects` AS `s`
INNER JOIN `professors` AS `p` ON `s`.`professor_id` = `p`.`professor_id`
2026-05-03 19:27:34.486 -05:00 [INF] Student "77e354a0-a13e-4fa1-b576-a5b9e0782214" retrieved
2026-05-03 19:27:34.488 -05:00 [INF] Found 10 subjects
2026-05-03 19:27:34.489 -05:00 [INF] Executing OkObjectResult, writing value of type 'StudentRegistration.Application.DTOs.StudentDto'.
2026-05-03 19:27:34.490 -05:00 [INF] Executing OkObjectResult, writing value of type 'System.Collections.Generic.List`1[[StudentRegistration.Application.DTOs.SubjectDto, StudentRegistration.Application, Version=1.0.0.0, Culture=neutral, PublicKeyToken=null]]'.
2026-05-03 19:27:34.491 -05:00 [INF] Executed action StudentRegistration.Presentation.Controllers.StudentsController.GetById (StudentRegistration.Presentation) in 34.9402ms
2026-05-03 19:27:34.492 -05:00 [INF] Executed action StudentRegistration.Presentation.Controllers.SubjectsController.GetAll (StudentRegistration.Presentation) in 32.864ms
2026-05-03 19:27:34.494 -05:00 [INF] Executed endpoint 'StudentRegistration.Presentation.Controllers.StudentsController.GetById (StudentRegistration.Presentation)'
2026-05-03 19:27:34.495 -05:00 [INF] Executed endpoint 'StudentRegistration.Presentation.Controllers.SubjectsController.GetAll (StudentRegistration.Presentation)'
2026-05-03 19:27:34.496 -05:00 [INF] HTTP GET /api/v1/students/77e354a0-a13e-4fa1-b576-a5b9e0782214 responded 200 in 44.5423 ms
2026-05-03 19:27:34.497 -05:00 [INF] HTTP GET /api/v1/subjects responded 200 in 48.0907 ms
2026-05-03 19:27:34.506 -05:00 [INF] Request finished HTTP/1.1 GET https://localhost:7082/api/v1/subjects - 200 null application/json; charset=utf-8 61.8815ms
2026-05-03 19:27:34.499 -05:00 [INF] Request finished HTTP/1.1 GET https://localhost:7082/api/v1/students/77e354a0-a13e-4fa1-b576-a5b9e0782214 - 200 null application/json; charset=utf-8 54.6954ms
2026-05-03 19:27:39.551 -05:00 [INF] Request starting HTTP/1.1 DELETE https://localhost:7082/api/v1/students/77e354a0-a13e-4fa1-b576-a5b9e0782214/enrollments/2fb67077-447f-4fbe-87d3-52d2ff85538b - null 0
2026-05-03 19:27:39.554 -05:00 [INF] No CORS policy found for the specified request.
2026-05-03 19:27:39.554 -05:00 [INF] Executing endpoint 'StudentRegistration.Presentation.Controllers.EnrollmentsController.Cancel (StudentRegistration.Presentation)'
2026-05-03 19:27:39.558 -05:00 [INF] Route matched with {action = "Cancel", controller = "Enrollments"}. Executing controller action with signature System.Threading.Tasks.Task`1[Microsoft.AspNetCore.Mvc.IActionResult] Cancel(System.Guid, System.Guid, System.Threading.CancellationToken) on controller StudentRegistration.Presentation.Controllers.EnrollmentsController (StudentRegistration.Presentation).
2026-05-03 19:27:39.562 -05:00 [INF] Cancelling enrollment "2fb67077-447f-4fbe-87d3-52d2ff85538b" for student "77e354a0-a13e-4fa1-b576-a5b9e0782214"
2026-05-03 19:27:39.565 -05:00 [INF] Executed DbCommand (1ms) [Parameters=[@__id_0='?' (DbType = Guid)], CommandType='"Text"', CommandTimeout='30']
SELECT `t`.`student_id`, `t`.`created_at`, `t`.`document_number`, `t`.`email`, `t`.`full_name`, `t`.`is_active`, `t`.`updated_at`, `t0`.`enrollment_id`, `t0`.`enrolled_at`, `t0`.`is_active`, `t0`.`professor_id`, `t0`.`student_id`, `t0`.`subject_id`, `t0`.`subject_id0`, `t0`.`credits`, `t0`.`name`, `t0`.`professor_id0`, `t0`.`professor_id1`, `t0`.`full_name`
FROM (
    SELECT `s`.`student_id`, `s`.`created_at`, `s`.`document_number`, `s`.`email`, `s`.`full_name`, `s`.`is_active`, `s`.`updated_at`
    FROM `students` AS `s`
    WHERE `s`.`student_id` = @__id_0
    LIMIT 1
) AS `t`
LEFT JOIN (
    SELECT `e`.`enrollment_id`, `e`.`enrolled_at`, `e`.`is_active`, `e`.`professor_id`, `e`.`student_id`, `e`.`subject_id`, `s0`.`subject_id` AS `subject_id0`, `s0`.`credits`, `s0`.`name`, `s0`.`professor_id` AS `professor_id0`, `p`.`professor_id` AS `professor_id1`, `p`.`full_name`
    FROM `enrollments` AS `e`
    INNER JOIN `subjects` AS `s0` ON `e`.`subject_id` = `s0`.`subject_id`
    INNER JOIN `professors` AS `p` ON `s0`.`professor_id` = `p`.`professor_id`
) AS `t0` ON `t`.`student_id` = `t0`.`student_id`
ORDER BY `t`.`student_id`, `t0`.`enrollment_id`, `t0`.`subject_id0`
2026-05-03 19:27:39.575 -05:00 [INF] Executed DbCommand (1ms) [Parameters=[@p1='?' (DbType = Guid), @p0='?' (DbType = Boolean), @p8='?' (DbType = Guid), @p2='?' (DbType = DateTime), @p3='?' (Size = 20), @p4='?' (Size = 255), @p5='?' (Size = 150), @p6='?' (DbType = Boolean), @p7='?' (DbType = DateTime)], CommandType='"Text"', CommandTimeout='30']
UPDATE `enrollments` SET `is_active` = @p0
WHERE `enrollment_id` = @p1;
SELECT ROW_COUNT();

UPDATE `students` SET `created_at` = @p2, `document_number` = @p3, `email` = @p4, `full_name` = @p5, `is_active` = @p6, `updated_at` = @p7
WHERE `student_id` = @p8;
SELECT ROW_COUNT();
2026-05-03 19:27:39.581 -05:00 [INF] Enrollment "2fb67077-447f-4fbe-87d3-52d2ff85538b" cancelled
2026-05-03 19:27:39.584 -05:00 [INF] Executing StatusCodeResult, setting HTTP status code 204
2026-05-03 19:27:39.585 -05:00 [INF] Executed action StudentRegistration.Presentation.Controllers.EnrollmentsController.Cancel (StudentRegistration.Presentation) in 25.9887ms
2026-05-03 19:27:39.586 -05:00 [INF] Executed endpoint 'StudentRegistration.Presentation.Controllers.EnrollmentsController.Cancel (StudentRegistration.Presentation)'
2026-05-03 19:27:39.587 -05:00 [INF] HTTP DELETE /api/v1/students/77e354a0-a13e-4fa1-b576-a5b9e0782214/enrollments/2fb67077-447f-4fbe-87d3-52d2ff85538b responded 204 in 32.1529 ms
2026-05-03 19:27:39.588 -05:00 [INF] Request finished HTTP/1.1 DELETE https://localhost:7082/api/v1/students/77e354a0-a13e-4fa1-b576-a5b9e0782214/enrollments/2fb67077-447f-4fbe-87d3-52d2ff85538b - 204 null null 36.7262ms
2026-05-03 19:27:39.598 -05:00 [INF] Request starting HTTP/1.1 GET https://localhost:7082/api/v1/students/77e354a0-a13e-4fa1-b576-a5b9e0782214 - null null
2026-05-03 19:27:39.600 -05:00 [INF] Executing endpoint 'StudentRegistration.Presentation.Controllers.StudentsController.GetById (StudentRegistration.Presentation)'
2026-05-03 19:27:39.601 -05:00 [INF] Route matched with {action = "GetById", controller = "Students"}. Executing controller action with signature System.Threading.Tasks.Task`1[Microsoft.AspNetCore.Mvc.IActionResult] GetById(System.Guid, System.Threading.CancellationToken) on controller StudentRegistration.Presentation.Controllers.StudentsController (StudentRegistration.Presentation).
2026-05-03 19:27:39.602 -05:00 [INF] Getting student "77e354a0-a13e-4fa1-b576-a5b9e0782214"
2026-05-03 19:27:39.607 -05:00 [INF] Executed DbCommand (2ms) [Parameters=[@__id_0='?' (DbType = Guid)], CommandType='"Text"', CommandTimeout='30']
SELECT `t`.`student_id`, `t`.`created_at`, `t`.`document_number`, `t`.`email`, `t`.`full_name`, `t`.`is_active`, `t`.`updated_at`, `t0`.`enrollment_id`, `t0`.`enrolled_at`, `t0`.`is_active`, `t0`.`professor_id`, `t0`.`student_id`, `t0`.`subject_id`, `t0`.`subject_id0`, `t0`.`credits`, `t0`.`name`, `t0`.`professor_id0`, `t0`.`professor_id1`, `t0`.`full_name`
FROM (
    SELECT `s`.`student_id`, `s`.`created_at`, `s`.`document_number`, `s`.`email`, `s`.`full_name`, `s`.`is_active`, `s`.`updated_at`
    FROM `students` AS `s`
    WHERE `s`.`student_id` = @__id_0
    LIMIT 1
) AS `t`
LEFT JOIN (
    SELECT `e`.`enrollment_id`, `e`.`enrolled_at`, `e`.`is_active`, `e`.`professor_id`, `e`.`student_id`, `e`.`subject_id`, `s0`.`subject_id` AS `subject_id0`, `s0`.`credits`, `s0`.`name`, `s0`.`professor_id` AS `professor_id0`, `p`.`professor_id` AS `professor_id1`, `p`.`full_name`
    FROM `enrollments` AS `e`
    INNER JOIN `subjects` AS `s0` ON `e`.`subject_id` = `s0`.`subject_id`
    INNER JOIN `professors` AS `p` ON `s0`.`professor_id` = `p`.`professor_id`
) AS `t0` ON `t`.`student_id` = `t0`.`student_id`
ORDER BY `t`.`student_id`, `t0`.`enrollment_id`, `t0`.`subject_id0`
2026-05-03 19:27:39.609 -05:00 [INF] Student "77e354a0-a13e-4fa1-b576-a5b9e0782214" retrieved
2026-05-03 19:27:39.610 -05:00 [INF] Executing OkObjectResult, writing value of type 'StudentRegistration.Application.DTOs.StudentDto'.
2026-05-03 19:27:39.612 -05:00 [INF] Executed action StudentRegistration.Presentation.Controllers.StudentsController.GetById (StudentRegistration.Presentation) in 9.593ms
2026-05-03 19:27:39.613 -05:00 [INF] Executed endpoint 'StudentRegistration.Presentation.Controllers.StudentsController.GetById (StudentRegistration.Presentation)'
2026-05-03 19:27:39.614 -05:00 [INF] HTTP GET /api/v1/students/77e354a0-a13e-4fa1-b576-a5b9e0782214 responded 200 in 13.5003 ms
2026-05-03 19:27:39.615 -05:00 [INF] Request finished HTTP/1.1 GET https://localhost:7082/api/v1/students/77e354a0-a13e-4fa1-b576-a5b9e0782214 - 200 null application/json; charset=utf-8 17.2371ms
2026-05-03 19:27:42.225 -05:00 [INF] Request starting HTTP/1.1 POST https://localhost:7082/api/v1/students/77e354a0-a13e-4fa1-b576-a5b9e0782214/enrollments - application/json 52
2026-05-03 19:27:42.227 -05:00 [INF] No CORS policy found for the specified request.
2026-05-03 19:27:42.228 -05:00 [INF] Executing endpoint 'StudentRegistration.Presentation.Controllers.EnrollmentsController.Enroll (StudentRegistration.Presentation)'
2026-05-03 19:27:42.228 -05:00 [INF] Route matched with {action = "Enroll", controller = "Enrollments"}. Executing controller action with signature System.Threading.Tasks.Task`1[Microsoft.AspNetCore.Mvc.IActionResult] Enroll(System.Guid, StudentRegistration.Application.Commands.EnrollStudentCommand, System.Threading.CancellationToken) on controller StudentRegistration.Presentation.Controllers.EnrollmentsController (StudentRegistration.Presentation).
2026-05-03 19:27:42.230 -05:00 [INF] Enrolling student "77e354a0-a13e-4fa1-b576-a5b9e0782214" in subject "20000000-0000-0000-0000-000000000010"
2026-05-03 19:27:42.234 -05:00 [INF] Executed DbCommand (2ms) [Parameters=[@__id_0='?' (DbType = Guid)], CommandType='"Text"', CommandTimeout='30']
SELECT `t`.`student_id`, `t`.`created_at`, `t`.`document_number`, `t`.`email`, `t`.`full_name`, `t`.`is_active`, `t`.`updated_at`, `t0`.`enrollment_id`, `t0`.`enrolled_at`, `t0`.`is_active`, `t0`.`professor_id`, `t0`.`student_id`, `t0`.`subject_id`, `t0`.`subject_id0`, `t0`.`credits`, `t0`.`name`, `t0`.`professor_id0`, `t0`.`professor_id1`, `t0`.`full_name`
FROM (
    SELECT `s`.`student_id`, `s`.`created_at`, `s`.`document_number`, `s`.`email`, `s`.`full_name`, `s`.`is_active`, `s`.`updated_at`
    FROM `students` AS `s`
    WHERE `s`.`student_id` = @__id_0
    LIMIT 1
) AS `t`
LEFT JOIN (
    SELECT `e`.`enrollment_id`, `e`.`enrolled_at`, `e`.`is_active`, `e`.`professor_id`, `e`.`student_id`, `e`.`subject_id`, `s0`.`subject_id` AS `subject_id0`, `s0`.`credits`, `s0`.`name`, `s0`.`professor_id` AS `professor_id0`, `p`.`professor_id` AS `professor_id1`, `p`.`full_name`
    FROM `enrollments` AS `e`
    INNER JOIN `subjects` AS `s0` ON `e`.`subject_id` = `s0`.`subject_id`
    INNER JOIN `professors` AS `p` ON `s0`.`professor_id` = `p`.`professor_id`
) AS `t0` ON `t`.`student_id` = `t0`.`student_id`
ORDER BY `t`.`student_id`, `t0`.`enrollment_id`, `t0`.`subject_id0`
2026-05-03 19:27:42.239 -05:00 [INF] Executed DbCommand (1ms) [Parameters=[@__id_0='?' (DbType = Guid)], CommandType='"Text"', CommandTimeout='30']
SELECT `s`.`subject_id`, `s`.`credits`, `s`.`name`, `s`.`professor_id`, `p`.`professor_id`, `p`.`full_name`
FROM `subjects` AS `s`
INNER JOIN `professors` AS `p` ON `s`.`professor_id` = `p`.`professor_id`
WHERE `s`.`subject_id` = @__id_0
LIMIT 1
2026-05-03 19:27:42.291 -05:00 [INF] Executed action StudentRegistration.Presentation.Controllers.EnrollmentsController.Enroll (StudentRegistration.Presentation) in 61.2412ms
2026-05-03 19:27:42.292 -05:00 [INF] Executed endpoint 'StudentRegistration.Presentation.Controllers.EnrollmentsController.Enroll (StudentRegistration.Presentation)'
2026-05-03 19:27:42.294 -05:00 [ERR] HTTP POST /api/v1/students/77e354a0-a13e-4fa1-b576-a5b9e0782214/enrollments responded 500 in 66.0849 ms
StudentRegistration.Domain.Exceptions.SameProfessorConflictException: El estudiante ya tiene una materia con este profesor.
   at StudentRegistration.Domain.Entities.Student.AddEnrollment(Subject subject) in C:\Users\VALERIA\source\repos\StudentRegistration.API\StudentRegistration.Domain\Entities\Student.cs:line 105
   at StudentRegistration.Application.UseCases.EnrollStudentUseCase.ExecuteAsync(EnrollStudentCommand request, CancellationToken ct)
   at StudentRegistration.Presentation.Controllers.EnrollmentsController.Enroll(Guid studentId, EnrollStudentCommand command, CancellationToken ct)
   at Microsoft.AspNetCore.Mvc.Infrastructure.ActionMethodExecutor.TaskOfIActionResultExecutor.Execute(ActionContext actionContext, IActionResultTypeMapper mapper, ObjectMethodExecutor executor, Object controller, Object[] arguments)
   at Microsoft.AspNetCore.Mvc.Infrastructure.ControllerActionInvoker.<InvokeActionMethodAsync>g__Awaited|12_0(ControllerActionInvoker invoker, ValueTask`1 actionResultValueTask)
   at Microsoft.AspNetCore.Mvc.Infrastructure.ControllerActionInvoker.<InvokeNextActionFilterAsync>g__Awaited|10_0(ControllerActionInvoker invoker, Task lastTask, State next, Scope scope, Object state, Boolean isCompleted)
   at Microsoft.AspNetCore.Mvc.Infrastructure.ControllerActionInvoker.Rethrow(ActionExecutedContextSealed context)
   at Microsoft.AspNetCore.Mvc.Infrastructure.ControllerActionInvoker.Next(State& next, Scope& scope, Object& state, Boolean& isCompleted)
   at Microsoft.AspNetCore.Mvc.Infrastructure.ControllerActionInvoker.<InvokeInnerFilterAsync>g__Awaited|13_0(ControllerActionInvoker invoker, Task lastTask, State next, Scope scope, Object state, Boolean isCompleted)
   at Microsoft.AspNetCore.Mvc.Infrastructure.ResourceInvoker.<InvokeFilterPipelineAsync>g__Awaited|20_0(ResourceInvoker invoker, Task lastTask, State next, Scope scope, Object state, Boolean isCompleted)
   at Microsoft.AspNetCore.Mvc.Infrastructure.ResourceInvoker.<InvokeAsync>g__Logged|17_1(ResourceInvoker invoker)
   at Microsoft.AspNetCore.Mvc.Infrastructure.ResourceInvoker.<InvokeAsync>g__Logged|17_1(ResourceInvoker invoker)
   at Microsoft.AspNetCore.Routing.EndpointMiddleware.<Invoke>g__AwaitRequestTask|7_0(Endpoint endpoint, Task requestTask, ILogger logger)
   at Microsoft.AspNetCore.Authorization.AuthorizationMiddleware.Invoke(HttpContext context)
   at Swashbuckle.AspNetCore.SwaggerUI.SwaggerUIMiddleware.Invoke(HttpContext httpContext)
   at Swashbuckle.AspNetCore.Swagger.SwaggerMiddleware.Invoke(HttpContext httpContext, ISwaggerProvider swaggerProvider)
   at Serilog.AspNetCore.RequestLoggingMiddleware.Invoke(HttpContext httpContext)
2026-05-03 19:27:42.354 -05:00 [WRN] Domain exception: El estudiante ya tiene una materia con este profesor.. TraceId: 0HNL9BU891P48:00000001
2026-05-03 19:27:42.356 -05:00 [INF] Request finished HTTP/1.1 POST https://localhost:7082/api/v1/students/77e354a0-a13e-4fa1-b576-a5b9e0782214/enrollments - 422 null application/json 130.9622ms
2026-05-03 19:27:46.781 -05:00 [INF] Request starting HTTP/1.1 POST https://localhost:7082/api/v1/students/77e354a0-a13e-4fa1-b576-a5b9e0782214/enrollments - application/json 52
2026-05-03 19:27:46.783 -05:00 [INF] No CORS policy found for the specified request.
2026-05-03 19:27:46.784 -05:00 [INF] Executing endpoint 'StudentRegistration.Presentation.Controllers.EnrollmentsController.Enroll (StudentRegistration.Presentation)'
2026-05-03 19:27:46.785 -05:00 [INF] Route matched with {action = "Enroll", controller = "Enrollments"}. Executing controller action with signature System.Threading.Tasks.Task`1[Microsoft.AspNetCore.Mvc.IActionResult] Enroll(System.Guid, StudentRegistration.Application.Commands.EnrollStudentCommand, System.Threading.CancellationToken) on controller StudentRegistration.Presentation.Controllers.EnrollmentsController (StudentRegistration.Presentation).
2026-05-03 19:27:46.786 -05:00 [INF] Enrolling student "77e354a0-a13e-4fa1-b576-a5b9e0782214" in subject "20000000-0000-0000-0000-000000000001"
2026-05-03 19:27:46.791 -05:00 [INF] Executed DbCommand (2ms) [Parameters=[@__id_0='?' (DbType = Guid)], CommandType='"Text"', CommandTimeout='30']
SELECT `t`.`student_id`, `t`.`created_at`, `t`.`document_number`, `t`.`email`, `t`.`full_name`, `t`.`is_active`, `t`.`updated_at`, `t0`.`enrollment_id`, `t0`.`enrolled_at`, `t0`.`is_active`, `t0`.`professor_id`, `t0`.`student_id`, `t0`.`subject_id`, `t0`.`subject_id0`, `t0`.`credits`, `t0`.`name`, `t0`.`professor_id0`, `t0`.`professor_id1`, `t0`.`full_name`
FROM (
    SELECT `s`.`student_id`, `s`.`created_at`, `s`.`document_number`, `s`.`email`, `s`.`full_name`, `s`.`is_active`, `s`.`updated_at`
    FROM `students` AS `s`
    WHERE `s`.`student_id` = @__id_0
    LIMIT 1
) AS `t`
LEFT JOIN (
    SELECT `e`.`enrollment_id`, `e`.`enrolled_at`, `e`.`is_active`, `e`.`professor_id`, `e`.`student_id`, `e`.`subject_id`, `s0`.`subject_id` AS `subject_id0`, `s0`.`credits`, `s0`.`name`, `s0`.`professor_id` AS `professor_id0`, `p`.`professor_id` AS `professor_id1`, `p`.`full_name`
    FROM `enrollments` AS `e`
    INNER JOIN `subjects` AS `s0` ON `e`.`subject_id` = `s0`.`subject_id`
    INNER JOIN `professors` AS `p` ON `s0`.`professor_id` = `p`.`professor_id`
) AS `t0` ON `t`.`student_id` = `t0`.`student_id`
ORDER BY `t`.`student_id`, `t0`.`enrollment_id`, `t0`.`subject_id0`
2026-05-03 19:27:46.796 -05:00 [INF] Executed DbCommand (1ms) [Parameters=[@__id_0='?' (DbType = Guid)], CommandType='"Text"', CommandTimeout='30']
SELECT `s`.`subject_id`, `s`.`credits`, `s`.`name`, `s`.`professor_id`, `p`.`professor_id`, `p`.`full_name`
FROM `subjects` AS `s`
INNER JOIN `professors` AS `p` ON `s`.`professor_id` = `p`.`professor_id`
WHERE `s`.`subject_id` = @__id_0
LIMIT 1
2026-05-03 19:27:46.801 -05:00 [INF] Executed DbCommand (1ms) [Parameters=[@p0='?' (DbType = Guid), @p1='?' (DbType = DateTime), @p2='?' (DbType = Guid), @p3='?' (DbType = Guid), @p4='?' (DbType = Guid), @p11='?' (DbType = Guid), @p5='?' (DbType = DateTime), @p6='?' (Size = 20), @p7='?' (Size = 255), @p8='?' (Size = 150), @p9='?' (DbType = Boolean), @p10='?' (DbType = DateTime)], CommandType='"Text"', CommandTimeout='30']
INSERT INTO `enrollments` (`enrollment_id`, `enrolled_at`, `professor_id`, `student_id`, `subject_id`)
VALUES (@p0, @p1, @p2, @p3, @p4);
SELECT `is_active`
FROM `enrollments`
WHERE ROW_COUNT() = 1 AND `enrollment_id` = @p0;

UPDATE `students` SET `created_at` = @p5, `document_number` = @p6, `email` = @p7, `full_name` = @p8, `is_active` = @p9, `updated_at` = @p10
WHERE `student_id` = @p11;
SELECT ROW_COUNT();
2026-05-03 19:27:46.806 -05:00 [INF] Student "77e354a0-a13e-4fa1-b576-a5b9e0782214" enrolled in subject "20000000-0000-0000-0000-000000000001"
2026-05-03 19:27:46.807 -05:00 [INF] Executing ObjectResult, writing value of type 'StudentRegistration.Application.DTOs.EnrollmentDto'.
2026-05-03 19:27:46.809 -05:00 [INF] Executed action StudentRegistration.Presentation.Controllers.EnrollmentsController.Enroll (StudentRegistration.Presentation) in 22.6082ms
2026-05-03 19:27:46.810 -05:00 [INF] Executed endpoint 'StudentRegistration.Presentation.Controllers.EnrollmentsController.Enroll (StudentRegistration.Presentation)'
2026-05-03 19:27:46.811 -05:00 [INF] HTTP POST /api/v1/students/77e354a0-a13e-4fa1-b576-a5b9e0782214/enrollments responded 201 in 27.2913 ms
2026-05-03 19:27:46.812 -05:00 [INF] Request finished HTTP/1.1 POST https://localhost:7082/api/v1/students/77e354a0-a13e-4fa1-b576-a5b9e0782214/enrollments - 201 null application/json; charset=utf-8 31.3528ms
2026-05-03 19:27:46.821 -05:00 [INF] Request starting HTTP/1.1 GET https://localhost:7082/api/v1/students/77e354a0-a13e-4fa1-b576-a5b9e0782214 - null null
2026-05-03 19:27:46.823 -05:00 [INF] Executing endpoint 'StudentRegistration.Presentation.Controllers.StudentsController.GetById (StudentRegistration.Presentation)'
2026-05-03 19:27:46.824 -05:00 [INF] Route matched with {action = "GetById", controller = "Students"}. Executing controller action with signature System.Threading.Tasks.Task`1[Microsoft.AspNetCore.Mvc.IActionResult] GetById(System.Guid, System.Threading.CancellationToken) on controller StudentRegistration.Presentation.Controllers.StudentsController (StudentRegistration.Presentation).
2026-05-03 19:27:46.825 -05:00 [INF] Getting student "77e354a0-a13e-4fa1-b576-a5b9e0782214"
2026-05-03 19:27:46.830 -05:00 [INF] Executed DbCommand (2ms) [Parameters=[@__id_0='?' (DbType = Guid)], CommandType='"Text"', CommandTimeout='30']
SELECT `t`.`student_id`, `t`.`created_at`, `t`.`document_number`, `t`.`email`, `t`.`full_name`, `t`.`is_active`, `t`.`updated_at`, `t0`.`enrollment_id`, `t0`.`enrolled_at`, `t0`.`is_active`, `t0`.`professor_id`, `t0`.`student_id`, `t0`.`subject_id`, `t0`.`subject_id0`, `t0`.`credits`, `t0`.`name`, `t0`.`professor_id0`, `t0`.`professor_id1`, `t0`.`full_name`
FROM (
    SELECT `s`.`student_id`, `s`.`created_at`, `s`.`document_number`, `s`.`email`, `s`.`full_name`, `s`.`is_active`, `s`.`updated_at`
    FROM `students` AS `s`
    WHERE `s`.`student_id` = @__id_0
    LIMIT 1
) AS `t`
LEFT JOIN (
    SELECT `e`.`enrollment_id`, `e`.`enrolled_at`, `e`.`is_active`, `e`.`professor_id`, `e`.`student_id`, `e`.`subject_id`, `s0`.`subject_id` AS `subject_id0`, `s0`.`credits`, `s0`.`name`, `s0`.`professor_id` AS `professor_id0`, `p`.`professor_id` AS `professor_id1`, `p`.`full_name`
    FROM `enrollments` AS `e`
    INNER JOIN `subjects` AS `s0` ON `e`.`subject_id` = `s0`.`subject_id`
    INNER JOIN `professors` AS `p` ON `s0`.`professor_id` = `p`.`professor_id`
) AS `t0` ON `t`.`student_id` = `t0`.`student_id`
ORDER BY `t`.`student_id`, `t0`.`enrollment_id`, `t0`.`subject_id0`
2026-05-03 19:27:46.832 -05:00 [INF] Student "77e354a0-a13e-4fa1-b576-a5b9e0782214" retrieved
2026-05-03 19:27:46.833 -05:00 [INF] Executing OkObjectResult, writing value of type 'StudentRegistration.Application.DTOs.StudentDto'.
2026-05-03 19:27:46.833 -05:00 [INF] Executed action StudentRegistration.Presentation.Controllers.StudentsController.GetById (StudentRegistration.Presentation) in 8.4964ms
2026-05-03 19:27:46.834 -05:00 [INF] Executed endpoint 'StudentRegistration.Presentation.Controllers.StudentsController.GetById (StudentRegistration.Presentation)'
2026-05-03 19:27:46.835 -05:00 [INF] HTTP GET /api/v1/students/77e354a0-a13e-4fa1-b576-a5b9e0782214 responded 200 in 12.7674 ms
2026-05-03 19:27:46.837 -05:00 [INF] Request finished HTTP/1.1 GET https://localhost:7082/api/v1/students/77e354a0-a13e-4fa1-b576-a5b9e0782214 - 200 null application/json; charset=utf-8 15.8734ms
2026-05-03 19:27:51.117 -05:00 [INF] Request starting HTTP/1.1 DELETE https://localhost:7082/api/v1/students/77e354a0-a13e-4fa1-b576-a5b9e0782214 - null 0
2026-05-03 19:27:51.119 -05:00 [INF] No CORS policy found for the specified request.
2026-05-03 19:27:51.120 -05:00 [INF] Executing endpoint 'StudentRegistration.Presentation.Controllers.StudentsController.Delete (StudentRegistration.Presentation)'
2026-05-03 19:27:51.123 -05:00 [INF] Route matched with {action = "Delete", controller = "Students"}. Executing controller action with signature System.Threading.Tasks.Task`1[Microsoft.AspNetCore.Mvc.IActionResult] Delete(System.Guid, System.Threading.CancellationToken) on controller StudentRegistration.Presentation.Controllers.StudentsController (StudentRegistration.Presentation).
2026-05-03 19:27:51.126 -05:00 [INF] Deleting student "77e354a0-a13e-4fa1-b576-a5b9e0782214"
2026-05-03 19:27:51.130 -05:00 [INF] Executed DbCommand (1ms) [Parameters=[@__id_0='?' (DbType = Guid)], CommandType='"Text"', CommandTimeout='30']
SELECT `t`.`student_id`, `t`.`created_at`, `t`.`document_number`, `t`.`email`, `t`.`full_name`, `t`.`is_active`, `t`.`updated_at`, `t0`.`enrollment_id`, `t0`.`enrolled_at`, `t0`.`is_active`, `t0`.`professor_id`, `t0`.`student_id`, `t0`.`subject_id`, `t0`.`subject_id0`, `t0`.`credits`, `t0`.`name`, `t0`.`professor_id0`, `t0`.`professor_id1`, `t0`.`full_name`
FROM (
    SELECT `s`.`student_id`, `s`.`created_at`, `s`.`document_number`, `s`.`email`, `s`.`full_name`, `s`.`is_active`, `s`.`updated_at`
    FROM `students` AS `s`
    WHERE `s`.`student_id` = @__id_0
    LIMIT 1
) AS `t`
LEFT JOIN (
    SELECT `e`.`enrollment_id`, `e`.`enrolled_at`, `e`.`is_active`, `e`.`professor_id`, `e`.`student_id`, `e`.`subject_id`, `s0`.`subject_id` AS `subject_id0`, `s0`.`credits`, `s0`.`name`, `s0`.`professor_id` AS `professor_id0`, `p`.`professor_id` AS `professor_id1`, `p`.`full_name`
    FROM `enrollments` AS `e`
    INNER JOIN `subjects` AS `s0` ON `e`.`subject_id` = `s0`.`subject_id`
    INNER JOIN `professors` AS `p` ON `s0`.`professor_id` = `p`.`professor_id`
) AS `t0` ON `t`.`student_id` = `t0`.`student_id`
ORDER BY `t`.`student_id`, `t0`.`enrollment_id`, `t0`.`subject_id0`
2026-05-03 19:27:51.138 -05:00 [INF] Executed DbCommand (1ms) [Parameters=[@p1='?' (DbType = Guid), @p0='?' (DbType = Boolean), @p3='?' (DbType = Guid), @p2='?' (DbType = Boolean), @p5='?' (DbType = Guid), @p4='?' (DbType = Boolean), @p12='?' (DbType = Guid), @p6='?' (DbType = DateTime), @p7='?' (Size = 20), @p8='?' (Size = 255), @p9='?' (Size = 150), @p10='?' (DbType = Boolean), @p11='?' (DbType = DateTime)], CommandType='"Text"', CommandTimeout='30']
UPDATE `enrollments` SET `is_active` = @p0
WHERE `enrollment_id` = @p1;
SELECT ROW_COUNT();

UPDATE `enrollments` SET `is_active` = @p2
WHERE `enrollment_id` = @p3;
SELECT ROW_COUNT();

UPDATE `enrollments` SET `is_active` = @p4
WHERE `enrollment_id` = @p5;
SELECT ROW_COUNT();

UPDATE `students` SET `created_at` = @p6, `document_number` = @p7, `email` = @p8, `full_name` = @p9, `is_active` = @p10, `updated_at` = @p11
WHERE `student_id` = @p12;
SELECT ROW_COUNT();
2026-05-03 19:27:51.144 -05:00 [INF] Student "77e354a0-a13e-4fa1-b576-a5b9e0782214" deactivated
2026-05-03 19:27:51.145 -05:00 [INF] Executing StatusCodeResult, setting HTTP status code 204
2026-05-03 19:27:51.146 -05:00 [INF] Executed action StudentRegistration.Presentation.Controllers.StudentsController.Delete (StudentRegistration.Presentation) in 21.1852ms
2026-05-03 19:27:51.147 -05:00 [INF] Executed endpoint 'StudentRegistration.Presentation.Controllers.StudentsController.Delete (StudentRegistration.Presentation)'
2026-05-03 19:27:51.147 -05:00 [INF] HTTP DELETE /api/v1/students/77e354a0-a13e-4fa1-b576-a5b9e0782214 responded 204 in 27.8299 ms
2026-05-03 19:27:51.149 -05:00 [INF] Request finished HTTP/1.1 DELETE https://localhost:7082/api/v1/students/77e354a0-a13e-4fa1-b576-a5b9e0782214 - 204 null null 31.8771ms
2026-05-03 19:27:51.189 -05:00 [INF] Request starting HTTP/1.1 GET https://localhost:7082/api/v1/students - null null
2026-05-03 19:27:51.191 -05:00 [INF] Executing endpoint 'StudentRegistration.Presentation.Controllers.StudentsController.GetAll (StudentRegistration.Presentation)'
2026-05-03 19:27:51.192 -05:00 [INF] Route matched with {action = "GetAll", controller = "Students"}. Executing controller action with signature System.Threading.Tasks.Task`1[Microsoft.AspNetCore.Mvc.IActionResult] GetAll(System.Threading.CancellationToken) on controller StudentRegistration.Presentation.Controllers.StudentsController (StudentRegistration.Presentation).
2026-05-03 19:27:51.193 -05:00 [INF] Getting all active students
2026-05-03 19:27:51.198 -05:00 [INF] Executed DbCommand (2ms) [Parameters=[], CommandType='"Text"', CommandTimeout='30']
SELECT `s`.`student_id`, `s`.`created_at`, `s`.`document_number`, `s`.`email`, `s`.`full_name`, `s`.`is_active`, `s`.`updated_at`, `e`.`enrollment_id`, `e`.`enrolled_at`, `e`.`is_active`, `e`.`professor_id`, `e`.`student_id`, `e`.`subject_id`
FROM `students` AS `s`
LEFT JOIN `enrollments` AS `e` ON `s`.`student_id` = `e`.`student_id`
ORDER BY `s`.`student_id`
2026-05-03 19:27:51.200 -05:00 [INF] Found 3 active students
2026-05-03 19:27:51.201 -05:00 [INF] Executing OkObjectResult, writing value of type 'System.Collections.Generic.List`1[[StudentRegistration.Application.DTOs.StudentSummaryDto, StudentRegistration.Application, Version=1.0.0.0, Culture=neutral, PublicKeyToken=null]]'.
2026-05-03 19:27:51.202 -05:00 [INF] Executed action StudentRegistration.Presentation.Controllers.StudentsController.GetAll (StudentRegistration.Presentation) in 8.3361ms
2026-05-03 19:27:51.203 -05:00 [INF] Executed endpoint 'StudentRegistration.Presentation.Controllers.StudentsController.GetAll (StudentRegistration.Presentation)'
2026-05-03 19:27:51.204 -05:00 [INF] HTTP GET /api/v1/students responded 200 in 12.7157 ms
2026-05-03 19:27:51.205 -05:00 [INF] Request finished HTTP/1.1 GET https://localhost:7082/api/v1/students - 200 null application/json; charset=utf-8 16.3324ms
2026-05-03 19:27:54.849 -05:00 [INF] Request starting HTTP/1.1 GET https://localhost:7082/api/v1/students - null null
2026-05-03 19:27:54.852 -05:00 [INF] Executing endpoint 'StudentRegistration.Presentation.Controllers.StudentsController.GetAll (StudentRegistration.Presentation)'
2026-05-03 19:27:54.853 -05:00 [INF] Route matched with {action = "GetAll", controller = "Students"}. Executing controller action with signature System.Threading.Tasks.Task`1[Microsoft.AspNetCore.Mvc.IActionResult] GetAll(System.Threading.CancellationToken) on controller StudentRegistration.Presentation.Controllers.StudentsController (StudentRegistration.Presentation).
2026-05-03 19:27:54.856 -05:00 [INF] Getting all active students
2026-05-03 19:27:54.862 -05:00 [INF] Executed DbCommand (2ms) [Parameters=[], CommandType='"Text"', CommandTimeout='30']
SELECT `s`.`student_id`, `s`.`created_at`, `s`.`document_number`, `s`.`email`, `s`.`full_name`, `s`.`is_active`, `s`.`updated_at`, `e`.`enrollment_id`, `e`.`enrolled_at`, `e`.`is_active`, `e`.`professor_id`, `e`.`student_id`, `e`.`subject_id`
FROM `students` AS `s`
LEFT JOIN `enrollments` AS `e` ON `s`.`student_id` = `e`.`student_id`
ORDER BY `s`.`student_id`
2026-05-03 19:27:54.865 -05:00 [INF] Found 3 active students
2026-05-03 19:27:54.867 -05:00 [INF] Executing OkObjectResult, writing value of type 'System.Collections.Generic.List`1[[StudentRegistration.Application.DTOs.StudentSummaryDto, StudentRegistration.Application, Version=1.0.0.0, Culture=neutral, PublicKeyToken=null]]'.
2026-05-03 19:27:54.868 -05:00 [INF] Executed action StudentRegistration.Presentation.Controllers.StudentsController.GetAll (StudentRegistration.Presentation) in 12.3634ms
2026-05-03 19:27:54.870 -05:00 [INF] Executed endpoint 'StudentRegistration.Presentation.Controllers.StudentsController.GetAll (StudentRegistration.Presentation)'
2026-05-03 19:27:54.871 -05:00 [INF] HTTP GET /api/v1/students responded 200 in 19.6111 ms
2026-05-03 19:27:54.873 -05:00 [INF] Request finished HTTP/1.1 GET https://localhost:7082/api/v1/students - 200 null application/json; charset=utf-8 24.4295ms
